id,filename,category_folder,asset_type,title,artist,description,source_name,source_url,download_url,creator,license,license_url,attribution_required,attribution_text,format,width,height,duration_sec,bpm,has_alpha,keywords,creative_uses,combo_tags,reference_match,watermark,low_res,download_status,notes,qc_exists,qc_opens,qc_flags,bytes,sha256,similar_to,thumbnail,agent,channels,frames,has_audio,sample_rate
Aaf25be8f,01_VIDEO/vid_bevy_atmosphere_sky_050.mp4,01_VIDEO,video,,,Procedural sky atmosphere sunset time-lapse,GitHub: bevyengine/bevy-website,https://github.com/bevyengine/bevy-website/blob/main/content/news/2025-04-24-bevy-0.16/atmosphere-showcase.mp4,https://raw.githubusercontent.com/bevyengine/bevy-website/main/content/news/2025-04-24-bevy-0.16/atmosphere-showcase.mp4,Bevy Engine contributors,MIT (repo-level; clip may show third-party sample assets),https://github.com/bevyengine/bevy-website/blob/main/LICENSE,True,"Bevy Engine website media, (c) Bevy Engine, MIT License",mp4,1280,720,26.18,,False,sky; sunset; atmosphere; 3d; real-time; engine,glitchy tech cutaway; abstract loop bg,loop-bg; glitch-transition,medium,False,False,downloaded,Game-engine feature demo; may contain third-party sample assets (MIT at repo level).,True,True,attribution_required; license_caveat,1879941,63d08a5c02a8e7d0f938cb7b540f919d7b9b78ad0acb2317ff2dff5fd391d778,,09_PREVIEWS/thumbs/Aaf25be8f.jpg,A,,,False,
A1c9aa39c,01_VIDEO/vid_bevy_earth_parallax_046.mp4,01_VIDEO,video,,,Earth globe with parallax-mapped surface rotating,GitHub: bevyengine/bevy-website,https://github.com/bevyengine/bevy-website/blob/main/content/news/2023-07-09-bevy-0.11/earth-parallax.mp4,https://raw.githubusercontent.com/bevyengine/bevy-website/main/content/news/2023-07-09-bevy-0.11/earth-parallax.mp4,Bevy Engine contributors,MIT (repo-level; clip may show third-party sample assets),https://github.com/bevyengine/bevy-website/blob/main/LICENSE,True,"Bevy Engine website media, (c) Bevy Engine, MIT License",mp4,1280,716,27.48,,False,earth; planet; parallax; 3d; real-time; engine,glitchy tech cutaway; abstract loop bg,loop-bg; glitch-transition,medium,False,False,downloaded,Game-engine feature demo; may contain third-party sample assets (MIT at repo level).,True,True,attribution_required; license_caveat,10891461,c6efe7e6c1756d33321a7c9aa1a13f0f62ad83dc479250c339474ad0acae1d3d,,09_PREVIEWS/thumbs/A1c9aa39c.jpg,A,,,False,
Ae757232f,01_VIDEO/vid_bevy_force_field_044.mp4,01_VIDEO,video,,,Glowing sci-fi force field shader around objects,GitHub: bevyengine/bevy-website,https://github.com/bevyengine/bevy-website/blob/main/content/news/2023-03-06-bevy-0.10/force_field.mp4,https://raw.githubusercontent.com/bevyengine/bevy-website/main/content/news/2023-03-06-bevy-0.10/force_field.mp4,Bevy Engine contributors,MIT (repo-level; clip may show third-party sample assets),https://github.com/bevyengine/bevy-website/blob/main/LICENSE,True,"Bevy Engine website media, (c) Bevy Engine, MIT License",mp4,1280,720,15.67,,False,forcefield; glow; shader; 3d; real-time; engine,glitchy tech cutaway; abstract loop bg,loop-bg; glitch-transition,medium,False,False,downloaded,Game-engine feature demo; may contain third-party sample assets (MIT at repo level).,True,True,attribution_required; license_caveat,4480473,47485e06f5b79ee58d87217dfd016d84aed92e55bfbdbd1d3eb040ba11118c1a,,09_PREVIEWS/thumbs/Ae757232f.jpg,A,,,False,
Ac8838c40,01_VIDEO/vid_bevy_light_textures_040.mp4,01_VIDEO,video,,,Projected light-texture patterns on 3D surfaces (gobo style),GitHub: bevyengine/bevy-website,https://github.com/bevyengine/bevy-website/blob/main/content/news/2025-09-30-bevy-0.17/light_textures.mp4,https://raw.githubusercontent.com/bevyengine/bevy-website/main/content/news/2025-09-30-bevy-0.17/light_textures.mp4,Bevy Engine contributors,MIT (repo-level; clip may show third-party sample assets),https://github.com/bevyengine/bevy-website/blob/main/LICENSE,True,"Bevy Engine website media, (c) Bevy Engine, MIT License",mp4,1280,720,7.0,,False,light; projector; pattern; 3d; real-time; engine,glitchy tech cutaway; abstract loop bg,loop-bg; glitch-transition,medium,False,False,downloaded,Game-engine feature demo; may contain third-party sample assets (MIT at repo level).,True,True,attribution_required; license_caveat,1011982,4800442f1b7d856ae8ea7cb3ba2cb1c02f49176989462b0cf24e889b14d2a8aa,,09_PREVIEWS/thumbs/Ac8838c40.jpg,A,,,False,
Aa345f7fb,01_VIDEO/vid_bevy_many_bunnies_038.mp4,01_VIDEO,video,,,Thousands of pixel-ish bunny sprites bouncing around a screen (Bevy),GitHub: bevyengine/bevy-website,https://github.com/bevyengine/bevy-website/blob/main/content/news/2024-07-04-bevy-0.14/many_bunnies.mp4,https://raw.githubusercontent.com/bevyengine/bevy-website/main/content/news/2024-07-04-bevy-0.14/many_bunnies.mp4,Bevy Engine contributors,MIT (repo-level; clip may show third-party sample assets),https://github.com/bevyengine/bevy-website/blob/main/LICENSE,True,"Bevy Engine website media, (c) Bevy Engine, MIT License",mp4,1274,714,18.51,,False,bunnies; sprites; swarm; bounce; 3d; real-time; engine,glitchy tech cutaway; abstract loop bg,loop-bg; glitch-transition,medium,False,False,downloaded,Game-engine feature demo; may contain third-party sample assets (MIT at repo level).,True,True,attribution_required; license_caveat,2513074,f4075ea3ba0a0f560e59ff1450d8b0be5011159500a7bb399fc4ab35c40692cd,,09_PREVIEWS/thumbs/Aa345f7fb.jpg,A,,,True,
A68828699,01_VIDEO/vid_bevy_marbles_043.mp4,01_VIDEO,video,,,Colourful marbles rolling in a 3D physics scene,GitHub: bevyengine/bevy-website,https://github.com/bevyengine/bevy-website/blob/main/content/news/2022-07-30-bevy-0.8/marbles.mp4,https://raw.githubusercontent.com/bevyengine/bevy-website/main/content/news/2022-07-30-bevy-0.8/marbles.mp4,Bevy Engine contributors,MIT (repo-level; clip may show third-party sample assets),https://github.com/bevyengine/bevy-website/blob/main/LICENSE,True,"Bevy Engine website media, (c) Bevy Engine, MIT License",mp4,1280,720,6.02,,False,marbles; physics; colourful; 3d; real-time; engine,glitchy tech cutaway; abstract loop bg,loop-bg; glitch-transition,medium,False,False,downloaded,Game-engine feature demo; may contain third-party sample assets (MIT at repo level).,True,True,attribution_required; license_caveat,1413816,8edb1c22aae09c29f19dcd17d4336439e9f4e217e87df6450cd65152a405b946,,09_PREVIEWS/thumbs/A68828699.jpg,A,,,False,
Ab8275d56,01_VIDEO/vid_bevy_portals_052.mp4,01_VIDEO,video,,,Portal-like render-to-texture windows between scenes,GitHub: bevyengine/bevy-website,https://github.com/bevyengine/bevy-website/blob/main/content/news/2022-07-30-bevy-0.8/portals.mp4,https://raw.githubusercontent.com/bevyengine/bevy-website/main/content/news/2022-07-30-bevy-0.8/portals.mp4,Bevy Engine contributors,MIT (repo-level; clip may show third-party sample assets),https://github.com/bevyengine/bevy-website/blob/main/LICENSE,True,"Bevy Engine website media, (c) Bevy Engine, MIT License",mp4,1280,720,21.0,,False,portal; window; 3d; 3d; real-time; engine,glitchy tech cutaway; abstract loop bg,loop-bg; glitch-transition,medium,False,False,downloaded,Game-engine feature demo; may contain third-party sample assets (MIT at repo level).,True,True,attribution_required; license_caveat,9316299,38bb78eedff66444b529371ea9f6c77480b689b4a62f0504cbabc2eed1018544,,09_PREVIEWS/thumbs/Ab8275d56.jpg,A,,,False,
Ae7257f6d,01_VIDEO/vid_bevy_render_to_texture_045.mp4,01_VIDEO,video,,,Render-to-texture: rotating cube showing another camera view (screen-in-screen),GitHub: bevyengine/bevy-website,https://github.com/bevyengine/bevy-website/blob/main/content/news/2022-04-15-bevy-0.7/render_to_texture.mp4,https://raw.githubusercontent.com/bevyengine/bevy-website/main/content/news/2022-04-15-bevy-0.7/render_to_texture.mp4,Bevy Engine contributors,MIT (repo-level; clip may show third-party sample assets),https://github.com/bevyengine/bevy-website/blob/main/LICENSE,True,"Bevy Engine website media, (c) Bevy Engine, MIT License",mp4,1280,720,6.15,,False,render texture; cube; screen; 3d; real-time; engine,glitchy tech cutaway; abstract loop bg,loop-bg; glitch-transition,medium,False,False,downloaded,Game-engine feature demo; may contain third-party sample assets (MIT at repo level).,True,True,attribution_required; license_caveat,299614,efbcce21a6a6140bdd49d924b56258134cbca665fd8277d30fe92e1e8824db40,,09_PREVIEWS/thumbs/Ae7257f6d.jpg,A,,,False,
A879271b0,01_VIDEO/vid_bevy_scrolling_fog_039.mp4,01_VIDEO,video,,,Volumetric scrolling fog drifting through a 3D scene,GitHub: bevyengine/bevy-website,https://github.com/bevyengine/bevy-website/blob/main/content/news/2024-11-29-bevy-0.15/scrolling_fog.mp4,https://raw.githubusercontent.com/bevyengine/bevy-website/main/content/news/2024-11-29-bevy-0.15/scrolling_fog.mp4,Bevy Engine contributors,MIT (repo-level; clip may show third-party sample assets),https://github.com/bevyengine/bevy-website/blob/main/LICENSE,True,"Bevy Engine website media, (c) Bevy Engine, MIT License",mp4,1280,720,21.5,,False,fog; volumetric; atmosphere; 3d; real-time; engine,glitchy tech cutaway; abstract loop bg,loop-bg; glitch-transition,medium,False,False,downloaded,Game-engine feature demo; may contain third-party sample assets (MIT at repo level).,True,True,attribution_required; license_caveat,4889560,5fa8a396238a73498304b8e9d61e13eb26c9d54cd527de1498753b202aed7589,,09_PREVIEWS/thumbs/A879271b0.jpg,A,,,True,
Af6fbbd31,01_VIDEO/vid_bevy_shader_material_042.mp4,01_VIDEO,video,,,Custom shader material animating colour on a 3D mesh,GitHub: bevyengine/bevy-website,https://github.com/bevyengine/bevy-website/blob/main/content/news/2022-07-30-bevy-0.8/shader_material.mp4,https://raw.githubusercontent.com/bevyengine/bevy-website/main/content/news/2022-07-30-bevy-0.8/shader_material.mp4,Bevy Engine contributors,MIT (repo-level; clip may show third-party sample assets),https://github.com/bevyengine/bevy-website/blob/main/LICENSE,True,"Bevy Engine website media, (c) Bevy Engine, MIT License",mp4,1280,720,6.37,,False,shader; material; abstract; 3d; real-time; engine,glitchy tech cutaway; abstract loop bg,loop-bg; glitch-transition,medium,False,False,downloaded,Game-engine feature demo; may contain third-party sample assets (MIT at repo level).,True,True,attribution_required; license_caveat,830022,9b09d23935b0ea08be4095a9c3f5de0ac349322f69695613fde7525b1ad14354,,09_PREVIEWS/thumbs/Af6fbbd31.jpg,A,,,True,
A4ff3a2e3,01_VIDEO/vid_bevy_solari_raytraced_041.mp4,01_VIDEO,video,,,Real-time raytraced lighting demo scene,GitHub: bevyengine/bevy-website,https://github.com/bevyengine/bevy-website/blob/main/content/news/2025-09-30-bevy-0.17/solari.mp4,https://raw.githubusercontent.com/bevyengine/bevy-website/main/content/news/2025-09-30-bevy-0.17/solari.mp4,Bevy Engine contributors,MIT (repo-level; clip may show third-party sample assets),https://github.com/bevyengine/bevy-website/blob/main/LICENSE,True,"Bevy Engine website media, (c) Bevy Engine, MIT License",mp4,1280,720,25.0,,False,raytracing; light; 3d; 3d; real-time; engine,glitchy tech cutaway; abstract loop bg,loop-bg; glitch-transition,medium,False,False,downloaded,Game-engine feature demo; may contain third-party sample assets (MIT at repo level).,True,True,attribution_required; license_caveat,4409680,a82a3871b68b40f36bdbdf8b1547959311fa2457307b253bca489ab1cb50942f,,09_PREVIEWS/thumbs/A4ff3a2e3.jpg,A,,,False,
Aba49c09a,01_VIDEO/vid_big_buck_bunny_10s_075.mp4,01_VIDEO,video,,,"Big Buck Bunny 10s excerpt (Blender open movie), cartoon bunny scene",GitHub: GoogleChrome/samples,https://github.com/GoogleChrome/samples/blob/requestvideoframecallback/Big_Buck_Bunny_360_10s_20MB.mp4,https://raw.githubusercontent.com/GoogleChrome/samples/gh-pages/requestvideoframecallback/Big_Buck_Bunny_360_10s_20MB.mp4,Blender Foundation; hosted by GoogleChrome/samples,"CC-BY-3.0 (Big Buck Bunny, Blender Foundation); repo Apache-2.0",https://peach.blender.org/about/,True,"Big Buck Bunny (c) copyright 2008, Blender Foundation | www.bigbuckbunny.org, CC BY 3.0",mp4,640,360,10.0,,False,bunny; blender; cartoon; animation,playful animated cutaway in retro window,retro-window; match-cut,low,False,False,downloaded,"360p-ish short excerpt, 21MB original kept.",True,True,attribution_required,21245780,ebe243018f3737d56c12c2873e879e04a10559721bc914a8f9fb6b961dde2244,,09_PREVIEWS/thumbs/Aba49c09a.jpg,A,,,False,
A102b3458,01_VIDEO/vid_bulk_water_microscopy_073.mov,01_VIDEO,video,,,"Microscope footage of bulk water with drifting particles, speckled lo-fi grain",GitHub: soft-matter/pims,https://github.com/soft-matter/pims/blob/pims/tests/data/bulk-water.mov,https://raw.githubusercontent.com/soft-matter/pims/master/pims/tests/data/bulk-water.mov,soft-matter/pims contributors,BSD-3-Clause (repo-level),https://github.com/soft-matter/pims/blob/master/LICENSE,True,"PIMS test data, soft-matter/pims, BSD license",mov,640,424,20.02,,False,water; microscopy; particles; grain; science,lo-fi grainy plate; abstract dots wipe,loop-bg; glitch-transition,medium,False,False,downloaded,"Scientific test data; BSD repo-level license, original data provenance not stated per-file.",True,True,attribution_required; license_caveat,1099951,984a1251e4e8d01fea7464f4f0049c0220b45a236dd41b709702efa08938a1ac,,09_PREVIEWS/thumbs/A102b3458.jpg,A,,,False,
A33bc694e,01_VIDEO/vid_chroma_key_green_screen_072.mp4,01_VIDEO,video,,,"Talking-head style clip of a man against a flat yellow backdrop (MDN chroma-key demo), 320x192, easy to key",GitHub: mdn/dom-examples,https://github.com/mdn/dom-examples/blob/canvas/chroma-keying/media/video.mp4,https://raw.githubusercontent.com/mdn/dom-examples/main/canvas/chroma-keying/media/video.mp4,MDN Web Docs contributors,CC0-1.0,https://github.com/mdn/dom-examples/blob/main/LICENSE,False,,mp4,320,192,24.44,,False,person; yellow; chroma key; portrait; keyable,key out and drop into white canvas; isolated subject on paper,white-canvas-parade; paper-collage,medium,False,True,downloaded,,True,True,low_res,959535,ff88c19738cefc5b69c5764b2a621e560e8e4b14e3edc555803cdc08d6bd5eae,,09_PREVIEWS/thumbs/A33bc694e.jpg,A,,,True,
A7985854a,01_VIDEO/vid_city_street_cc0_060.mpg,01_VIDEO,video,,,Low-angle night time-lapse looking up at glowing teal skyscrapers (CC0 per filename),PyPI: Kivy-examples 2.3.1,https://pypi.org/project/Kivy-examples/,https://files.pythonhosted.org/ (pip download Kivy-examples==2.3.1 --no-deps),Kivy contributors,CC0-1.0 (file named cityCC0; package MIT),https://github.com/kivy/kivy/blob/master/LICENSE,False,,mpg,720,405,7.6,,False,city; skyscraper; night; teal; urban; timelapse,neon-ish urban contrast plate; scale contrast vs tiny pixel objects,pixel-to-real; loop-bg,medium,False,False,downloaded,"Shipped in the Kivy-examples wheel (widgets/cityCC0.mpg); MPEG-1 .mpg original, low-res. Source: pip download Kivy-examples==2.3.1 --no-deps.",True,True,,4573184,fe129d341e5b1a174336b956bf16d2b215a506c4a07f6fa3351a1e9b58ca0279,,09_PREVIEWS/thumbs/A7985854a.jpg,A,,,False,
Afc804d92,01_VIDEO/vid_conveyor_apple_broccoli_055.mp4,01_VIDEO,video,,,Green apple and broccoli sliding along a conveyor belt against a white wall,GitHub: intel-iot-devkit/sample-videos,https://github.com/intel-iot-devkit/sample-videos/blob/master/fruit-and-vegetable-detection.mp4,https://raw.githubusercontent.com/intel-iot-devkit/sample-videos/master/fruit-and-vegetable-detection.mp4,Intel IoT DevKit,CC-BY-4.0,https://github.com/intel-iot-devkit/sample-videos/blob/master/LICENSE,True,"Intel IoT DevKit sample-videos, CC BY 4.0 (https://github.com/intel-iot-devkit/sample-videos)",mp4,960,540,15.0,,False,apple; broccoli; conveyor; white; fruit,real object on off-white canvas; surveillance-lofi texture,white-canvas-parade; pixel-to-real,medium,False,False,downloaded,"Surveillance/test footage. Excerpt of source 3s-18s, stream copy (no re-encode).",True,True,attribution_required,4562915,d27dbb89b90e61cd74c11e0e63735b4ee03ba00a44a79f0c773428c7b71d690b,,09_PREVIEWS/thumbs/Afc804d92.jpg,A,,,False,
Ab2a07e59,01_VIDEO/vid_easycam_orbit_3d_090.gif,01_VIDEO,gif,,,Orbiting camera around simple 3D objects,GitHub: openframeworks/openFrameworks,https://github.com/openframeworks/openFrameworks/blob/master/examples/3d/easyCamExample/easyCamExample.gif,https://raw.githubusercontent.com/openframeworks/openFrameworks/master/examples/3d/easyCamExample/easyCamExample.gif,openFrameworks community,MIT,https://github.com/openframeworks/openFrameworks/blob/master/LICENSE.md,False,,gif,537,478,6.34,,False,3d; orbit; camera,abstract plate,loop-bg,low,False,False,downloaded,,True,True,,105799,597b50ca6e3bfb2b45830df5e283eababaaa68734712e53f0c93ca312cc01d5d,,09_PREVIEWS/thumbs/Ab2a07e59.jpg,A,,38,,
A5db2a1e5,01_VIDEO/vid_fingers_waving_084.mp4,01_VIDEO,video,,,"Black hand silhouette waving against a glowing white light blob (240p, lofi); gradient-map to thermal orange for the reaching-hand moment",GitHub: openframeworks/openFrameworks,https://github.com/openframeworks/openFrameworks/blob/master/examples/computer_vision/opencvExample/bin/data/fingers.mp4,https://raw.githubusercontent.com/openframeworks/openFrameworks/master/examples/computer_vision/opencvExample/bin/data/fingers.mp4,openFrameworks community,MIT,https://github.com/openframeworks/openFrameworks/blob/master/LICENSE.md,False,,mp4,320,240,28.04,,False,hand; silhouette; glow; backlit; lofi,gradient-map to orange thermal-glow hand; reaching hand beat,thermal-glow; match-cut,high,False,True,downloaded,,True,True,low_res,178466,a4ef07f236ae639aa3214e9e9851e84a1c9be07408d8e3bfb6f2df75d5e37415,01_VIDEO/vid_hands_moving_083.mp4,09_PREVIEWS/thumbs/A5db2a1e5.jpg,A,,,False,
Ac3daf275,01_VIDEO/vid_hand_motion_3s_085.mp4,01_VIDEO,video,,,Bare forearm and hand sweeping across frame against a pale wall (optical-flow demo clip),GitHub: openframeworks/openFrameworks,https://github.com/openframeworks/openFrameworks/blob/master/examples/computer_vision/opencvOpticalFlowExample/bin/data/Hand3s.mp4,https://raw.githubusercontent.com/openframeworks/openFrameworks/master/examples/computer_vision/opencvOpticalFlowExample/bin/data/Hand3s.mp4,openFrameworks community,MIT,https://github.com/openframeworks/openFrameworks/blob/master/LICENSE.md,False,,mp4,1280,720,9.1,,False,arm; hand; motion; pale wall,hand-reaching beat; white-canvas hand entrance,white-canvas-parade; match-cut,medium,False,False,downloaded,,True,True,,1557927,67b2f012c79161aecd9bbd94c24cecfaa98d6017809b08bf4e2c6f3915f5602d,,09_PREVIEWS/thumbs/Ac3daf275.jpg,A,,,False,
Afd7007f1,01_VIDEO/vid_hands_moving_083.mp4,01_VIDEO,video,,,"Black hand silhouette waving against a soft glowing white light blob, vignette edges. Hand-reaching silhouette very close to the reference lo-fi silhouette shots; invert/gradient-map to thermal orange",GitHub: openframeworks/openFrameworks,https://github.com/openframeworks/openFrameworks/blob/master/examples/android/androidVideoExample/bin/data/hands.mp4,https://raw.githubusercontent.com/openframeworks/openFrameworks/master/examples/android/androidVideoExample/bin/data/hands.mp4,openFrameworks community,MIT,https://github.com/openframeworks/openFrameworks/blob/master/LICENSE.md,False,,mp4,720,576,28.04,,False,hand; silhouette; glow; backlit; vignette; shadow; fingers,gradient-map to orange thermal-glow hand; reaching hand beat; silhouette on bright glow,thermal-glow; match-cut,high,False,False,downloaded,,True,True,,707842,c3b48a79b5347f47e5263fbad391b45aaf74b559671e006ff113713a116b706f,01_VIDEO/vid_fingers_waving_084.mp4,09_PREVIEWS/thumbs/Afd7007f1.jpg,A,,,False,
A58800663,01_VIDEO/vid_head_tilt_duo_058.mp4,01_VIDEO,video,,,"Two people tilting and rolling their heads against a plain grey wall, dreamy nodding motion",GitHub: intel-iot-devkit/sample-videos,https://github.com/intel-iot-devkit/sample-videos/blob/master/head-pose-face-detection-female-and-male.mp4,https://raw.githubusercontent.com/intel-iot-devkit/sample-videos/master/head-pose-face-detection-female-and-male.mp4,Intel IoT DevKit,CC-BY-4.0,https://github.com/intel-iot-devkit/sample-videos/blob/master/LICENSE,True,"Intel IoT DevKit sample-videos, CC BY 4.0 (https://github.com/intel-iot-devkit/sample-videos)",mp4,768,432,15.01,,False,head; tilt; portrait; wall,real object on off-white canvas; surveillance-lofi texture,white-canvas-parade; pixel-to-real,medium,False,False,downloaded,"Surveillance/test footage. Excerpt of source 20s-35s, stream copy (no re-encode).",True,True,attribution_required,1653036,b4caed121f712c690dfbf83fd8a0115163db1a6b1eb0276fa3070e1771f65e35,,09_PREVIEWS/thumbs/A58800663.jpg,A,,,True,
Ab33bdb1a,01_VIDEO/vid_kinect_depth_silhouette_010.mp4,01_VIDEO,video,,,"Kinect depth-camera capture of a person: blue-cyan glowing silhouette on black, heat-map style",GitHub: mrdoob/three.js,https://github.com/mrdoob/three.js/blob/dev/examples/textures/kinect.mp4,https://raw.githubusercontent.com/mrdoob/three.js/dev/examples/textures/kinect.mp4,mrdoob (Mr.doob),MIT,https://github.com/mrdoob/three.js/blob/dev/LICENSE,False,,mp4,474,490,34.41,,False,kinect; depth; silhouette; glow; heatmap; cyan; person,thermal-glow substitute (recolor to orange with a gradient map); silhouette on black,thermal-glow; loop-bg,high,False,True,downloaded,Closest thing to the thermal heat-map silhouette in the reference; recolor blue->orange in edit. Origin: mrdoob recorded via freenect (see kinect.nfo).,True,True,,4098067,0912e90b11b1df9a34cab6f618d8c59973e412eaf033fbe2aa09fedac4c6f7c2,,09_PREVIEWS/thumbs/Ab33bdb1a.jpg,A,,,False,
A8741d475,01_VIDEO/vid_lenia_gyrorbium_071.gif,01_VIDEO,gif,,,"Lenia gyrorbium rendered as 3D heat-map surface, rotating blob with blue-to-red thermal colouring",GitHub: Chakazul/Lenia,https://github.com/Chakazul/Lenia/blob/Screencap/gyrorbium-ezgif.gif,https://raw.githubusercontent.com/Chakazul/Lenia/master/Screencap/gyrorbium-ezgif.gif,Bert Chan,MIT,https://github.com/Chakazul/Lenia/blob/master/LICENSE.md,True,"Lenia by Bert Chan, MIT License",gif,350,225,4.6,,False,lenia; heatmap; surface; rotating,abstract living-matter plate; pixel-to-real organism; loop-bg,thermal-glow; loop-bg,high,False,True,downloaded,,True,True,attribution_required; low_res,530669,f7646874422ce9f5697dc7d09d90ea88c7f53c9af3c3b58c3c0039627d71c2aa,,09_PREVIEWS/thumbs/A8741d475.jpg,A,,37,,
Abcd0b463,01_VIDEO/vid_lenia_orbium_069.gif,01_VIDEO,gif,,,"Lenia continuous cellular automaton: glider-like ""orbium"" life form travelling across a grid",GitHub: Chakazul/Lenia,https://github.com/Chakazul/Lenia/blob/R/orbium.gif,https://raw.githubusercontent.com/Chakazul/Lenia/master/R/orbium.gif,Bert Chan,MIT,https://github.com/Chakazul/Lenia/blob/master/LICENSE.md,True,"Lenia by Bert Chan, MIT License",gif,480,480,5.0,,False,lenia; cellular automata; artificial life; glider; abstract; satisfying,abstract living-matter plate; pixel-to-real organism; loop-bg,loop-bg; pixel-to-real,high,False,True,downloaded,,True,True,attribution_required; low_res,494056,492ac85ad86ee1974d396425f5b81e330e332d9cccfe4fb218f5c86a5e2ba9dd,,09_PREVIEWS/thumbs/Abcd0b463.jpg,A,,50,,
Acd8d2af7,01_VIDEO/vid_lenia_orbium_070.gif,01_VIDEO,gif,,,Lenia artificial-life creature rendered as a 3D heat-map surface (blue to red jet colours) wobbling across a plane,GitHub: Chakazul/Lenia,https://github.com/Chakazul/Lenia/blob/Screencap/orbium-ezgif.gif,https://raw.githubusercontent.com/Chakazul/Lenia/master/Screencap/orbium-ezgif.gif,Bert Chan,MIT,https://github.com/Chakazul/Lenia/blob/master/LICENSE.md,True,"Lenia by Bert Chan, MIT License",gif,350,225,2.4,,False,lenia; heatmap; surface; artificial life; jet colormap,abstract living-matter plate; pixel-to-real organism; loop-bg,thermal-glow; loop-bg,high,False,True,downloaded,,True,True,attribution_required; low_res,166596,518b54c19b2238014724540b822fd113ab6f1a7a4481f9347362637eb158e835,,09_PREVIEWS/thumbs/Acd8d2af7.jpg,A,,15,,
Adfe2ef17,01_VIDEO/vid_noise_mesh_wobble_089.gif,01_VIDEO,gif,,,"3D mesh vertices wobbling with noise, abstract blobby motion",GitHub: openframeworks/openFrameworks,https://github.com/openframeworks/openFrameworks/blob/master/examples/3d/modelNoiseExample/modelNoiseExample.gif,https://raw.githubusercontent.com/openframeworks/openFrameworks/master/examples/3d/modelNoiseExample/modelNoiseExample.gif,openFrameworks community,MIT,https://github.com/openframeworks/openFrameworks/blob/master/LICENSE.md,False,,gif,763,523,1.46,,True,noise; mesh; wobble; generative,abstract plate; glitch transition fodder,glitch-transition; loop-bg,medium,False,False,downloaded,,True,True,,182874,811ab9f36e63f885322f836da75c468d95af660c3b4585275095705ef67c3fc2,,09_PREVIEWS/thumbs/Adfe2ef17.jpg,A,,10,,
Acb2c503a,01_VIDEO/vid_people_walking_lofi_086.mp4,01_VIDEO,video,,,Low-res street clip of people walking past camera,GitHub: openframeworks/openFrameworks,https://github.com/openframeworks/openFrameworks/blob/master/examples/computer_vision/opencvPeopleDetection/bin/data/people.mp4,https://raw.githubusercontent.com/openframeworks/openFrameworks/master/examples/computer_vision/opencvPeopleDetection/bin/data/people.mp4,openFrameworks community,MIT,https://github.com/openframeworks/openFrameworks/blob/master/LICENSE.md,False,,mp4,640,360,15.83,,False,people; walking; street; lofi,lo-fi texture plate; silhouette candidates,thermal-glow,low,False,False,downloaded,,True,True,,708320,f279981fae2afa148662a4c8921ec27375042cf0872ddd48ad00e2195144d13a,,09_PREVIEWS/thumbs/Acb2c503a.jpg,A,,,False,
A68753c0a,01_VIDEO/vid_pottery_aisle_topdown_056.mp4,01_VIDEO,video,,,Overhead view of a store aisle of stacked white dishes with a shopper in a straw hat,GitHub: intel-iot-devkit/sample-videos,https://github.com/intel-iot-devkit/sample-videos/blob/master/store-aisle-detection.mp4,https://raw.githubusercontent.com/intel-iot-devkit/sample-videos/master/store-aisle-detection.mp4,Intel IoT DevKit,CC-BY-4.0,https://github.com/intel-iot-devkit/sample-videos/blob/master/LICENSE,True,"Intel IoT DevKit sample-videos, CC BY 4.0 (https://github.com/intel-iot-devkit/sample-videos)",mp4,720,404,15.02,,False,store; dishes; white; overhead; shopper,real object on off-white canvas; surveillance-lofi texture,white-canvas-parade; pixel-to-real,medium,False,False,downloaded,"Surveillance/test footage. Excerpt of source 2s-17s, stream copy (no re-encode).",True,True,attribution_required,2106052,41c0c91837b512114790bcd730f88e4e6532338f1bde4a323d3f8ef934c16001,,09_PREVIEWS/thumbs/A68753c0a.jpg,A,,,True,
Ae6086948,01_VIDEO/vid_pyxel_click_game_016.gif,01_VIDEO,gif,,,Click game with pixel sprites popping in,GitHub: kitao/pyxel,https://github.com/kitao/pyxel/blob/main/docs/images/06_click_game.gif,https://raw.githubusercontent.com/kitao/pyxel/main/docs/images/06_click_game.gif,Takashi Kitao,MIT,https://github.com/kitao/pyxel/blob/main/LICENSE,True,"Pyxel sample game capture, (c) Takashi Kitao, MIT License",gif,256,256,9.0,,False,pixel; game; click,retro-window inset; pixel-art insert beside real footage; scatter in white canvas,retro-window; pixel-to-real; beat-sync-montage,high,False,True,downloaded,"Screen capture GIF of Pyxel apps; low-res native pixel art, scale with nearest-neighbour.",True,True,attribution_required; low_res,443409,8536bff89e91d17b8dc28313463ce5944d13ebe65ba8b5b28cd3e32bd2107e19,,09_PREVIEWS/thumbs/Ae6086948.jpg,A,,300,,
A96bdc685,01_VIDEO/vid_pyxel_daylight_025.gif,01_VIDEO,gif,,,30 Seconds of Daylight pixel game capture,GitHub: kitao/pyxel,https://github.com/kitao/pyxel/blob/main/docs/images/30sec_of_daylight.gif,https://raw.githubusercontent.com/kitao/pyxel/main/docs/images/30sec_of_daylight.gif,Takashi Kitao,MIT,https://github.com/kitao/pyxel/blob/main/LICENSE,True,"Pyxel sample game capture, (c) Takashi Kitao, MIT License",gif,320,240,19.2,,False,pixel; game; daylight,retro-window inset; pixel-art insert beside real footage; scatter in white canvas,retro-window; pixel-to-real; beat-sync-montage,high,False,True,downloaded,"Screen capture GIF of Pyxel apps; low-res native pixel art, scale with nearest-neighbour.",True,True,attribution_required; low_res,126974,7d70b715e6c141d9222399d29cbb4def453f9a96fba12a35d359a544a2173e29,,09_PREVIEWS/thumbs/A96bdc685.jpg,A,,192,,
A0422ca82,01_VIDEO/vid_pyxel_draw_api_015.gif,01_VIDEO,gif,,,"Pixel drawing API demo: circles, lines, rects in retro palette",GitHub: kitao/pyxel,https://github.com/kitao/pyxel/blob/main/docs/images/03_draw_api.gif,https://raw.githubusercontent.com/kitao/pyxel/main/docs/images/03_draw_api.gif,Takashi Kitao,MIT,https://github.com/kitao/pyxel/blob/main/LICENSE,True,"Pyxel sample game capture, (c) Takashi Kitao, MIT License",gif,400,300,8.4,,False,pixel; shapes; demo; palette,retro-window inset; pixel-art insert beside real footage; scatter in white canvas,retro-window; pixel-to-real; beat-sync-montage,high,False,True,downloaded,"Screen capture GIF of Pyxel apps; low-res native pixel art, scale with nearest-neighbour.",True,True,attribution_required; low_res,149442,579930b1885916a1b3576462f6b05c91c51e3829d1322d200cbf8b3a62a0c287,,09_PREVIEWS/thumbs/A0422ca82.jpg,A,,280,,
Aeee92884,01_VIDEO/vid_pyxel_editor_ui_028.gif,01_VIDEO,gif,,,Pyxel pixel-art editor UI in action (retro tool window),GitHub: kitao/pyxel,https://github.com/kitao/pyxel/blob/main/docs/images/pyxel_editor.gif,https://raw.githubusercontent.com/kitao/pyxel/main/docs/images/pyxel_editor.gif,Takashi Kitao,MIT,https://github.com/kitao/pyxel/blob/main/LICENSE,True,"Pyxel sample game capture, (c) Takashi Kitao, MIT License",gif,480,360,25.14,,False,editor; pixel; ui; tool,retro-window inset; pixel-art insert beside real footage; scatter in white canvas,retro-window; pixel-to-real; beat-sync-montage,high,False,True,downloaded,"Screen capture GIF of Pyxel apps; low-res native pixel art, scale with nearest-neighbour.",True,True,attribution_required; low_res,97312,3406f23dfbe4fe3cd1a5537618d0c6b4214e3d53bda8444668231370b5d5e3ce,,09_PREVIEWS/thumbs/Aeee92884.jpg,A,,838,,
Ab469b16c,01_VIDEO/vid_pyxel_flip_animation_026.gif,01_VIDEO,gif,,,Pixel flip animation demo,GitHub: kitao/pyxel,https://github.com/kitao/pyxel/blob/main/docs/images/99_flip_animation.gif,https://raw.githubusercontent.com/kitao/pyxel/main/docs/images/99_flip_animation.gif,Takashi Kitao,MIT,https://github.com/kitao/pyxel/blob/main/LICENSE,True,"Pyxel sample game capture, (c) Takashi Kitao, MIT License",gif,256,256,0.9,,False,pixel; flip; animation,retro-window inset; pixel-art insert beside real footage; scatter in white canvas,retro-window; pixel-to-real; beat-sync-montage,high,False,True,downloaded,"Screen capture GIF of Pyxel apps; low-res native pixel art, scale with nearest-neighbour.",True,True,attribution_required; low_res,128132,ec7725b4574d3294682ea0361b65e746fa5dcb9b833079cb9d58dba03baf77f8,,09_PREVIEWS/thumbs/Ab469b16c.jpg,A,,30,,
A9a577792,01_VIDEO/vid_pyxel_jump_game_014.gif,01_VIDEO,gif,,,"Pixel-art jump game gameplay capture, chunky sprites on flat backdrop",GitHub: kitao/pyxel,https://github.com/kitao/pyxel/blob/main/docs/images/02_jump_game.gif,https://raw.githubusercontent.com/kitao/pyxel/main/docs/images/02_jump_game.gif,Takashi Kitao,MIT,https://github.com/kitao/pyxel/blob/main/LICENSE,True,"Pyxel sample game capture, (c) Takashi Kitao, MIT License",gif,320,240,9.0,,False,pixel; game; platformer; 8-bit,retro-window inset; pixel-art insert beside real footage; scatter in white canvas,retro-window; pixel-to-real; beat-sync-montage,high,False,True,downloaded,"Screen capture GIF of Pyxel apps; low-res native pixel art, scale with nearest-neighbour.",True,True,attribution_required; low_res,831593,ee645d68111116f86eddc4230ba2d1d7b345bd54d67b7c61724cf1d3fdd2ee6d,,09_PREVIEWS/thumbs/A9a577792.jpg,A,,300,,
Afd90ada0,01_VIDEO/vid_pyxel_megaball_027.gif,01_VIDEO,gif,,,Megaball pixel-art arcade game capture,GitHub: kitao/pyxel,https://github.com/kitao/pyxel/blob/main/docs/images/megaball.gif,https://raw.githubusercontent.com/kitao/pyxel/main/docs/images/megaball.gif,Takashi Kitao,MIT,https://github.com/kitao/pyxel/blob/main/LICENSE,True,"Pyxel sample game capture, (c) Takashi Kitao, MIT License",gif,320,288,12.01,,False,pixel; game; ball; arcade,retro-window inset; pixel-art insert beside real footage; scatter in white canvas,retro-window; pixel-to-real; beat-sync-montage,high,False,True,downloaded,"Screen capture GIF of Pyxel apps; low-res native pixel art, scale with nearest-neighbour.",True,True,attribution_required; low_res,316315,36d9e1c88b36e5a6db2e1f28569efa48ed469acd47881205decece13c9f75450,,09_PREVIEWS/thumbs/Afd90ada0.jpg,A,,600,,
Aa000a98d,01_VIDEO/vid_pyxel_music_editor_030.gif,01_VIDEO,gif,,,Pyxel chiptune music editor with moving notes,GitHub: kitao/pyxel,https://github.com/kitao/pyxel/blob/main/docs/images/music_editor.gif,https://raw.githubusercontent.com/kitao/pyxel/main/docs/images/music_editor.gif,Takashi Kitao,MIT,https://github.com/kitao/pyxel/blob/main/LICENSE,True,"Pyxel sample game capture, (c) Takashi Kitao, MIT License",gif,480,360,8.01,,False,music; editor; chiptune; ui,retro-window inset; pixel-art insert beside real footage; scatter in white canvas,retro-window; pixel-to-real; beat-sync-montage,high,False,True,downloaded,"Screen capture GIF of Pyxel apps; low-res native pixel art, scale with nearest-neighbour.",True,True,attribution_required; low_res,20342,dccc7708e242b1af801b8aa8264cf320ed46b9fcb03949a7f7ddc82d4d26eb5a,,09_PREVIEWS/thumbs/Aa000a98d.jpg,A,,267,,
Ad32b4c98,01_VIDEO/vid_pyxel_perlin_noise_021.gif,01_VIDEO,gif,,,Perlin noise flowing as a pixel heat-map style field,GitHub: kitao/pyxel,https://github.com/kitao/pyxel/blob/main/docs/images/12_perlin_noise.gif,https://raw.githubusercontent.com/kitao/pyxel/main/docs/images/12_perlin_noise.gif,Takashi Kitao,MIT,https://github.com/kitao/pyxel/blob/main/LICENSE,True,"Pyxel sample game capture, (c) Takashi Kitao, MIT License",gif,256,256,9.0,,False,noise; generative; pixel; abstract; heatmap,retro-window inset; pixel-art insert beside real footage; scatter in white canvas,retro-window; pixel-to-real; beat-sync-montage,high,False,True,downloaded,"Screen capture GIF of Pyxel apps; low-res native pixel art, scale with nearest-neighbour.",True,True,attribution_required; low_res,469742,7e680d51226bde013576a6b1aee08e14c401479880add12b5326bfdfa2e55688,,09_PREVIEWS/thumbs/Ad32b4c98.jpg,A,,300,,
A37db3145,01_VIDEO/vid_pyxel_perspective_024.gif,01_VIDEO,gif,,,Pseudo-3D perspective floor in pixel art,GitHub: kitao/pyxel,https://github.com/kitao/pyxel/blob/main/docs/images/19_perspective.gif,https://raw.githubusercontent.com/kitao/pyxel/main/docs/images/19_perspective.gif,Takashi Kitao,MIT,https://github.com/kitao/pyxel/blob/main/LICENSE,True,"Pyxel sample game capture, (c) Takashi Kitao, MIT License",gif,400,300,4.99,,False,perspective; pixel; mode7; retro,retro-window inset; pixel-art insert beside real footage; scatter in white canvas,retro-window; pixel-to-real; beat-sync-montage,high,False,True,downloaded,"Screen capture GIF of Pyxel apps; low-res native pixel art, scale with nearest-neighbour.",True,True,attribution_required; low_res,1396033,cbcbf7630fe9dbdee25672a460ffa3860ada40708b821f33d269250356ac7b29,,09_PREVIEWS/thumbs/A37db3145.jpg,A,,165,,
A8da020a9,01_VIDEO/vid_pyxel_platformer_020.gif,01_VIDEO,gif,,,Pixel platformer capture with tiles and character,GitHub: kitao/pyxel,https://github.com/kitao/pyxel/blob/main/docs/images/10_platformer.gif,https://raw.githubusercontent.com/kitao/pyxel/main/docs/images/10_platformer.gif,Takashi Kitao,MIT,https://github.com/kitao/pyxel/blob/main/LICENSE,True,"Pyxel sample game capture, (c) Takashi Kitao, MIT License",gif,256,256,9.0,,False,platformer; pixel; sprite,retro-window inset; pixel-art insert beside real footage; scatter in white canvas,retro-window; pixel-to-real; beat-sync-montage,high,False,True,downloaded,"Screen capture GIF of Pyxel apps; low-res native pixel art, scale with nearest-neighbour.",True,True,attribution_required; low_res,1519238,305a92bbe152c0b6f2278510af7613cd1752c5ff0b0f46fbd9d8fc2014a28a2b,,09_PREVIEWS/thumbs/A8da020a9.jpg,A,,300,,
A841d43a5,01_VIDEO/vid_pyxel_shooter_019.gif,01_VIDEO,gif,,,Pixel shoot-em-up capture with explosions and bullets,GitHub: kitao/pyxel,https://github.com/kitao/pyxel/blob/main/docs/images/09_shooter.gif,https://raw.githubusercontent.com/kitao/pyxel/main/docs/images/09_shooter.gif,Takashi Kitao,MIT,https://github.com/kitao/pyxel/blob/main/LICENSE,True,"Pyxel sample game capture, (c) Takashi Kitao, MIT License",gif,240,320,8.04,,False,shooter; pixel; arcade; explosion,retro-window inset; pixel-art insert beside real footage; scatter in white canvas,retro-window; pixel-to-real; beat-sync-montage,high,False,True,downloaded,"Screen capture GIF of Pyxel apps; low-res native pixel art, scale with nearest-neighbour.",True,True,attribution_required; low_res,491482,a1d2b98f932d9aefc392f141627f75cfbf2c6b733d7aadfdc79f71fde0f5f8b1,,09_PREVIEWS/thumbs/A841d43a5.jpg,A,,268,,
A5f46a260,01_VIDEO/vid_pyxel_snake_017.gif,01_VIDEO,gif,,,Classic snake game in tiny 8-bit resolution,GitHub: kitao/pyxel,https://github.com/kitao/pyxel/blob/main/docs/images/07_snake.gif,https://raw.githubusercontent.com/kitao/pyxel/main/docs/images/07_snake.gif,Takashi Kitao,MIT,https://github.com/kitao/pyxel/blob/main/LICENSE,True,"Pyxel sample game capture, (c) Takashi Kitao, MIT License",gif,240,300,10.0,,False,snake; pixel; arcade,retro-window inset; pixel-art insert beside real footage; scatter in white canvas,retro-window; pixel-to-real; beat-sync-montage,high,False,True,downloaded,"Screen capture GIF of Pyxel apps; low-res native pixel art, scale with nearest-neighbour.",True,True,attribution_required; low_res,15942,a14e49bdb09166dd044467b15121dddae931eb47e6a30aaa6f6e5d437cc69e4d,,09_PREVIEWS/thumbs/A5f46a260.jpg,A,,200,,
A576b6155,01_VIDEO/vid_pyxel_tiled_map_022.gif,01_VIDEO,gif,,,Scrolling pixel-art tilemap world,GitHub: kitao/pyxel,https://github.com/kitao/pyxel/blob/main/docs/images/15_tiled_map_file.gif,https://raw.githubusercontent.com/kitao/pyxel/main/docs/images/15_tiled_map_file.gif,Takashi Kitao,MIT,https://github.com/kitao/pyxel/blob/main/LICENSE,True,"Pyxel sample game capture, (c) Takashi Kitao, MIT License",gif,928,512,6.0,,False,tilemap; pixel; scroll,retro-window inset; pixel-art insert beside real footage; scatter in white canvas,retro-window; pixel-to-real; beat-sync-montage,high,False,False,downloaded,"Screen capture GIF of Pyxel apps; low-res native pixel art, scale with nearest-neighbour.",True,True,attribution_required,828392,6b1c6a2feb657ef630d8d4bc62221ef527678ea5553f57d39c045cf2546ff400,,09_PREVIEWS/thumbs/A576b6155.jpg,A,,200,,
A8cb57012,01_VIDEO/vid_pyxel_tilemap_editor_029.gif,01_VIDEO,gif,,,Pyxel tilemap editor drawing tiles,GitHub: kitao/pyxel,https://github.com/kitao/pyxel/blob/main/docs/images/tilemap_editor.gif,https://raw.githubusercontent.com/kitao/pyxel/main/docs/images/tilemap_editor.gif,Takashi Kitao,MIT,https://github.com/kitao/pyxel/blob/main/LICENSE,True,"Pyxel sample game capture, (c) Takashi Kitao, MIT License",gif,480,360,4.83,,False,editor; tilemap; ui,retro-window inset; pixel-art insert beside real footage; scatter in white canvas,retro-window; pixel-to-real; beat-sync-montage,high,False,True,downloaded,"Screen capture GIF of Pyxel apps; low-res native pixel art, scale with nearest-neighbour.",True,True,attribution_required; low_res,25142,39e2d0b82fb8c5e5c1d26432881a01567040a1fa657411a2cf8b04466dbf84e1,,09_PREVIEWS/thumbs/A8cb57012.jpg,A,,161,,
A93e8d3c2,01_VIDEO/vid_pyxel_transform_023.gif,01_VIDEO,gif,,,Pixel-art image rotating and scaling (transform demo),GitHub: kitao/pyxel,https://github.com/kitao/pyxel/blob/main/docs/images/16_transform.gif,https://raw.githubusercontent.com/kitao/pyxel/main/docs/images/16_transform.gif,Takashi Kitao,MIT,https://github.com/kitao/pyxel/blob/main/LICENSE,True,"Pyxel sample game capture, (c) Takashi Kitao, MIT License",gif,400,320,4.5,,False,transform; rotate; pixel,retro-window inset; pixel-art insert beside real footage; scatter in white canvas,retro-window; pixel-to-real; beat-sync-montage,high,False,True,downloaded,"Screen capture GIF of Pyxel apps; low-res native pixel art, scale with nearest-neighbour.",True,True,attribution_required; low_res,1190234,4a8536d29297376d3770e5fc9aa5c89fa8c996da0dd32f878aa0cb637411553f,,09_PREVIEWS/thumbs/A93e8d3c2.jpg,A,,150,,
Ac5335c9d,01_VIDEO/vid_pyxel_triangle_api_018.gif,01_VIDEO,gif,,,Rotating filled 3D-ish triangles in 16 color palette,GitHub: kitao/pyxel,https://github.com/kitao/pyxel/blob/main/docs/images/08_triangle_api.gif,https://raw.githubusercontent.com/kitao/pyxel/main/docs/images/08_triangle_api.gif,Takashi Kitao,MIT,https://github.com/kitao/pyxel/blob/main/LICENSE,True,"Pyxel sample game capture, (c) Takashi Kitao, MIT License",gif,400,300,9.0,,False,pixel; triangle; 3d; retro,retro-window inset; pixel-art insert beside real footage; scatter in white canvas,retro-window; pixel-to-real; beat-sync-montage,high,False,True,downloaded,"Screen capture GIF of Pyxel apps; low-res native pixel art, scale with nearest-neighbour.",True,True,attribution_required; low_res,22158,b877bfec4b6449347426600c02026a9c70489676b030a05511ea20d73a05d73f,,09_PREVIEWS/thumbs/Ac5335c9d.jpg,A,,300,,
Aa013e773,01_VIDEO/vid_red_flower_macro_007.mp4,01_VIDEO,video,,,"Macro of a red flower bud with purple-edged leaves, shallow depth of field",GitHub: mdn/interactive-examples,https://github.com/mdn/interactive-examples/blob/main/live-examples/media/cc0-videos/flower.mp4,https://raw.githubusercontent.com/mdn/interactive-examples/main/live-examples/media/cc0-videos/flower.mp4,MDN Web Docs contributors,CC0-1.0,https://github.com/mdn/interactive-examples/blob/main/LICENSE,False,,mp4,960,540,5.05,,False,flower; macro; nature; red; bokeh,red accent plate; soft organic contrast to pixel art,pixel-to-real; match-cut,medium,False,False,downloaded,,True,True,,1128375,0cd83d944a6ca7822b4a8306cecc60a36e859b041f6702c6a1ad9ead78924451,,09_PREVIEWS/thumbs/Aa013e773.jpg,A,,,True,
A5620dfff,01_VIDEO/vid_red_tape_warehouse_floor_057.mp4,01_VIDEO,video,,,Person walking across a warehouse floor marked with red tape lines (1080p),GitHub: intel-iot-devkit/sample-videos,https://github.com/intel-iot-devkit/sample-videos/blob/master/worker-zone-detection.mp4,https://raw.githubusercontent.com/intel-iot-devkit/sample-videos/master/worker-zone-detection.mp4,Intel IoT DevKit,CC-BY-4.0,https://github.com/intel-iot-devkit/sample-videos/blob/master/LICENSE,True,"Intel IoT DevKit sample-videos, CC BY 4.0 (https://github.com/intel-iot-devkit/sample-videos)",mp4,1920,1080,12.05,,False,warehouse; red tape; floor; walking,real object on off-white canvas; surveillance-lofi texture,white-canvas-parade; pixel-to-real,medium,False,False,downloaded,"Surveillance/test footage. Excerpt of source 8s-20s, stream copy (no re-encode).",True,True,attribution_required,2041322,4520c82d05c06e85f357dd3c609caf8955cc876c0e54ef454b7215cab1608b27,,09_PREVIEWS/thumbs/A5620dfff.jpg,A,,,True,
A54b71d78,01_VIDEO/vid_rgb_circles_blend_074.mp4,01_VIDEO,video,,,"Overlapping red/green/blue circles, flat colour test pattern for blend modes",GitHub: web-platform-tests/wpt,https://github.com/web-platform-tests/wpt/blob/css/compositing/mix-blend-mode/support/RGB_Circles.mp4,https://raw.githubusercontent.com/web-platform-tests/wpt/master/css/compositing/mix-blend-mode/support/RGB_Circles.mp4,web-platform-tests contributors,BSD-3-Clause,https://github.com/web-platform-tests/wpt/blob/master/LICENSE.md,False,,mp4,554,424,2.42,,False,rgb; circles; pattern; abstract; blend,colour-blast transition plate; multiply blend over paper,paper-collage; glitch-transition,medium,False,False,downloaded,,True,True,,34467,97265c03cfc3c4398f9824e4c1644820421b015fd77288c582ddc97c30700d29,,09_PREVIEWS/thumbs/A54b71d78.jpg,A,,,False,
A12638469,01_VIDEO/vid_ribbon_trail_3d_088.gif,01_VIDEO,gif,,,"Ribbon trail following a moving camera in 3D, generative line art",GitHub: openframeworks/openFrameworks,https://github.com/openframeworks/openFrameworks/blob/master/examples/3d/cameraRibbonExample/cameraRibbonExample.gif,https://raw.githubusercontent.com/openframeworks/openFrameworks/master/examples/3d/cameraRibbonExample/cameraRibbonExample.gif,openFrameworks community,MIT,https://github.com/openframeworks/openFrameworks/blob/master/LICENSE.md,False,,gif,537,478,6.42,,False,ribbon; trail; generative; line,abstract line plate; ink-like trails,ink-wipe; loop-bg,medium,False,False,downloaded,,True,True,,71160,fabb7df8c0e9b5a16adbfa775705e4d3d6e247bcf80dacd32dae5a0e8f9ffa37,,09_PREVIEWS/thumbs/A12638469.jpg,A,,40,,
A68163abf,01_VIDEO/vid_shader_example_movie_087.mov,01_VIDEO,video,,,Tiny 320x240 clip bundled with an oF shader example,GitHub: openframeworks/openFrameworks,https://github.com/openframeworks/openFrameworks/blob/master/examples/shader/06_multiTextureExample/bin/data/movie.mov,https://raw.githubusercontent.com/openframeworks/openFrameworks/master/examples/shader/06_multiTextureExample/bin/data/movie.mov,openFrameworks community,MIT,https://github.com/openframeworks/openFrameworks/blob/master/LICENSE.md,False,,mov,320,240,7.28,,False,lofi; small; texture,lo-fi plate,loop-bg,low,False,True,downloaded,,True,True,low_res,238059,5c5828b8c70c216816c89bccec6976e1670fe4f66dc88a6f18f788d87406e855,,09_PREVIEWS/thumbs/A68163abf.jpg,A,,,False,
Afb711086,01_VIDEO/vid_sintel_bamboo_forest_macro_081.mp4,01_VIDEO,video,,,"Looking through green bamboo stalks with a tiny red figure moving, green macro texture",GitHub: mdn/dom-examples (Sintel),https://github.com/mdn/dom-examples/blob/abort-api/sintel.mp4,https://raw.githubusercontent.com/mdn/dom-examples/main/abort-api/sintel.mp4,Blender Foundation,CC-BY-3.0,https://durian.blender.org/sharing/,True,"Sintel (c) copyright Blender Foundation | durian.blender.org, CC BY 3.0",mp4,800,290,8.12,,False,bamboo; green; forest; texture; sintel; blender; animation,animated cutaway; surreal beat,retro-window; match-cut,medium,False,True,downloaded,"Excerpt from the full 800x290 Sintel film (14.8 min, 92 MB) hosted in mdn/dom-examples. Excerpt 380s-388s of source, stream copy (no re-encode).",True,True,attribution_required; low_res,2517650,676096d8ce50efc6903d82534eec7cae35b9370bc4511ece37f280e3faec7bb7,,09_PREVIEWS/thumbs/Afb711086.jpg,A,,,True,
A41297c82,01_VIDEO/vid_sintel_creature_mouth_closeup_079.mp4,01_VIDEO,video,,,"Close-up of a scaly reptilian creature opening its mouth, surreal",GitHub: mdn/dom-examples (Sintel),https://github.com/mdn/dom-examples/blob/abort-api/sintel.mp4,https://raw.githubusercontent.com/mdn/dom-examples/main/abort-api/sintel.mp4,Blender Foundation,CC-BY-3.0,https://durian.blender.org/sharing/,True,"Sintel (c) copyright Blender Foundation | durian.blender.org, CC BY 3.0",mp4,800,290,8.08,,False,creature; dragon; mouth; surreal; sintel; blender; animation,animated cutaway; surreal beat,retro-window; match-cut,medium,False,True,downloaded,"Excerpt from the full 800x290 Sintel film (14.8 min, 92 MB) hosted in mdn/dom-examples. Excerpt 205s-213s of source, stream copy (no re-encode).",True,True,attribution_required; low_res,808784,86cd278a9bbf6d81ea556cfd3a1043fc67351f040cf6e1a9b82503fe69d8e84e,,09_PREVIEWS/thumbs/A41297c82.jpg,A,,,True,
A002bc45d,01_VIDEO/vid_sintel_dragon_flight_hand_080.mp4,01_VIDEO,video,,,Baby dragon flying toward an outstretched hand against a warm peach sky,GitHub: mdn/dom-examples (Sintel),https://github.com/mdn/dom-examples/blob/abort-api/sintel.mp4,https://raw.githubusercontent.com/mdn/dom-examples/main/abort-api/sintel.mp4,Blender Foundation,CC-BY-3.0,https://durian.blender.org/sharing/,True,"Sintel (c) copyright Blender Foundation | durian.blender.org, CC BY 3.0",mp4,800,290,8.17,,False,dragon; hand; sky; warm; sintel; blender; animation,animated cutaway; surreal beat,retro-window; match-cut,medium,False,True,downloaded,"Excerpt from the full 800x290 Sintel film (14.8 min, 92 MB) hosted in mdn/dom-examples. Excerpt 330s-338s of source, stream copy (no re-encode).",True,True,attribution_required; low_res,1466206,45c6887e65c808a459b90b9533e29569acf1d909da71ee24955977febe7c0859,,09_PREVIEWS/thumbs/A002bc45d.jpg,A,,,True,
Ad6d1579d,01_VIDEO/vid_sintel_dusty_city_pyramid_078.mp4,01_VIDEO,video,,,Sweeping view over a sandy medieval city with a stepped pyramid at dawn,GitHub: mdn/dom-examples (Sintel),https://github.com/mdn/dom-examples/blob/abort-api/sintel.mp4,https://raw.githubusercontent.com/mdn/dom-examples/main/abort-api/sintel.mp4,Blender Foundation,CC-BY-3.0,https://durian.blender.org/sharing/,True,"Sintel (c) copyright Blender Foundation | durian.blender.org, CC BY 3.0",mp4,800,290,8.08,,False,city; pyramid; fantasy; sintel; blender; animation,animated cutaway; surreal beat,retro-window; match-cut,medium,False,True,downloaded,"Excerpt from the full 800x290 Sintel film (14.8 min, 92 MB) hosted in mdn/dom-examples. Excerpt 155s-163s of source, stream copy (no re-encode).",True,True,attribution_required; low_res,1057978,d073ff932af214ab62a253442b10825ff2acc580499718c28db37076d1aa0a91,,09_PREVIEWS/thumbs/Ad6d1579d.jpg,A,,,True,
Aa5003531,01_VIDEO/vid_sintel_silver_creature_cave_082.mp4,01_VIDEO,video,,,Silvery serpentine creature in a dark glowing-crystal cave,GitHub: mdn/dom-examples (Sintel),https://github.com/mdn/dom-examples/blob/abort-api/sintel.mp4,https://raw.githubusercontent.com/mdn/dom-examples/main/abort-api/sintel.mp4,Blender Foundation,CC-BY-3.0,https://durian.blender.org/sharing/,True,"Sintel (c) copyright Blender Foundation | durian.blender.org, CC BY 3.0",mp4,800,290,8.08,,False,creature; cave; crystal; dark; glow; sintel; blender; animation,animated cutaway; surreal beat,retro-window; match-cut,medium,False,True,downloaded,"Excerpt from the full 800x290 Sintel film (14.8 min, 92 MB) hosted in mdn/dom-examples. Excerpt 605s-613s of source, stream copy (no re-encode).",True,True,attribution_required; low_res,921868,54782b579a1ae187f3452222d057ffd1616cb044ddd4bbddba18485423303a67,,09_PREVIEWS/thumbs/Aa5003531.jpg,A,,,True,
A1aacd83c,01_VIDEO/vid_sintel_snow_footprints_077.mp4,01_VIDEO,video,,,"Lone figure leaving footprints across a snowy plain, wide cold landscape",GitHub: mdn/dom-examples (Sintel),https://github.com/mdn/dom-examples/blob/abort-api/sintel.mp4,https://raw.githubusercontent.com/mdn/dom-examples/main/abort-api/sintel.mp4,Blender Foundation,CC-BY-3.0,https://durian.blender.org/sharing/,True,"Sintel (c) copyright Blender Foundation | durian.blender.org, CC BY 3.0",mp4,800,290,8.08,,False,snow; footprints; landscape; sintel; blender; animation,animated cutaway; surreal beat,retro-window; match-cut,medium,False,True,downloaded,"Excerpt from the full 800x290 Sintel film (14.8 min, 92 MB) hosted in mdn/dom-examples. Excerpt 30s-38s of source, stream copy (no re-encode).",True,True,attribution_required; low_res,1134977,495bdcbf9691bd247cc9b8006a8e284944e83a7d4b0657cdace24cc68d336f5e,,09_PREVIEWS/thumbs/A1aacd83c.jpg,A,,,True,
A74325402,01_VIDEO/vid_smpte_color_bars_test_076.mp4,01_VIDEO,video,,,"SMPTE test pattern with counter, 1080p, retro broadcast look",GitHub: Zulko/moviepy,https://github.com/Zulko/moviepy/blob/media/smpte-2997.mp4,https://raw.githubusercontent.com/Zulko/moviepy/master/media/smpte-2997.mp4,Blender Foundation; hosted by Zulko/moviepy,CC-BY-3.0 (Big Buck Bunny); repo MIT,https://peach.blender.org/about/,True,"Big Buck Bunny (c) copyright 2008, Blender Foundation | www.bigbuckbunny.org, CC BY 3.0",mp4,1920,1080,10.05,,False,test pattern; smpte; color bars; broadcast; retro tv,retro TV / broadcast glitch plate; retro-window,retro-window; glitch-transition,high,False,False,downloaded,Standard broadcast test pattern; check for any burned-in text.,True,True,attribution_required,515225,d2529f03af264f54a13f3c886fa9359ea04af153e2ac8e851de902d31cb31433,,09_PREVIEWS/thumbs/A74325402.jpg,A,,,True,
A5009f43b,01_VIDEO/vid_toy_crystal_001.mp4,01_VIDEO,video,,,"Glass lotus crystal sitting on scratched red-brown wood, hand-held top-down shot",GitHub: mdn/learning-area,https://github.com/mdn/learning-area/blob/main/javascript/apis/client-side-storage/indexeddb/video-store/videos/crystal.mp4,https://raw.githubusercontent.com/mdn/learning-area/main/javascript/apis/client-side-storage/indexeddb/video-store/videos/crystal.mp4,MDN Web Docs contributors,CC0-1.0,https://github.com/mdn/learning-area/blob/main/LICENSE,False,,mp4,720,480,11.97,,False,crystal; lotus; glass; wood; object; macro; real-object; toy,real-object counterpart for pixel-art sprite (match-cut); object-ring plate,pixel-to-real; object-ring; match-cut,medium,False,False,downloaded,,True,True,,2797504,ca98b7106e5bf6fb25f9074bf0972d974c41a66123f1cba6280d28e357efa0df,,09_PREVIEWS/thumbs/A5009f43b.jpg,A,,,True,
A6ff0c9c7,01_VIDEO/vid_toy_elf_002.mp4,01_VIDEO,video,,,"Green toy elf figurine on a wooden table, slow stop-motion style wobble",GitHub: mdn/learning-area,https://github.com/mdn/learning-area/blob/main/javascript/apis/client-side-storage/indexeddb/video-store/videos/elf.mp4,https://raw.githubusercontent.com/mdn/learning-area/main/javascript/apis/client-side-storage/indexeddb/video-store/videos/elf.mp4,MDN Web Docs contributors,CC0-1.0,https://github.com/mdn/learning-area/blob/main/LICENSE,False,,mp4,720,480,8.03,,False,elf; toy; figurine; green; object; macro; real-object; toy,real-object counterpart for pixel-art sprite (match-cut); object-ring plate,pixel-to-real; object-ring; match-cut,medium,False,False,downloaded,,True,True,,1857429,12557560bb2aaf7d4c87136551d88e04d9630a2f1d28314338f3459e671f3772,,09_PREVIEWS/thumbs/A6ff0c9c7.jpg,A,,,True,
Aa99f4831,01_VIDEO/vid_toy_frog_003.mp4,01_VIDEO,video,,,Tiny bright green toy frog block on wooden surface,GitHub: mdn/learning-area,https://github.com/mdn/learning-area/blob/main/javascript/apis/client-side-storage/indexeddb/video-store/videos/frog.mp4,https://raw.githubusercontent.com/mdn/learning-area/main/javascript/apis/client-side-storage/indexeddb/video-store/videos/frog.mp4,MDN Web Docs contributors,CC0-1.0,https://github.com/mdn/learning-area/blob/main/LICENSE,False,,mp4,720,480,8.27,,False,frog; toy; green; tiny; object; macro; real-object; toy,real-object counterpart for pixel-art sprite (match-cut); object-ring plate,pixel-to-real; object-ring; match-cut,medium,False,False,downloaded,,True,True,,1537818,9380022d01c82e15653c4dfde3c079d0c54533959b2c115a756ee91fa8de5de6,,09_PREVIEWS/thumbs/Aa99f4831.jpg,A,,,True,
A6d7ffb67,01_VIDEO/vid_toy_monster_004.mp4,01_VIDEO,video,,,Grinning grey toy monster with red antenna looming toward camera,GitHub: mdn/learning-area,https://github.com/mdn/learning-area/blob/main/javascript/apis/client-side-storage/indexeddb/video-store/videos/monster.mp4,https://raw.githubusercontent.com/mdn/learning-area/main/javascript/apis/client-side-storage/indexeddb/video-store/videos/monster.mp4,MDN Web Docs contributors,CC0-1.0,https://github.com/mdn/learning-area/blob/main/LICENSE,False,,mp4,720,480,7.33,,False,monster; toy; creature; playful; object; macro; real-object; toy,real-object counterpart for pixel-art sprite (match-cut); object-ring plate,pixel-to-real; object-ring; match-cut,medium,False,False,downloaded,,True,True,,1396905,b31350c42fd982931ff1c1f8361c85a8628ac17fd96fb15bab36b6895201e0ae,,09_PREVIEWS/thumbs/A6d7ffb67.jpg,A,,,True,
Aad3dfd66,01_VIDEO/vid_toy_pig_005.mp4,01_VIDEO,video,,,"Small pink toy pig on wood grain, tiny object on textured table",GitHub: mdn/learning-area,https://github.com/mdn/learning-area/blob/main/javascript/apis/client-side-storage/indexeddb/video-store/videos/pig.mp4,https://raw.githubusercontent.com/mdn/learning-area/main/javascript/apis/client-side-storage/indexeddb/video-store/videos/pig.mp4,MDN Web Docs contributors,CC0-1.0,https://github.com/mdn/learning-area/blob/main/LICENSE,False,,mp4,720,480,6.53,,False,pig; toy; pink; object; macro; real-object; toy,real-object counterpart for pixel-art sprite (match-cut); object-ring plate,pixel-to-real; object-ring; match-cut,medium,False,False,downloaded,,True,True,,1671054,b70a80ba8bd4b5f6505acfb601eeb983ae8dc2e766c94df1d6b8f12be87e32e7,,09_PREVIEWS/thumbs/Aad3dfd66.jpg,A,,,True,
Ad9f659aa,01_VIDEO/vid_toy_rabbit_006.mp4,01_VIDEO,video,,,"White plastic rabbit figurine on wooden table, camera drifts around it",GitHub: mdn/learning-area,https://github.com/mdn/learning-area/blob/main/javascript/apis/client-side-storage/indexeddb/video-store/videos/rabbit.mp4,https://raw.githubusercontent.com/mdn/learning-area/main/javascript/apis/client-side-storage/indexeddb/video-store/videos/rabbit.mp4,MDN Web Docs contributors,CC0-1.0,https://github.com/mdn/learning-area/blob/main/LICENSE,False,,mp4,720,480,7.8,,False,rabbit; toy; white; object; macro; real-object; toy,real-object counterpart for pixel-art sprite (match-cut); object-ring plate,pixel-to-real; object-ring; match-cut,medium,False,False,downloaded,,True,True,,2599224,b26358635707be0d28ac0de0958ef65bb1dc91b325a75c3e89e688ff194b3504,,09_PREVIEWS/thumbs/Ad9f659aa.jpg,A,,,True,
Abfbe6ef8,01_VIDEO/vid_tui_package_manager_032.gif,01_VIDEO,gif,,,Fake package-manager TUI installing packages with progress bars,GitHub: charmbracelet/bubbletea,https://github.com/charmbracelet/bubbletea/blob/main/examples/package-manager/package-manager.gif,https://raw.githubusercontent.com/charmbracelet/bubbletea/main/examples/package-manager/package-manager.gif,"Charmbracelet, Inc",MIT,https://github.com/charmbracelet/bubbletea/blob/main/LICENSE,True,"Bubble Tea example capture, (c) Charmbracelet, Inc, MIT License",gif,1200,600,6.8,,True,terminal; progress; tui; install; retro; digital; command line; lo-fi,retro-window content; type-on companion; internet-era UI plate,retro-window; type-on,medium,False,False,downloaded,Terminal recording GIF (dark UI); check for brand text before use.,True,True,attribution_required,445398,5eb0ae6246b12439e0d9184d596f5e447ba276c33be38ea9006f15897c0e1b23,,09_PREVIEWS/thumbs/Abfbe6ef8.jpg,A,,340,,
A51e9eb45,01_VIDEO/vid_tui_progress_animated_033.gif,01_VIDEO,gif,,,Animated terminal progress bar,GitHub: charmbracelet/bubbletea,https://github.com/charmbracelet/bubbletea/blob/main/examples/progress-animated/progress-animated.gif,https://raw.githubusercontent.com/charmbracelet/bubbletea/main/examples/progress-animated/progress-animated.gif,"Charmbracelet, Inc",MIT,https://github.com/charmbracelet/bubbletea/blob/main/LICENSE,True,"Bubble Tea example capture, (c) Charmbracelet, Inc, MIT License",gif,1200,600,4.2,,True,progress; bar; terminal; retro; digital; command line; lo-fi,retro-window content; type-on companion; internet-era UI plate,retro-window; type-on,medium,False,False,downloaded,Terminal recording GIF (dark UI); check for brand text before use.,True,True,attribution_required,28436,001209e5882c609d64eb0f477706df10df34fd10c1eda2d52bc5881e4abce5dd,,09_PREVIEWS/thumbs/A51e9eb45.jpg,A,,210,,
Aec3baefd,01_VIDEO/vid_tui_spinners_031.gif,01_VIDEO,gif,,,Terminal spinners cycling in retro TUI,GitHub: charmbracelet/bubbletea,https://github.com/charmbracelet/bubbletea/blob/main/examples/spinners/spinners.gif,https://raw.githubusercontent.com/charmbracelet/bubbletea/main/examples/spinners/spinners.gif,"Charmbracelet, Inc",MIT,https://github.com/charmbracelet/bubbletea/blob/main/LICENSE,True,"Bubble Tea example capture, (c) Charmbracelet, Inc, MIT License",gif,1200,600,8.84,,True,terminal; spinner; loading; tui; retro; digital; command line; lo-fi,retro-window content; type-on companion; internet-era UI plate,retro-window; type-on,medium,False,False,downloaded,Terminal recording GIF (dark UI); check for brand text before use.,True,True,attribution_required,31239,f737b1c6be0489201eb9fb3b981e90d59a82db00287ae5d815cdf2e725b64001,01_VIDEO/vid_tui_stopwatch_035.gif,09_PREVIEWS/thumbs/Aec3baefd.jpg,A,,442,,
A8e67bf09,01_VIDEO/vid_tui_stopwatch_035.gif,01_VIDEO,gif,,,Terminal stopwatch ticking,GitHub: charmbracelet/bubbletea,https://github.com/charmbracelet/bubbletea/blob/main/examples/stopwatch/stopwatch.gif,https://raw.githubusercontent.com/charmbracelet/bubbletea/main/examples/stopwatch/stopwatch.gif,"Charmbracelet, Inc",MIT,https://github.com/charmbracelet/bubbletea/blob/main/LICENSE,True,"Bubble Tea example capture, (c) Charmbracelet, Inc, MIT License",gif,1200,600,6.16,,True,stopwatch; timer; terminal; retro; digital; command line; lo-fi,retro-window content; type-on companion; internet-era UI plate,retro-window; type-on,medium,False,False,downloaded,Terminal recording GIF (dark UI); check for brand text before use.,True,True,attribution_required,57513,787342c77bcc9d51f31e1f67e41772ce7e374e80d79e9630765fc5a0d3049da7,01_VIDEO/vid_tui_spinners_031.gif,09_PREVIEWS/thumbs/A8e67bf09.jpg,A,,308,,
Ac6dce26d,01_VIDEO/vid_tui_tabs_034.gif,01_VIDEO,gif,,,Terminal tabs UI switching with box-drawing frame,GitHub: charmbracelet/bubbletea,https://github.com/charmbracelet/bubbletea/blob/main/examples/tabs/tabs.gif,https://raw.githubusercontent.com/charmbracelet/bubbletea/main/examples/tabs/tabs.gif,"Charmbracelet, Inc",MIT,https://github.com/charmbracelet/bubbletea/blob/main/LICENSE,True,"Bubble Tea example capture, (c) Charmbracelet, Inc, MIT License",gif,1200,600,7.4,,True,tabs; tui; ascii; retro; digital; command line; lo-fi,retro-window content; type-on companion; internet-era UI plate,retro-window; type-on,medium,False,False,downloaded,Terminal recording GIF (dark UI); check for brand text before use.,True,True,attribution_required,35910,41b22cd9c053e8e2511081fc30318636e5f8362c386961a523e222a788e115cf,,09_PREVIEWS/thumbs/Ac6dce26d.jpg,A,,370,,
A588302f0,01_VIDEO/vid_two_water_bottles_054.mp4,01_VIDEO,video,,,"Two water bottles on a white table, static macro-ish product shot on off-white wall",GitHub: intel-iot-devkit/sample-videos,https://github.com/intel-iot-devkit/sample-videos/blob/master/bottle-detection.mp4,https://raw.githubusercontent.com/intel-iot-devkit/sample-videos/master/bottle-detection.mp4,Intel IoT DevKit,CC-BY-4.0,https://github.com/intel-iot-devkit/sample-videos/blob/master/LICENSE,True,"Intel IoT DevKit sample-videos, CC BY 4.0 (https://github.com/intel-iot-devkit/sample-videos)",mp4,640,360,39.85,,False,bottle; water; white; minimal; object,real object on off-white canvas; surveillance-lofi texture,white-canvas-parade; pixel-to-real,medium,False,False,downloaded,Surveillance/test footage.,True,True,attribution_required,504961,d52ba94aedf8a923c342fe9ea1d2bd85f712c4cc0f49a6de1bac43eebe3a48ff,,09_PREVIEWS/thumbs/A588302f0.jpg,A,,,False,
Af4ea49be,01_VIDEO/vid_vintage_bw_office_film_008.mp4,01_VIDEO,video,,,"Vintage black-and-white 1940 movie scene: woman in top hat at a counter, worn film look",GitHub: mdn/interactive-examples,https://github.com/mdn/interactive-examples/blob/main/live-examples/media/cc0-videos/friday.mp4,https://raw.githubusercontent.com/mdn/interactive-examples/main/live-examples/media/cc0-videos/friday.mp4,MDN Web Docs contributors,CC0-1.0,https://github.com/mdn/interactive-examples/blob/main/LICENSE,False,,mp4,640,480,6.17,,False,vintage; black and white; film; 1940s; nostalgic; retro,nostalgic cutaway inside retro window; film reel moment,retro-window; match-cut,high,False,False,downloaded,Public-domain-era film clip shipped by MDN in its cc0-videos folder; grainy low-res.,True,True,,515198,339504acdef44f4e50c760e657cf76a8df60f25c91a239682abda56ac1886e90,,09_PREVIEWS/thumbs/Af4ea49be.jpg,A,,,True,
A4b3b69ba,02_PHOTOGRAPHY/ph_abstract_metal_spiral_048.jpg,02_PHOTOGRAPHY,photo,,,"Close architectural detail of curving perforated metal ribs in black and silver, spiral abstract",GitHub: BuddiesOfBudgie/budgie-backgrounds,https://github.com/BuddiesOfBudgie/budgie-backgrounds,https://raw.githubusercontent.com/BuddiesOfBudgie/budgie-backgrounds/main/backgrounds/abstract-spiral.jpg,Unknown photographer (see repo),CC0-1.0,https://creativecommons.org/publicdomain/zero/1.0/,False,,jpg,3840,2160,,,False,architecture; metal; spiral; abstract; monochrome,paper-collage cutout; warm-light grade; match-cut,paper-collage; match-cut; loop-bg,medium,False,False,downloaded,Repo is CC0-1.0 and states all images were manually reviewed for CC0/public-domain compliance (submission rules require CC0/PD plus source for non-authors); photographer not recorded in repo. Min 3840x2160 originals.,True,True,,1249478,7798cfe2fa55c33be38be10528e09f462960ef50127f85dbb31aef03a690d5d8,,09_PREVIEWS/thumbs/A4b3b69ba.jpg,B,,,,
A1bf4f47e,02_PHOTOGRAPHY/ph_astronaut_collins_001.png,02_PHOTOGRAPHY,photo,,,NASA portrait of astronaut Eileen Collins in orange flight suit with flag,GitHub: scikit-image/scikit-image (v0.19.3 skimage/data),https://github.com/scikit-image/scikit-image/blob/v0.19.3/skimage/data/astronaut.png,https://raw.githubusercontent.com/scikit-image/scikit-image/v0.19.3/skimage/data/astronaut.png,NASA,Public-Domain-NASA,https://www.nasa.gov/nasa-brand-center/images-and-media/,False,,png,512,512,,,False,astronaut; nasa; orange; portrait; space,orange suit thermal-glow cutout; retro-window portrait,thermal-glow; retro-window,medium,False,True,downloaded,"NASA public domain; named person (real portrait), no endorsement use.",True,True,,791555,88431cd9653ccd539741b555fb0a46b61558b301d4110412b5bc28b5e3ea6cb5,,09_PREVIEWS/thumbs/A1bf4f47e.jpg,B,,,,
A127049c4,02_PHOTOGRAPHY/ph_blue_glass_facade_triangles_075.jpg,02_PHOTOGRAPHY,photo,,,Looking up a faceted glass facade of purple-blue triangles,GitHub: pop-os/wallpapers (originals from Unsplash),https://unsplash.com/photos/NFs6dRTBgaM,https://raw.githubusercontent.com/pop-os/wallpapers/master/original/ferdinand-stohr-149422.jpg,Ferdinand Stohr,CC0-1.0 / Unsplash (public domain per repo README),https://unsplash.com/license,False,,jpg,5184,3456,,,False,architecture; glass; pattern; blue,black-canvas glow background; object/planet match-cut; star-flare backdrop,paper-collage; match-cut,medium,False,False,downloaded,"Pop!_OS wallpapers README: ""Unsplash photos are in the public domain"" (2017-era Unsplash CC0 photos; Unsplash License also permits free use). Cassidy James edit noted where applicable.",True,True,,4335872,ae4a43e6de54fb09bf945a3570fa7d54a4d7634e16279260af018a815d0e4411,,09_PREVIEWS/thumbs/A127049c4.jpg,B,,,,
Abe0ee204,02_PHOTOGRAPHY/ph_bubble_nebula_067.jpg,02_PHOTOGRAPHY,photo,,,"Bubble Nebula blue sphere in glowing gas, Hubble",GitHub: pop-os/wallpapers (originals from Unsplash),https://unsplash.com/photos/rTZW4f02zY8,https://raw.githubusercontent.com/pop-os/wallpapers/master/original/nasa-89125.jpg,NASA/Hubble (via Unsplash),Public-Domain-NASA (via Unsplash),https://www.nasa.gov/nasa-brand-center/images-and-media/,False,,jpg,7857,7462,,,False,nebula; bubble; space; hubble,black-canvas glow background; object/planet match-cut; star-flare backdrop,thermal-glow; star-flare; loop-bg,medium,False,False,downloaded,"Pop!_OS wallpapers README: ""Unsplash photos are in the public domain"" (2017-era Unsplash CC0 photos; Unsplash License also permits free use). Cassidy James edit noted where applicable. NASA imagery is public domain.",True,True,,12142088,21d563a55d364ae5b4814adbc40c77381fea7b1453fe5beb6e3112eeb49c475c,,09_PREVIEWS/thumbs/Abe0ee204.jpg,B,,,,
Ab0adbc19,02_PHOTOGRAPHY/ph_cameraman_tripod_001.png,02_PHOTOGRAPHY,photo,,,Black-and-white photographer with vintage camera on tripod in a field,GitHub: scikit-image/scikit-image (v0.19.3 skimage/data),https://github.com/scikit-image/scikit-image/blob/v0.19.3/skimage/data/camera.png,https://raw.githubusercontent.com/scikit-image/scikit-image/v0.19.3/skimage/data/camera.png,Lav Varshney,CC0-1.0,https://creativecommons.org/publicdomain/zero/1.0/,False,,png,512,512,,,False,camera; tripod; photographer; vintage; grayscale,retro camera hero; pixel camera match-cut,pixel-to-real; match-cut,high,False,True,downloaded,"Grayscale 512x512 (replacement image, CC0).",True,True,,139512,b0793d2adda0fa6ae899c03989482bff9a42d3d5690fc7e3648f2795d730c23a,,09_PREVIEWS/thumbs/Ab0adbc19.jpg,B,,,,
A41580e3c,02_PHOTOGRAPHY/ph_canyon_wren_on_rock_050.jpg,02_PHOTOGRAPHY,photo,,,Small canyon wren perched on a rock against a pale blurred sky,GitHub: BuddiesOfBudgie/budgie-backgrounds,https://github.com/BuddiesOfBudgie/budgie-backgrounds,https://raw.githubusercontent.com/BuddiesOfBudgie/budgie-backgrounds/main/backgrounds/canyon-wren.jpg,Unknown photographer (see repo),CC0-1.0,https://creativecommons.org/publicdomain/zero/1.0/,False,,jpg,3840,2160,,,False,bird; wren; rock; minimal; animal,paper-collage cutout; warm-light grade; match-cut,paper-collage; match-cut; loop-bg,medium,False,False,downloaded,Repo is CC0-1.0 and states all images were manually reviewed for CC0/public-domain compliance (submission rules require CC0/PD plus source for non-authors); photographer not recorded in repo. Min 3840x2160 originals.,True,True,,379980,72e363a4fc3284e238e8405bfd038a91b2d2c14c4e9391e98496baab6ec46f4a,,09_PREVIEWS/thumbs/A41580e3c.jpg,B,,,,
Aaf337619,02_PHOTOGRAPHY/ph_carina_nebula_orange_cliffs_068.jpg,02_PHOTOGRAPHY,photo,,,"Hubble Carina Nebula cliffs in orange and teal gas, very wide",GitHub: pop-os/wallpapers (originals from Unsplash),https://unsplash.com/photos/-hI5dX2ObAs,https://raw.githubusercontent.com/pop-os/wallpapers/master/original/nasa-89127.jpg,NASA/Hubble (via Unsplash),Public-Domain-NASA (via Unsplash),https://www.nasa.gov/nasa-brand-center/images-and-media/,False,,jpg,5200,2500,,,False,nebula; orange; space; hubble; thermal,black-canvas glow background; object/planet match-cut; star-flare backdrop,thermal-glow; star-flare; loop-bg,high,False,False,downloaded,"Pop!_OS wallpapers README: ""Unsplash photos are in the public domain"" (2017-era Unsplash CC0 photos; Unsplash License also permits free use). Cassidy James edit noted where applicable. NASA imagery is public domain.",True,True,,2089160,69cc670c681082a8bdea404d1e791dc1f1252bd79e66a17f1f4ee6f6667552b7,,09_PREVIEWS/thumbs/Aaf337619.jpg,B,,,,
Ac3fdaea6,02_PHOTOGRAPHY/ph_casa_mila_courtyard_sunburst_051.jpg,02_PHOTOGRAPHY,photo,,,Looking up the red-orange courtyard of Casa Mila with the sun bursting through the opening,GitHub: BuddiesOfBudgie/budgie-backgrounds,https://github.com/BuddiesOfBudgie/budgie-backgrounds,https://raw.githubusercontent.com/BuddiesOfBudgie/budgie-backgrounds/main/backgrounds/casa-mila.jpg,Unknown photographer (see repo),CC0-1.0,https://creativecommons.org/publicdomain/zero/1.0/,False,,jpg,3840,2560,,,False,architecture; gaudi; sun; orange; red; looking-up,paper-collage cutout; warm-light grade; match-cut,paper-collage; match-cut; loop-bg,high,False,False,downloaded,Repo is CC0-1.0 and states all images were manually reviewed for CC0/public-domain compliance (submission rules require CC0/PD plus source for non-authors); photographer not recorded in repo. Min 3840x2160 originals.,True,True,,1065262,2fd00623841a22aec673eed8afd5d43c87d56171b26ae95f3436df8c0f22bf3f,,09_PREVIEWS/thumbs/Ac3fdaea6.jpg,B,,,,
A7087a0f7,02_PHOTOGRAPHY/ph_cat_calico_cushion_001.jpg,02_PHOTOGRAPHY,photo,,,Calico cat lying on a gray cushion,GitHub: brandon-whitman-orlin/cats (photos from Pexels),https://github.com/brandon-whitman-orlin/cats,https://raw.githubusercontent.com/brandon-whitman-orlin/cats/main/images/cat1.jpg,Cats Coming,Pexels License,https://www.pexels.com/license/,False,Photo by Cats Coming on Pexels,jpg,7359,4432,,,False,cat; animal; pet; playful,pixel cat match-cut; cutout animal sticker,pixel-to-real; match-cut; paper-collage,medium,False,False,downloaded,"Original Pexels page: https://www.pexels.com/photo/%s/ (id in README table). Pexels License: free to use, no attribution needed, no resale of unmodified photo. Repo README is inconsistent on source (Pexels vs Unsplash); Pexels URL table in README used. Large file; downscale if needed.",True,True,,1247769,884863b022f9c9eb459253a7f3a37c82cbbb46a1b8974c9bdc109a06c5c560bb,,09_PREVIEWS/thumbs/A7087a0f7.jpg,B,,,,
A80b5f13c,02_PHOTOGRAPHY/ph_cat_grey_cat_short_coat_008.jpg,02_PHOTOGRAPHY,photo,,,Short-coated grey cat,GitHub: brandon-whitman-orlin/cats (photos from Pexels),https://github.com/brandon-whitman-orlin/cats,https://raw.githubusercontent.com/brandon-whitman-orlin/cats/main/images/cat8.jpg,Krysten Merriman,Pexels License,https://www.pexels.com/license/,False,Photo by Krysten Merriman on Pexels,jpg,3456,2304,,,False,cat; animal; pet; playful,pixel cat match-cut; cutout animal sticker,pixel-to-real; match-cut; paper-collage,medium,False,False,downloaded,"Original Pexels page: https://www.pexels.com/photo/%s/ (id in README table). Pexels License: free to use, no attribution needed, no resale of unmodified photo. Repo README is inconsistent on source (Pexels vs Unsplash); Pexels URL table in README used. Large file; downscale if needed.",True,True,,610323,1c6871dc972d108194cfb30eeedcfa52cc93d3bc2952d28ed57ac45f5b3af19c,,09_PREVIEWS/thumbs/A80b5f13c.jpg,B,,,,
A7d1aed3a,02_PHOTOGRAPHY/ph_cat_grey_white_cat_002.jpg,02_PHOTOGRAPHY,photo,,,Grey and white short-fur cat portrait,GitHub: brandon-whitman-orlin/cats (photos from Pexels),https://github.com/brandon-whitman-orlin/cats,https://raw.githubusercontent.com/brandon-whitman-orlin/cats/main/images/cat2.jpg,Pixabay (via Pexels),CC0-1.0,https://creativecommons.org/publicdomain/zero/1.0/,False,Photo by Pixabay (via Pexels) on Pexels,jpg,5360,3560,,,False,cat; animal; pet; playful,pixel cat match-cut; cutout animal sticker,pixel-to-real; match-cut; paper-collage,medium,False,False,downloaded,"Original Pexels page: https://www.pexels.com/photo/%s/ (id in README table). Pexels License: free to use, no attribution needed, no resale of unmodified photo. Repo README is inconsistent on source (Pexels vs Unsplash); Pexels URL table in README used. Large file; downscale if needed.",True,True,,764047,698855131c83690810ecdb2089ec85ac5c9f7d5f327446e67a4d626718d4b7d4,,09_PREVIEWS/thumbs/A7d1aed3a.jpg,B,,,,
A25bfc514,02_PHOTOGRAPHY/ph_cat_orange_tabby_focus_004.jpg,02_PHOTOGRAPHY,photo,,,Orange tabby with selective focus,GitHub: brandon-whitman-orlin/cats (photos from Pexels),https://github.com/brandon-whitman-orlin/cats,https://raw.githubusercontent.com/brandon-whitman-orlin/cats/main/images/cat4.jpg,EVG Kowalievska,Pexels License,https://www.pexels.com/license/,False,Photo by EVG Kowalievska on Pexels,jpg,1771,2657,,,False,cat; animal; pet; playful; red; orange,pixel cat match-cut; cutout animal sticker,pixel-to-real; match-cut; paper-collage,medium,False,False,downloaded,"Original Pexels page: https://www.pexels.com/photo/%s/ (id in README table). Pexels License: free to use, no attribution needed, no resale of unmodified photo. Repo README is inconsistent on source (Pexels vs Unsplash); Pexels URL table in README used. Large file; downscale if needed.",True,True,,245068,f2920547afd30d0714b3738ffca5dcf80709ab4a71f4fa1b7b2c60b2f7532aec,,09_PREVIEWS/thumbs/A25bfc514.jpg,B,,,,
A3ff9bec4,02_PHOTOGRAPHY/ph_cat_sleeping_cat_closeup_003.jpg,02_PHOTOGRAPHY,photo,,,Close-up of a cute sleeping cat,GitHub: brandon-whitman-orlin/cats (photos from Pexels),https://github.com/brandon-whitman-orlin/cats,https://raw.githubusercontent.com/brandon-whitman-orlin/cats/main/images/cat3.jpg,Pixabay (via Pexels),CC0-1.0,https://creativecommons.org/publicdomain/zero/1.0/,False,Photo by Pixabay (via Pexels) on Pexels,jpg,3888,2592,,,False,cat; animal; pet; playful,pixel cat match-cut; cutout animal sticker,pixel-to-real; match-cut; paper-collage,medium,False,False,downloaded,"Original Pexels page: https://www.pexels.com/photo/%s/ (id in README table). Pexels License: free to use, no attribution needed, no resale of unmodified photo. Repo README is inconsistent on source (Pexels vs Unsplash); Pexels URL table in README used. Large file; downscale if needed.",True,True,,1504144,1c49e0d77552bc587444b8f1ad69f9ba815bbcf7c869c51499e4327f28711b67,,09_PREVIEWS/thumbs/A3ff9bec4.jpg,B,,,,
Ac14d681d,02_PHOTOGRAPHY/ph_cat_sleeping_tabby_009.jpg,02_PHOTOGRAPHY,photo,,,Close-up of sleeping tabby,GitHub: brandon-whitman-orlin/cats (photos from Pexels),https://github.com/brandon-whitman-orlin/cats,https://raw.githubusercontent.com/brandon-whitman-orlin/cats/main/images/cat9.jpg,Ihsan Adityawarman,Pexels License,https://www.pexels.com/license/,False,Photo by Ihsan Adityawarman on Pexels,jpg,5184,3456,,,False,cat; animal; pet; playful,pixel cat match-cut; cutout animal sticker,pixel-to-real; match-cut; paper-collage,medium,False,False,downloaded,"Original Pexels page: https://www.pexels.com/photo/%s/ (id in README table). Pexels License: free to use, no attribution needed, no resale of unmodified photo. Repo README is inconsistent on source (Pexels vs Unsplash); Pexels URL table in README used. Large file; downscale if needed.",True,True,,2023532,8effe74934c403c22e722ffa9b9d47e0b93a3670a31a7b9ec76ee1809c9b0f51,,09_PREVIEWS/thumbs/Ac14d681d.jpg,B,,,,
A62962d1f,02_PHOTOGRAPHY/ph_cat_tabby_low_angle_010.jpg,02_PHOTOGRAPHY,photo,,,Low-angle shot of a tabby cat,GitHub: brandon-whitman-orlin/cats (photos from Pexels),https://github.com/brandon-whitman-orlin/cats,https://raw.githubusercontent.com/brandon-whitman-orlin/cats/main/images/cat10.jpg,Pixabay (via Pexels),CC0-1.0,https://creativecommons.org/publicdomain/zero/1.0/,False,Photo by Pixabay (via Pexels) on Pexels,jpg,3989,5983,,,False,cat; animal; pet; playful,pixel cat match-cut; cutout animal sticker,pixel-to-real; match-cut; paper-collage,medium,False,False,downloaded,"Original Pexels page: https://www.pexels.com/photo/%s/ (id in README table). Pexels License: free to use, no attribution needed, no resale of unmodified photo. Repo README is inconsistent on source (Pexels vs Unsplash); Pexels URL table in README used. Large file; downscale if needed.",True,True,,2519497,7e6b2744427001f7bd112e0d6809765a25194d2d6fd36f47986d37d1f7ea2531,,09_PREVIEWS/thumbs/A62962d1f.jpg,B,,,,
Aebe74548,02_PHOTOGRAPHY/ph_cat_tabby_red_handkerchief_005.jpg,02_PHOTOGRAPHY,photo,,,Orange tabby cat wearing a red handkerchief,GitHub: brandon-whitman-orlin/cats (photos from Pexels),https://github.com/brandon-whitman-orlin/cats,https://raw.githubusercontent.com/brandon-whitman-orlin/cats/main/images/cat5.jpg,Lina Kivaka,Pexels License,https://www.pexels.com/license/,False,Photo by Lina Kivaka on Pexels,jpg,3744,5616,,,False,cat; animal; pet; playful; red; orange,pixel cat match-cut; cutout animal sticker,pixel-to-real; match-cut; paper-collage,high,False,False,downloaded,"Original Pexels page: https://www.pexels.com/photo/%s/ (id in README table). Pexels License: free to use, no attribution needed, no resale of unmodified photo. Repo README is inconsistent on source (Pexels vs Unsplash); Pexels URL table in README used. Large file; downscale if needed.",True,True,,4955797,2bcb4e73211491242b0da833881130733a93688b270719717435016341a465d8,,09_PREVIEWS/thumbs/Aebe74548.jpg,B,,,,
Ad8241dff,02_PHOTOGRAPHY/ph_cat_tabby_window_007.jpg,02_PHOTOGRAPHY,photo,,,Orange tabby near a window,GitHub: brandon-whitman-orlin/cats (photos from Pexels),https://github.com/brandon-whitman-orlin/cats,https://raw.githubusercontent.com/brandon-whitman-orlin/cats/main/images/cat7.jpg,Wojciech Kumpicki,Pexels License,https://www.pexels.com/license/,False,Photo by Wojciech Kumpicki on Pexels,jpg,2326,3495,,,False,cat; animal; pet; playful; red; orange,pixel cat match-cut; cutout animal sticker,pixel-to-real; match-cut; paper-collage,medium,False,False,downloaded,"Original Pexels page: https://www.pexels.com/photo/%s/ (id in README table). Pexels License: free to use, no attribution needed, no resale of unmodified photo. Repo README is inconsistent on source (Pexels vs Unsplash); Pexels URL table in README used. Large file; downscale if needed.",True,True,,336951,132078d24eb2445e974e2e6fe1362cd93048710e79377a084fa287f022505cf9,,09_PREVIEWS/thumbs/Ad8241dff.jpg,B,,,,
Af688f762,02_PHOTOGRAPHY/ph_cat_yellow_white_cat_006.jpg,02_PHOTOGRAPHY,photo,,,Close-up of yellow and white cat,GitHub: brandon-whitman-orlin/cats (photos from Pexels),https://github.com/brandon-whitman-orlin/cats,https://raw.githubusercontent.com/brandon-whitman-orlin/cats/main/images/cat6.jpg,Pixabay (via Pexels),CC0-1.0,https://creativecommons.org/publicdomain/zero/1.0/,False,Photo by Pixabay (via Pexels) on Pexels,jpg,2557,1704,,,False,cat; animal; pet; playful,pixel cat match-cut; cutout animal sticker,pixel-to-real; match-cut; paper-collage,medium,False,False,downloaded,"Original Pexels page: https://www.pexels.com/photo/%s/ (id in README table). Pexels License: free to use, no attribution needed, no resale of unmodified photo. Repo README is inconsistent on source (Pexels vs Unsplash); Pexels URL table in README used. Large file; downscale if needed.",True,True,,292419,94e8fd4a5cc9960991753abe7efffde0e79c33d7dfad83e32bbb8e34a6143cae,,09_PREVIEWS/thumbs/Af688f762.jpg,B,,,,
Af3801db6,02_PHOTOGRAPHY/ph_chelsea_cat_001.png,02_PHOTOGRAPHY,photo,,,Tabby-and-white cat Chelsea looking up at the camera,GitHub: scikit-image/scikit-image (v0.19.3 skimage/data),https://github.com/scikit-image/scikit-image/blob/v0.19.3/skimage/data/chelsea.png,https://raw.githubusercontent.com/scikit-image/scikit-image/v0.19.3/skimage/data/chelsea.png,Stefan van der Walt,CC0-1.0,https://creativecommons.org/publicdomain/zero/1.0/,False,,png,451,300,,,False,cat; animal; pet; tabby,cat in pixel-art ring match-cut; pixel-to-real cat reveal,pixel-to-real; match-cut,high,False,True,downloaded,CC0 per skimage docstring. Small (451x300).,True,True,low_res,240512,596aa1e7cb875eb79f437e310381d26b338a81c2da23439704a73c4651e8c4bb,,09_PREVIEWS/thumbs/Af3801db6.jpg,B,,,,
A1e590f64,02_PHOTOGRAPHY/ph_china_pagoda_temple_001.jpg,02_PHOTOGRAPHY,photo,,,Chinese temple pagoda with ornate roof against blue sky,PyPI: scikit-learn (sklearn/datasets/images),https://www.flickr.com/photos/danielbuechele/,PyPI wheel scikit-learn 1.9.1: sklearn/datasets/images/china.jpg,danielbuechele (Flickr),CC-BY-2.0,https://creativecommons.org/licenses/by/2.0/,True,"Photo by danielbuechele on Flickr, CC BY 2.0",jpg,640,427,,,False,temple; pagoda; architecture; china,paper-collage element,paper-collage,low,False,True,downloaded,"Attribution required. Small 640x427, low-res for 1080p use.",True,True,attribution_required,196653,8378025ad2519d649d02e32bd98990db4ab572357d9f09841c2fbfbb4fefad29,,09_PREVIEWS/thumbs/A1e590f64.jpg,B,,,,
A00ea0e49,02_PHOTOGRAPHY/ph_clock_motion_blur_001.png,02_PHOTOGRAPHY,photo,,,Wall clock photographed with deliberate camera motion blur,GitHub: scikit-image/scikit-image (v0.19.3 skimage/data),https://github.com/scikit-image/scikit-image/blob/v0.19.3/skimage/data/clock_motion.png,https://raw.githubusercontent.com/scikit-image/scikit-image/v0.19.3/skimage/data/clock_motion.png,Stefan van der Walt,Public-Domain,https://creativecommons.org/publicdomain/zero/1.0/,False,,png,400,300,,,False,clock; motion-blur; time; abstract,glitch transition frame; time motif,glitch-transition,medium,False,True,downloaded,Released into public domain by photographer per skimage. Grayscale 400x300.,True,True,low_res,58784,f029226b28b642e80113d86622e9b215ee067a0966feaf5e60604a1e05733955,,09_PREVIEWS/thumbs/A00ea0e49.jpg,B,,,,
Aab5b0f57,02_PHOTOGRAPHY/ph_coins_scan_001.png,02_PHOTOGRAPHY,photo,,,Grayscale scan of ancient coins on dark background,GitHub: scikit-image/scikit-image (v0.19.3 skimage/data),https://github.com/scikit-image/scikit-image/blob/v0.19.3/skimage/data/coins.png,https://raw.githubusercontent.com/scikit-image/scikit-image/v0.19.3/skimage/data/coins.png,Brooklyn Museum Archives,No-known-copyright-restrictions,https://www.brooklynmuseum.org/opencollection/archives/image/51611,False,,png,384,303,,,False,coins; money; ancient; grayscale,coin pixel-art match-cut; scatter objects,pixel-to-real; scatter-letters,medium,False,True,downloaded,Per skimage docstring: no known copyright restrictions (Brooklyn Museum). Weaker than CC0 - verify before commercial use. 384x303.,True,True,low_res,75825,f8d773fc9cfa6f4d8e5942dc34d0a0788fcaed2a4fefbbed0aef5398d7ef4cba,,09_PREVIEWS/thumbs/Aab5b0f57.jpg,B,,,,
Ab30e9351,02_PHOTOGRAPHY/ph_colosseum_arches_warm_light_058.jpg,02_PHOTOGRAPHY,photo,,,Colosseum arches glowing orange against a blue sky,GitHub: BuddiesOfBudgie/budgie-backgrounds,https://github.com/BuddiesOfBudgie/budgie-backgrounds,https://raw.githubusercontent.com/BuddiesOfBudgie/budgie-backgrounds/main/backgrounds/roman-colosseum.jpg,Unknown photographer (see repo),CC0-1.0,https://creativecommons.org/publicdomain/zero/1.0/,False,,jpg,3840,2160,,,False,colosseum; rome; arches; orange; architecture,paper-collage cutout; warm-light grade; match-cut,paper-collage; match-cut; loop-bg,medium,False,False,downloaded,Repo is CC0-1.0 and states all images were manually reviewed for CC0/public-domain compliance (submission rules require CC0/PD plus source for non-authors); photographer not recorded in repo. Min 3840x2160 originals.,True,True,,1502952,4995228348caa1e905c455d4ad5023869e76ac35564c766372060bcf96de1ea1,,09_PREVIEWS/thumbs/Ab30e9351.jpg,B,,,,
Aa3a42a15,02_PHOTOGRAPHY/ph_dodecahedron_wire_sculpture_072.jpg,02_PHOTOGRAPHY,photo,,,"Delicate wire dodecahedron structures on pale background, minimal",GitHub: pop-os/wallpapers (originals from Unsplash),https://unsplash.com/@sgabriel?photo=5rAcUaCtMzk,https://raw.githubusercontent.com/pop-os/wallpapers/master/original/sebastien-gabriel-232361.jpg,Sebastien Gabriel,CC0-1.0 / Unsplash (public domain per repo README),https://unsplash.com/license,False,,jpg,4770,3180,,,False,sculpture; geometry; dodecahedron; minimal; white,black-canvas glow background; object/planet match-cut; star-flare backdrop,paper-collage; match-cut,high,False,False,downloaded,"Pop!_OS wallpapers README: ""Unsplash photos are in the public domain"" (2017-era Unsplash CC0 photos; Unsplash License also permits free use). Cassidy James edit noted where applicable.",True,True,,2291610,695f81159737cbfcee4861c1342641e8955e307435090342e7b129465df881f6,,09_PREVIEWS/thumbs/Aa3a42a15.jpg,B,,,,
Af1a1f28f,02_PHOTOGRAPHY/ph_dragon_capsule_over_coast_073.jpg,02_PHOTOGRAPHY,photo,,,"SpaceX Dragon capsule over a coastline seen from orbit, tilted composition",GitHub: pop-os/wallpapers (originals from Unsplash),https://unsplash.com/photos/VBNb52J8Trk,https://raw.githubusercontent.com/pop-os/wallpapers/master/original/spacex-81773.jpg,SpaceX (via Unsplash),CC0-1.0 / Unsplash (public domain per repo README),https://unsplash.com/license,False,,jpg,3000,2000,,,False,spacex; dragon; capsule; earth; space,black-canvas glow background; object/planet match-cut; star-flare backdrop,paper-collage; match-cut,medium,False,False,downloaded,"Pop!_OS wallpapers README: ""Unsplash photos are in the public domain"" (2017-era Unsplash CC0 photos; Unsplash License also permits free use). Cassidy James edit noted where applicable.",True,True,,846081,98787812ae097935fcceff83c3d8d7adc39ee81fb00fefbb3824699f04ac0ce9,,09_PREVIEWS/thumbs/Af1a1f28f.jpg,B,,,,
Af26b2f0a,02_PHOTOGRAPHY/ph_eagle_closeup_001.png,02_PHOTOGRAPHY,photo,,,"Close-up of a bald eagle head in grayscale, intense stare",GitLab: scikit-image/data,https://gitlab.com/scikit-image/data/-/blob/1e4f62ac31ba4553d176d4473a5967ad1b076d62/eagle.png,https://gitlab.com/scikit-image/data/-/raw/1e4f62ac31ba4553d176d4473a5967ad1b076d62/eagle.png,Dayane Machado,CC0-1.0,https://creativecommons.org/publicdomain/zero/1.0/,False,,png,1826,2019,,,False,eagle; bird; animal; grayscale; portrait,silhouette/ink-wipe; animal cutout,ink-wipe; match-cut,medium,False,False,downloaded,CC0 per skimage docstring (eagle). Grayscale.,True,True,,1511050,928f1bbe7403b533265f56db3a6b07c835dfa8e2513f5c5075ca2f1960f6179e,,09_PREVIEWS/thumbs/Af26b2f0a.jpg,B,,,,
A7c64751b,02_PHOTOGRAPHY/ph_earth_night_city_lights_066.jpg,02_PHOTOGRAPHY,photo,,,Earth at night from orbit with glowing orange city lights,GitHub: pop-os/wallpapers (originals from Unsplash),https://unsplash.com/photos/Q1p7bh3SHj8,https://raw.githubusercontent.com/pop-os/wallpapers/master/original/nasa-53884.jpg,NASA (via Unsplash),Public-Domain-NASA (via Unsplash),https://www.nasa.gov/nasa-brand-center/images-and-media/,False,,jpg,4256,2832,,,False,earth; night; lights; orange; space,black-canvas glow background; object/planet match-cut; star-flare backdrop,thermal-glow; star-flare; loop-bg,high,False,False,downloaded,"Pop!_OS wallpapers README: ""Unsplash photos are in the public domain"" (2017-era Unsplash CC0 photos; Unsplash License also permits free use). Cassidy James edit noted where applicable. NASA imagery is public domain.",True,True,,1092783,53ed4645ec6fc4c8f1010de268f60ce6a46bdacf9bb6e0e51b7f0e17a5e7b318,,09_PREVIEWS/thumbs/A7c64751b.jpg,B,,,,
A10349b6d,02_PHOTOGRAPHY/ph_espresso_cup_001.png,02_PHOTOGRAPHY,photo,,,"Espresso cup on saucer with spoon, top-down, from Pikolo Espresso Bar",GitHub: scikit-image/scikit-image (v0.19.3 skimage/data),https://github.com/scikit-image/scikit-image/blob/v0.19.3/skimage/data/coffee.png,https://raw.githubusercontent.com/scikit-image/scikit-image/v0.19.3/skimage/data/coffee.png,Rachel Michetti,CC0-1.0,https://creativecommons.org/publicdomain/zero/1.0/,False,,png,600,400,,,False,coffee; espresso; cup; everyday,object on paper canvas; pixel-to-real coffee cup,white-canvas-parade; pixel-to-real,medium,False,True,downloaded,CC0 per skimage docstring.,True,True,,466706,cc02f8ca188b167c775a7101b5d767d1e71792cf762c33d6fa15a4599b5a8de7,,09_PREVIEWS/thumbs/A10349b6d.jpg,B,,,,
Aff4c8494,02_PHOTOGRAPHY/ph_falcon9_launch_001.jpg,02_PHOTOGRAPHY,photo,,,"Falcon 9 rocket lifting off, bright exhaust against dark sky",GitHub: scikit-image/scikit-image (v0.19.3 skimage/data),https://github.com/scikit-image/scikit-image/blob/v0.19.3/skimage/data/rocket.jpg,https://raw.githubusercontent.com/scikit-image/scikit-image/v0.19.3/skimage/data/rocket.jpg,SpaceX (Flickr spacexphotos),CC0-1.0,https://creativecommons.org/publicdomain/zero/1.0/,False,,jpg,640,427,,,False,rocket; launch; space; fire; orange,thermal-glow launch; star-flare hero,thermal-glow; star-flare,medium,False,True,downloaded,Released into public domain by SpaceX per skimage docstring (DSCOVR launch). Low-res 640x427.,True,True,,112525,c2dd0de7c538df8d111e479619b129464d0269d0ae5fd18ca91d33a7fdfea95c,,09_PREVIEWS/thumbs/Aff4c8494.jpg,B,,,,
A63230cc5,02_PHOTOGRAPHY/ph_flower_closeup_001.jpg,02_PHOTOGRAPHY,photo,,,Close-up of a flower in bloom,PyPI: scikit-learn (sklearn/datasets/images),https://www.flickr.com/photos/vultilion/,PyPI wheel scikit-learn 1.9.1: sklearn/datasets/images/flower.jpg,vultilion (Flickr),CC-BY-2.0,https://creativecommons.org/licenses/by/2.0/,True,"Photo by vultilion on Flickr, CC BY 2.0",jpg,640,427,,,False,flower; macro; bloom; nature,paper-collage element,paper-collage,low,False,True,downloaded,"Attribution required. Small 640x427, low-res for 1080p use.",True,True,attribution_required,142987,a77f6ec41e353afdf8bdff2ea981b2955535d8d83294f8cfa49cf4e423dd5638,,09_PREVIEWS/thumbs/A63230cc5.jpg,B,,,,
A817d83f5,02_PHOTOGRAPHY/ph_forget_me_not_flowers_049.jpg,02_PHOTOGRAPHY,photo,,,Bright blue forget-me-not flowers against a dark background,GitHub: BuddiesOfBudgie/budgie-backgrounds,https://github.com/BuddiesOfBudgie/budgie-backgrounds,https://raw.githubusercontent.com/BuddiesOfBudgie/budgie-backgrounds/main/backgrounds/blue-periwinkle.jpg,Unknown photographer (see repo),CC0-1.0,https://creativecommons.org/publicdomain/zero/1.0/,False,,jpg,3840,2560,,,False,flowers; blue; macro; dark,paper-collage cutout; warm-light grade; match-cut,paper-collage; match-cut; loop-bg,medium,False,False,downloaded,Repo is CC0-1.0 and states all images were manually reviewed for CC0/public-domain compliance (submission rules require CC0/PD plus source for non-authors); photographer not recorded in repo. Min 3840x2160 originals.,True,True,,640129,312a76bf05affc7db4555127fd856d1387ebdd45f5d86b64cd2e6c428380b2e4,,09_PREVIEWS/thumbs/A817d83f5.jpg,B,,,,
A2d932090,02_PHOTOGRAPHY/ph_green_heron_pondering_057.jpg,02_PHOTOGRAPHY,photo,,,Green heron perched in leaves with soft green bokeh,GitHub: BuddiesOfBudgie/budgie-backgrounds,https://github.com/BuddiesOfBudgie/budgie-backgrounds,https://raw.githubusercontent.com/BuddiesOfBudgie/budgie-backgrounds/main/backgrounds/pondering-heron.jpg,Unknown photographer (see repo),CC0-1.0,https://creativecommons.org/publicdomain/zero/1.0/,False,,jpg,3840,2160,,,False,heron; bird; green; animal,paper-collage cutout; warm-light grade; match-cut,paper-collage; match-cut; loop-bg,low,False,False,downloaded,Repo is CC0-1.0 and states all images were manually reviewed for CC0/public-domain compliance (submission rules require CC0/PD plus source for non-authors); photographer not recorded in repo. Min 3840x2160 originals.,True,True,,2053848,f67559aef7fb2883da45dec5d2b8a2002386c7588857f5e0fd5c8e53e337f783,,09_PREVIEWS/thumbs/A2d932090.jpg,B,,,,
Ac5785987,02_PHOTOGRAPHY/ph_hermit_crab_closeup_076.jpg,02_PHOTOGRAPHY,photo,,,"Hermit crab close-up in its shell, quirky animal portrait",GitHub: solus-project/artwork,https://github.com/solus-project/artwork,https://raw.githubusercontent.com/solus-project/artwork/master/backgrounds/HermiteCrab2560x1600.jpg,Dirk Hohndel,CC-BY-3.0,https://creativecommons.org/licenses/by/3.0/us/,True,"Hermit crab photo by Dirk Hohndel, CC BY 3.0",jpg,2560,1600,,,False,hermit crab; animal; shell; macro,animal cutout; playful creature,paper-collage; pixel-to-real,medium,False,False,downloaded,Per repo README: provided by Dirk Hohndel under CC BY 3.0. Attribution required.,True,True,attribution_required,969136,fe8df70bed43354b2f7ab461b55b6cf066ff17c556685ebccfaae8c856b78c0f,,09_PREVIEWS/thumbs/Ac5785987.jpg,B,,,,
Af420d64e,02_PHOTOGRAPHY/ph_horse_silhouette_001.png,02_PHOTOGRAPHY,photo,,,"Black horse silhouette on white (openclipart derived, shown as bw image)",GitHub: scikit-image/scikit-image (v0.19.3 skimage/data),https://github.com/scikit-image/scikit-image/blob/v0.19.3/skimage/data/horse.png,https://raw.githubusercontent.com/scikit-image/scikit-image/v0.19.3/skimage/data/horse.png,"Andreas Preuss (marauder), openclipart",CC0-1.0,https://creativecommons.org/publicdomain/zero/1.0/,False,,png,400,328,,,True,horse; silhouette; animal; black-white,ink-wipe mask; silhouette on paper canvas,ink-wipe; white-canvas-parade,high,False,True,downloaded,"Opaque white background, not transparent; originally an openclipart illustration. Easily keyed to alpha.",True,True,low_res,16633,c7fb60789fe394c485f842291ea3b21e50d140f39d6dcb5fb9917cc178225455,,09_PREVIEWS/thumbs/Af420d64e.jpg,B,,,,
Ac15c3acb,02_PHOTOGRAPHY/ph_hubble_deep_field_001.jpg,02_PHOTOGRAPHY,photo,,,"Hubble eXtreme Deep Field, thousands of galaxies on black",GitHub: scikit-image/scikit-image (v0.19.3 skimage/data),https://github.com/scikit-image/scikit-image/blob/v0.19.3/skimage/data/hubble_deep_field.jpg,https://raw.githubusercontent.com/scikit-image/scikit-image/v0.19.3/skimage/data/hubble_deep_field.jpg,NASA / ESA / Hubble,Public-Domain-NASA,http://www.nasa.gov/audience/formedia/features/MP_Photo_Guidelines.html,False,,jpg,1000,872,,,False,hubble; galaxies; space; stars; black,star-flare background; black-canvas glow,star-flare; loop-bg,medium,False,False,downloaded,NASA public domain.,True,True,,527940,3a19c5dd8a927a9334bb1229a6d63711b1c0c767fb27e2286e7c84a3e2c2f5f4,,09_PREVIEWS/thumbs/Ac15c3acb.jpg,B,,,,
A9bceaf05,02_PHOTOGRAPHY/ph_jellyfish_blue_water_069.jpg,02_PHOTOGRAPHY,photo,,,Single jellyfish glowing in deep blue water,GitHub: pop-os/wallpapers (originals from Unsplash),https://unsplash.com/photos/bviex5lwf3s,https://raw.githubusercontent.com/pop-os/wallpapers/master/original/ng-32703.jpg,Unsplash (name ng),CC0-1.0 / Unsplash (public domain per repo README),https://unsplash.com/license,False,,jpg,3000,2000,,,False,jellyfish; underwater; blue; animal; minimal,black-canvas glow background; object/planet match-cut; star-flare backdrop,paper-collage; match-cut,medium,False,False,downloaded,"Pop!_OS wallpapers README: ""Unsplash photos are in the public domain"" (2017-era Unsplash CC0 photos; Unsplash License also permits free use). Cassidy James edit noted where applicable.",True,True,,380850,635c2be1c524be973795d0ff4789ef91e5abdbd85f83ec312238a19d929a2b2d,,09_PREVIEWS/thumbs/A9bceaf05.jpg,B,,,,
A3af9dc4c,02_PHOTOGRAPHY/ph_kodak_half_timbered_houses_008.png,02_PHOTOGRAPHY,photo,,,Street of colourful half-timbered German houses,"GitHub: MohamedBakrAli/Kodak-Lossless-True-Color-Image-Suite (mirror of Kodak PhotoCD PCD0992, r0k.us/graphics/kodak)",https://github.com/MohamedBakrAli/Kodak-Lossless-True-Color-Image-Suite,https://raw.githubusercontent.com/MohamedBakrAli/Kodak-Lossless-True-Color-Image-Suite/master/PhotoCD_PCD0992/08.png,Eastman Kodak Company (Kodak PhotoCD test image kodim08),Kodak PhotoCD suite: released by Eastman Kodak for unrestricted usage,http://r0k.us/graphics/kodak/,False,,png,768,512,,,False,houses; street; architecture; timber,paper-collage cutout (add white border); color-graded warm lo-fi montage frame; match-cut by colour,paper-collage; beat-sync-montage; match-cut,medium,False,True,downloaded,"Provenance: Kodak lossless true colour image suite, released by Kodak for unrestricted usage (per mirror README and r0k.us). No formal SPDX licence. 768x512 so low-res for 1080p, fine as small cutout/collage element.",True,True,license_caveat,788470,ba23983c76b4832ee0e8af0592664756841a16779acd69f792e268fb6d13d6e7,,09_PREVIEWS/thumbs/A3af9dc4c.jpg,B,,,,
A9bf1803d,02_PHOTOGRAPHY/ph_kodak_hibiscus_arched_shutter_007.png,02_PHOTOGRAPHY,photo,,,Red hibiscus flowers framing an arched green shuttered window on a pale wall,"GitHub: MohamedBakrAli/Kodak-Lossless-True-Color-Image-Suite (mirror of Kodak PhotoCD PCD0992, r0k.us/graphics/kodak)",https://github.com/MohamedBakrAli/Kodak-Lossless-True-Color-Image-Suite,https://raw.githubusercontent.com/MohamedBakrAli/Kodak-Lossless-True-Color-Image-Suite/master/PhotoCD_PCD0992/07.png,Eastman Kodak Company (Kodak PhotoCD test image kodim07),Kodak PhotoCD suite: released by Eastman Kodak for unrestricted usage,http://r0k.us/graphics/kodak/,False,,png,768,512,,,False,hibiscus; window; shutter; flowers; red,paper-collage cutout (add white border); color-graded warm lo-fi montage frame; match-cut by colour,paper-collage; beat-sync-montage; match-cut,high,False,True,downloaded,"Provenance: Kodak lossless true colour image suite, released by Kodak for unrestricted usage (per mirror README and r0k.us). No formal SPDX licence. 768x512 so low-res for 1080p, fine as small cutout/collage element.",True,True,license_caveat,566322,b77d3f006f42414bb242222e0482e750c0fb9e5ee8d4bed2f6f11c5605fe54a4,,09_PREVIEWS/thumbs/A9bf1803d.jpg,B,,,,
Adb99b969,02_PHOTOGRAPHY/ph_kodak_lighthouse_rocky_coast_021.png,02_PHOTOGRAPHY,photo,,,Lighthouse with red-roofed houses on a rocky coast,"GitHub: MohamedBakrAli/Kodak-Lossless-True-Color-Image-Suite (mirror of Kodak PhotoCD PCD0992, r0k.us/graphics/kodak)",https://github.com/MohamedBakrAli/Kodak-Lossless-True-Color-Image-Suite,https://raw.githubusercontent.com/MohamedBakrAli/Kodak-Lossless-True-Color-Image-Suite/master/PhotoCD_PCD0992/21.png,Eastman Kodak Company (Kodak PhotoCD test image kodim21),Kodak PhotoCD suite: released by Eastman Kodak for unrestricted usage,http://r0k.us/graphics/kodak/,False,,png,768,512,,,False,lighthouse; coast; rocks; sea,paper-collage cutout (add white border); color-graded warm lo-fi montage frame; match-cut by colour,paper-collage; beat-sync-montage; match-cut,low,False,True,downloaded,"Provenance: Kodak lossless true colour image suite, released by Kodak for unrestricted usage (per mirror README and r0k.us). No formal SPDX licence. 768x512 so low-res for 1080p, fine as small cutout/collage element.",True,True,license_caveat,637051,ac958597c82073f6bb65129c68f72b651db5b9efd82e11547d07350214bc268b,,09_PREVIEWS/thumbs/Adb99b969.jpg,B,,,,
A4a10fa17,02_PHOTOGRAPHY/ph_kodak_lighthouse_white_fence_019.png,02_PHOTOGRAPHY,photo,,,"Small white lighthouse behind a picket fence, buoy leaning on it","GitHub: MohamedBakrAli/Kodak-Lossless-True-Color-Image-Suite (mirror of Kodak PhotoCD PCD0992, r0k.us/graphics/kodak)",https://github.com/MohamedBakrAli/Kodak-Lossless-True-Color-Image-Suite,https://raw.githubusercontent.com/MohamedBakrAli/Kodak-Lossless-True-Color-Image-Suite/master/PhotoCD_PCD0992/19.png,Eastman Kodak Company (Kodak PhotoCD test image kodim19),Kodak PhotoCD suite: released by Eastman Kodak for unrestricted usage,http://r0k.us/graphics/kodak/,False,,png,512,768,,,False,lighthouse; fence; buoy; coast,paper-collage cutout (add white border); color-graded warm lo-fi montage frame; match-cut by colour,paper-collage; beat-sync-montage; match-cut,medium,False,True,downloaded,"Provenance: Kodak lossless true colour image suite, released by Kodak for unrestricted usage (per mirror README and r0k.us). No formal SPDX licence. 768x512 so low-res for 1080p, fine as small cutout/collage element.",True,True,license_caveat,671476,b7450b264b1b0a411390d8931b112c27905a992520fc90569dc4b920aa32bbdc,,09_PREVIEWS/thumbs/A4a10fa17.jpg,B,,,,
A1b6a742c,02_PHOTOGRAPHY/ph_kodak_macaw_pair_parrots_023.png,02_PHOTOGRAPHY,photo,,,"Blue-and-gold macaw beside a scarlet macaw, beaks close","GitHub: MohamedBakrAli/Kodak-Lossless-True-Color-Image-Suite (mirror of Kodak PhotoCD PCD0992, r0k.us/graphics/kodak)",https://github.com/MohamedBakrAli/Kodak-Lossless-True-Color-Image-Suite,https://raw.githubusercontent.com/MohamedBakrAli/Kodak-Lossless-True-Color-Image-Suite/master/PhotoCD_PCD0992/23.png,Eastman Kodak Company (Kodak PhotoCD test image kodim23),Kodak PhotoCD suite: released by Eastman Kodak for unrestricted usage,http://r0k.us/graphics/kodak/,False,,png,768,512,,,False,parrot; macaw; red; blue; yellow; bird,paper-collage cutout (add white border); color-graded warm lo-fi montage frame; match-cut by colour,paper-collage; beat-sync-montage; match-cut,high,False,True,downloaded,"Provenance: Kodak lossless true colour image suite, released by Kodak for unrestricted usage (per mirror README and r0k.us). No formal SPDX licence. 768x512 so low-res for 1080p, fine as small cutout/collage element.",True,True,license_caveat,557596,e3111a2fd4da24af15d6459ef9eacfe54106b38e27b4a21821b75c3f5d2d5baf,,09_PREVIEWS/thumbs/A1b6a742c.jpg,B,,,,
Ac7511b89,02_PHOTOGRAPHY/ph_kodak_motocross_start_line_005.png,02_PHOTOGRAPHY,photo,,,Motocross riders lined up at the gate in colourful helmets and bikes,"GitHub: MohamedBakrAli/Kodak-Lossless-True-Color-Image-Suite (mirror of Kodak PhotoCD PCD0992, r0k.us/graphics/kodak)",https://github.com/MohamedBakrAli/Kodak-Lossless-True-Color-Image-Suite,https://raw.githubusercontent.com/MohamedBakrAli/Kodak-Lossless-True-Color-Image-Suite/master/PhotoCD_PCD0992/05.png,Eastman Kodak Company (Kodak PhotoCD test image kodim05),Kodak PhotoCD suite: released by Eastman Kodak for unrestricted usage,http://r0k.us/graphics/kodak/,False,,png,768,512,,,False,motocross; bikes; helmets; colourful,paper-collage cutout (add white border); color-graded warm lo-fi montage frame; match-cut by colour,paper-collage; beat-sync-montage; match-cut,medium,False,True,downloaded,"Provenance: Kodak lossless true colour image suite, released by Kodak for unrestricted usage (per mirror README and r0k.us). No formal SPDX licence. 768x512 so low-res for 1080p, fine as small cutout/collage element.",True,True,license_caveat,785610,10349e963c5c813d327852f82c1795fa4148d69fedffc4c589bee458e3ac3d53,,09_PREVIEWS/thumbs/Ac7511b89.jpg,B,,,,
Aa1487314,02_PHOTOGRAPHY/ph_kodak_mountain_creek_013.png,02_PHOTOGRAPHY,photo,,,Rocky mountain creek running toward forested peaks,"GitHub: MohamedBakrAli/Kodak-Lossless-True-Color-Image-Suite (mirror of Kodak PhotoCD PCD0992, r0k.us/graphics/kodak)",https://github.com/MohamedBakrAli/Kodak-Lossless-True-Color-Image-Suite,https://raw.githubusercontent.com/MohamedBakrAli/Kodak-Lossless-True-Color-Image-Suite/master/PhotoCD_PCD0992/13.png,Eastman Kodak Company (Kodak PhotoCD test image kodim13),Kodak PhotoCD suite: released by Eastman Kodak for unrestricted usage,http://r0k.us/graphics/kodak/,False,,png,768,512,,,False,creek; mountains; forest; landscape,paper-collage cutout (add white border); color-graded warm lo-fi montage frame; match-cut by colour,paper-collage; beat-sync-montage; match-cut,low,False,True,downloaded,"Provenance: Kodak lossless true colour image suite, released by Kodak for unrestricted usage (per mirror README and r0k.us). No formal SPDX licence. 768x512 so low-res for 1080p, fine as small cutout/collage element.",True,True,license_caveat,822712,bc34a3ce58dea09dce1704c997171602de90cb34d0c8503a988b77f473d39b08,,09_PREVIEWS/thumbs/Aa1487314.jpg,B,,,,
A3d29115c,02_PHOTOGRAPHY/ph_kodak_neon_caps_shadows_003.png,02_PHOTOGRAPHY,photo,,,"Row of neon yellow, orange, green and pink caps casting long shadows on a wall","GitHub: MohamedBakrAli/Kodak-Lossless-True-Color-Image-Suite (mirror of Kodak PhotoCD PCD0992, r0k.us/graphics/kodak)",https://github.com/MohamedBakrAli/Kodak-Lossless-True-Color-Image-Suite,https://raw.githubusercontent.com/MohamedBakrAli/Kodak-Lossless-True-Color-Image-Suite/master/PhotoCD_PCD0992/03.png,Eastman Kodak Company (Kodak PhotoCD test image kodim03),Kodak PhotoCD suite: released by Eastman Kodak for unrestricted usage,http://r0k.us/graphics/kodak/,False,,png,768,512,,,False,caps; hats; neon; shadows; playful,paper-collage cutout (add white border); color-graded warm lo-fi montage frame; match-cut by colour,paper-collage; beat-sync-montage; match-cut,high,False,True,downloaded,"Provenance: Kodak lossless true colour image suite, released by Kodak for unrestricted usage (per mirror README and r0k.us). No formal SPDX licence. 768x512 so low-res for 1080p, fine as small cutout/collage element.",True,True,license_caveat,502888,e25ca1ff2f0c0cb5fdfd5f9b0a0bb21ac4c3de3c84a67f35b09a85d3306249db,,09_PREVIEWS/thumbs/A3d29115c.jpg,B,,,,
A2c29ba80,02_PHOTOGRAPHY/ph_kodak_painted_chalet_024.png,02_PHOTOGRAPHY,photo,,,Alpine chalet with painted facade murals and flower boxes,"GitHub: MohamedBakrAli/Kodak-Lossless-True-Color-Image-Suite (mirror of Kodak PhotoCD PCD0992, r0k.us/graphics/kodak)",https://github.com/MohamedBakrAli/Kodak-Lossless-True-Color-Image-Suite,https://raw.githubusercontent.com/MohamedBakrAli/Kodak-Lossless-True-Color-Image-Suite/master/PhotoCD_PCD0992/24.png,Eastman Kodak Company (Kodak PhotoCD test image kodim24),Kodak PhotoCD suite: released by Eastman Kodak for unrestricted usage,http://r0k.us/graphics/kodak/,False,,png,768,512,,,False,chalet; mural; alpine; architecture,paper-collage cutout (add white border); color-graded warm lo-fi montage frame; match-cut by colour,paper-collage; beat-sync-montage; match-cut,medium,False,True,downloaded,"Provenance: Kodak lossless true colour image suite, released by Kodak for unrestricted usage (per mirror README and r0k.us). No formal SPDX licence. 768x512 so low-res for 1080p, fine as small cutout/collage element.",True,True,license_caveat,706397,1071c68372cc5a01435c2c225a5cf7d4bb803846ec08bb6b3d6721b156d7cb96,,09_PREVIEWS/thumbs/A2c29ba80.jpg,B,,,,
A94f6a794,02_PHOTOGRAPHY/ph_kodak_palm_island_clouds_016.png,02_PHOTOGRAPHY,photo,,,Tiny palm-covered island under big cumulus clouds on calm water,"GitHub: MohamedBakrAli/Kodak-Lossless-True-Color-Image-Suite (mirror of Kodak PhotoCD PCD0992, r0k.us/graphics/kodak)",https://github.com/MohamedBakrAli/Kodak-Lossless-True-Color-Image-Suite,https://raw.githubusercontent.com/MohamedBakrAli/Kodak-Lossless-True-Color-Image-Suite/master/PhotoCD_PCD0992/16.png,Eastman Kodak Company (Kodak PhotoCD test image kodim16),Kodak PhotoCD suite: released by Eastman Kodak for unrestricted usage,http://r0k.us/graphics/kodak/,False,,png,768,512,,,False,island; palm; clouds; tropical,paper-collage cutout (add white border); color-graded warm lo-fi montage frame; match-cut by colour,paper-collage; beat-sync-montage; match-cut,low,False,True,downloaded,"Provenance: Kodak lossless true colour image suite, released by Kodak for unrestricted usage (per mirror README and r0k.us). No formal SPDX licence. 768x512 so low-res for 1080p, fine as small cutout/collage element.",True,True,license_caveat,534247,a89c7268ccd4718ba424a99fc4643c572cf692ca6eae887185ceb4e9f11d2e54,,09_PREVIEWS/thumbs/A94f6a794.jpg,B,,,,
Ab88a6d72,02_PHOTOGRAPHY/ph_kodak_red_barn_pond_022.png,02_PHOTOGRAPHY,photo,,,Red barn reflected in a pond with soft green foliage,"GitHub: MohamedBakrAli/Kodak-Lossless-True-Color-Image-Suite (mirror of Kodak PhotoCD PCD0992, r0k.us/graphics/kodak)",https://github.com/MohamedBakrAli/Kodak-Lossless-True-Color-Image-Suite,https://raw.githubusercontent.com/MohamedBakrAli/Kodak-Lossless-True-Color-Image-Suite/master/PhotoCD_PCD0992/22.png,Eastman Kodak Company (Kodak PhotoCD test image kodim22),Kodak PhotoCD suite: released by Eastman Kodak for unrestricted usage,http://r0k.us/graphics/kodak/,False,,png,768,512,,,False,barn; red; pond; reflection; farm,paper-collage cutout (add white border); color-graded warm lo-fi montage frame; match-cut by colour,paper-collage; beat-sync-montage; match-cut,medium,False,True,downloaded,"Provenance: Kodak lossless true colour image suite, released by Kodak for unrestricted usage (per mirror README and r0k.us). No formal SPDX licence. 768x512 so low-res for 1080p, fine as small cutout/collage element.",True,True,license_caveat,701970,1cee58eb1f2d9c7ebb254d208a03c783ce6cf2c4d8c2cf45e235dd23b4ce1b29,,09_PREVIEWS/thumbs/Ab88a6d72.jpg,B,,,,
Aa4107baf,02_PHOTOGRAPHY/ph_kodak_red_door_latch_002.png,02_PHOTOGRAPHY,photo,,,Close-up of a peeling red-orange wooden door with a rusty bolt and round knob,"GitHub: MohamedBakrAli/Kodak-Lossless-True-Color-Image-Suite (mirror of Kodak PhotoCD PCD0992, r0k.us/graphics/kodak)",https://github.com/MohamedBakrAli/Kodak-Lossless-True-Color-Image-Suite,https://raw.githubusercontent.com/MohamedBakrAli/Kodak-Lossless-True-Color-Image-Suite/master/PhotoCD_PCD0992/02.png,Eastman Kodak Company (Kodak PhotoCD test image kodim02),Kodak PhotoCD suite: released by Eastman Kodak for unrestricted usage,http://r0k.us/graphics/kodak/,False,,png,768,512,,,False,door; red; latch; texture; orange,paper-collage cutout (add white border); color-graded warm lo-fi montage frame; match-cut by colour,paper-collage; beat-sync-montage; match-cut,high,False,True,downloaded,"Provenance: Kodak lossless true colour image suite, released by Kodak for unrestricted usage (per mirror README and r0k.us). No formal SPDX licence. 768x512 so low-res for 1080p, fine as small cutout/collage element.",True,True,license_caveat,617995,4f4b74a79237e311d72cad958237b5f7088d8bce1c82305ebefe1a70e3022dfd,,09_PREVIEWS/thumbs/Aa4107baf.jpg,B,,,,
Afa9a3e44,02_PHOTOGRAPHY/ph_kodak_sail_numbers_closeup_010.png,02_PHOTOGRAPHY,photo,,,"Close-up of white racing sails with big sail numbers, crew below","GitHub: MohamedBakrAli/Kodak-Lossless-True-Color-Image-Suite (mirror of Kodak PhotoCD PCD0992, r0k.us/graphics/kodak)",https://github.com/MohamedBakrAli/Kodak-Lossless-True-Color-Image-Suite,https://raw.githubusercontent.com/MohamedBakrAli/Kodak-Lossless-True-Color-Image-Suite/master/PhotoCD_PCD0992/10.png,Eastman Kodak Company (Kodak PhotoCD test image kodim10),Kodak PhotoCD suite: released by Eastman Kodak for unrestricted usage,http://r0k.us/graphics/kodak/,False,,png,512,768,,,False,sails; numbers; yacht; abstract,paper-collage cutout (add white border); color-graded warm lo-fi montage frame; match-cut by colour,paper-collage; beat-sync-montage; match-cut,medium,False,True,downloaded,"Provenance: Kodak lossless true colour image suite, released by Kodak for unrestricted usage (per mirror README and r0k.us). No formal SPDX licence. 768x512 so low-res for 1080p, fine as small cutout/collage element.",True,True,license_caveat,593463,9dfb70f5867c29ff9ed6313683f19b3d867849e40fbc0c4c54a4a89df341cf23,,09_PREVIEWS/thumbs/Afa9a3e44.jpg,B,,,,
A3c21bea9,02_PHOTOGRAPHY/ph_kodak_sailboat_turquoise_sea_006.png,02_PHOTOGRAPHY,photo,,,"Small sailboat anchored on turquoise water, warm vintage colour","GitHub: MohamedBakrAli/Kodak-Lossless-True-Color-Image-Suite (mirror of Kodak PhotoCD PCD0992, r0k.us/graphics/kodak)",https://github.com/MohamedBakrAli/Kodak-Lossless-True-Color-Image-Suite,https://raw.githubusercontent.com/MohamedBakrAli/Kodak-Lossless-True-Color-Image-Suite/master/PhotoCD_PCD0992/06.png,Eastman Kodak Company (Kodak PhotoCD test image kodim06),Kodak PhotoCD suite: released by Eastman Kodak for unrestricted usage,http://r0k.us/graphics/kodak/,False,,png,768,512,,,False,sailboat; sea; turquoise; vintage,paper-collage cutout (add white border); color-graded warm lo-fi montage frame; match-cut by colour,paper-collage; beat-sync-montage; match-cut,medium,False,True,downloaded,"Provenance: Kodak lossless true colour image suite, released by Kodak for unrestricted usage (per mirror README and r0k.us). No formal SPDX licence. 768x512 so low-res for 1080p, fine as small cutout/collage element.",True,True,license_caveat,618959,363510303b715d4cbc384e1ce227e466b613a09e1b71ae985882bf8e7fbd9b18,,09_PREVIEWS/thumbs/A3c21bea9.jpg,B,,,,
Abe9b7205,02_PHOTOGRAPHY/ph_kodak_spinnaker_sails_regatta_009.png,02_PHOTOGRAPHY,photo,,,"Yellow, blue and red spinnakers in a sailing regatta","GitHub: MohamedBakrAli/Kodak-Lossless-True-Color-Image-Suite (mirror of Kodak PhotoCD PCD0992, r0k.us/graphics/kodak)",https://github.com/MohamedBakrAli/Kodak-Lossless-True-Color-Image-Suite,https://raw.githubusercontent.com/MohamedBakrAli/Kodak-Lossless-True-Color-Image-Suite/master/PhotoCD_PCD0992/09.png,Eastman Kodak Company (Kodak PhotoCD test image kodim09),Kodak PhotoCD suite: released by Eastman Kodak for unrestricted usage,http://r0k.us/graphics/kodak/,False,,png,512,768,,,False,sails; regatta; sailing; colourful,paper-collage cutout (add white border); color-graded warm lo-fi montage frame; match-cut by colour,paper-collage; beat-sync-montage; match-cut,medium,False,True,downloaded,"Provenance: Kodak lossless true colour image suite, released by Kodak for unrestricted usage (per mirror README and r0k.us). No formal SPDX licence. 768x512 so low-res for 1080p, fine as small cutout/collage element.",True,True,license_caveat,582899,6a4361c2fc194feb4edaa9f9a4a0620fb9943e460ac7fdf037fb0f6dd6607a7d,,09_PREVIEWS/thumbs/Abe9b7205.jpg,B,,,,
Aabd51781,02_PHOTOGRAPHY/ph_kodak_statue_gold_globe_017.png,02_PHOTOGRAPHY,photo,,,Pale statue of a robed figure in a laurel crown holding a gold globe,"GitHub: MohamedBakrAli/Kodak-Lossless-True-Color-Image-Suite (mirror of Kodak PhotoCD PCD0992, r0k.us/graphics/kodak)",https://github.com/MohamedBakrAli/Kodak-Lossless-True-Color-Image-Suite,https://raw.githubusercontent.com/MohamedBakrAli/Kodak-Lossless-True-Color-Image-Suite/master/PhotoCD_PCD0992/17.png,Eastman Kodak Company (Kodak PhotoCD test image kodim17),Kodak PhotoCD suite: released by Eastman Kodak for unrestricted usage,http://r0k.us/graphics/kodak/,False,,png,512,768,,,False,statue; gold; globe; surreal; sculpture,paper-collage cutout (add white border); color-graded warm lo-fi montage frame; match-cut by colour,paper-collage; beat-sync-montage; match-cut,high,False,True,downloaded,"Provenance: Kodak lossless true colour image suite, released by Kodak for unrestricted usage (per mirror README and r0k.us). No formal SPDX licence. 768x512 so low-res for 1080p, fine as small cutout/collage element.",True,True,license_caveat,602078,37afcc89fbdcb76d9518e04b2fc011027e2f4cd14b3b2f83cefd721641a47c5b,,09_PREVIEWS/thumbs/Aabd51781.jpg,B,,,,
A21d61b74,02_PHOTOGRAPHY/ph_kodak_stone_house_red_shutters_001.png,02_PHOTOGRAPHY,photo,,,Weathered stone house with red shutters and a red door,"GitHub: MohamedBakrAli/Kodak-Lossless-True-Color-Image-Suite (mirror of Kodak PhotoCD PCD0992, r0k.us/graphics/kodak)",https://github.com/MohamedBakrAli/Kodak-Lossless-True-Color-Image-Suite,https://raw.githubusercontent.com/MohamedBakrAli/Kodak-Lossless-True-Color-Image-Suite/master/PhotoCD_PCD0992/01.png,Eastman Kodak Company (Kodak PhotoCD test image kodim01),Kodak PhotoCD suite: released by Eastman Kodak for unrestricted usage,http://r0k.us/graphics/kodak/,False,,png,768,512,,,False,house; shutters; red; architecture,paper-collage cutout (add white border); color-graded warm lo-fi montage frame; match-cut by colour,paper-collage; beat-sync-montage; match-cut,high,False,True,downloaded,"Provenance: Kodak lossless true colour image suite, released by Kodak for unrestricted usage (per mirror README and r0k.us). No formal SPDX licence. 768x512 so low-res for 1080p, fine as small cutout/collage element.",True,True,license_caveat,736501,a56e27cbf5f843c048b6af1d6e090760e9c92fadba88b7dee0205918a37523bd,,09_PREVIEWS/thumbs/A21d61b74.jpg,B,,,,
A0916691c,02_PHOTOGRAPHY/ph_kodak_warbird_mustang_plane_020.png,02_PHOTOGRAPHY,photo,,,Vintage propeller warbird fighter parked on the grass with yellow nose,"GitHub: MohamedBakrAli/Kodak-Lossless-True-Color-Image-Suite (mirror of Kodak PhotoCD PCD0992, r0k.us/graphics/kodak)",https://github.com/MohamedBakrAli/Kodak-Lossless-True-Color-Image-Suite,https://raw.githubusercontent.com/MohamedBakrAli/Kodak-Lossless-True-Color-Image-Suite/master/PhotoCD_PCD0992/20.png,Eastman Kodak Company (Kodak PhotoCD test image kodim20),Kodak PhotoCD suite: released by Eastman Kodak for unrestricted usage,http://r0k.us/graphics/kodak/,False,,png,768,512,,,False,airplane; vintage; propeller; warbird; yellow,paper-collage cutout (add white border); color-graded warm lo-fi montage frame; match-cut by colour,paper-collage; beat-sync-montage; match-cut,high,False,True,downloaded,"Provenance: Kodak lossless true colour image suite, released by Kodak for unrestricted usage (per mirror README and r0k.us). No formal SPDX licence. 768x512 so low-res for 1080p, fine as small cutout/collage element.",True,True,license_caveat,492462,3b46c71e3b92a563820ba32936be8330c586c41f938efd94be938386aae4328a,,09_PREVIEWS/thumbs/A0916691c.jpg,B,,,,
A1dcf5dd9,02_PHOTOGRAPHY/ph_kodak_wrecked_boat_pier_011.png,02_PHOTOGRAPHY,photo,,,Rusty weathered pier and a battered boat in teal water,"GitHub: MohamedBakrAli/Kodak-Lossless-True-Color-Image-Suite (mirror of Kodak PhotoCD PCD0992, r0k.us/graphics/kodak)",https://github.com/MohamedBakrAli/Kodak-Lossless-True-Color-Image-Suite,https://raw.githubusercontent.com/MohamedBakrAli/Kodak-Lossless-True-Color-Image-Suite/master/PhotoCD_PCD0992/11.png,Eastman Kodak Company (Kodak PhotoCD test image kodim11),Kodak PhotoCD suite: released by Eastman Kodak for unrestricted usage,http://r0k.us/graphics/kodak/,False,,png,768,512,,,False,pier; boat; rust; teal; decay,paper-collage cutout (add white border); color-graded warm lo-fi montage frame; match-cut by colour,paper-collage; beat-sync-montage; match-cut,medium,False,True,downloaded,"Provenance: Kodak lossless true colour image suite, released by Kodak for unrestricted usage (per mirror README and r0k.us). No formal SPDX licence. 768x512 so low-res for 1080p, fine as small cutout/collage element.",True,True,license_caveat,621023,7936814b58b5387fce2e4e2488b4ec830dadd95fa9520f358ddb30990b50f2b6,,09_PREVIEWS/thumbs/A1dcf5dd9.jpg,B,,,,
Aeb45ea1d,02_PHOTOGRAPHY/ph_kodak_yellow_raft_rapids_014.png,02_PHOTOGRAPHY,photo,,,Crew in a yellow raft with orange life vests paddling whitewater,"GitHub: MohamedBakrAli/Kodak-Lossless-True-Color-Image-Suite (mirror of Kodak PhotoCD PCD0992, r0k.us/graphics/kodak)",https://github.com/MohamedBakrAli/Kodak-Lossless-True-Color-Image-Suite,https://raw.githubusercontent.com/MohamedBakrAli/Kodak-Lossless-True-Color-Image-Suite/master/PhotoCD_PCD0992/14.png,Eastman Kodak Company (Kodak PhotoCD test image kodim14),Kodak PhotoCD suite: released by Eastman Kodak for unrestricted usage,http://r0k.us/graphics/kodak/,False,,png,768,512,,,False,raft; rapids; yellow; orange; river,paper-collage cutout (add white border); color-graded warm lo-fi montage frame; match-cut by colour,paper-collage; beat-sync-montage; match-cut,medium,False,True,downloaded,"Provenance: Kodak lossless true colour image suite, released by Kodak for unrestricted usage (per mirror README and r0k.us). No formal SPDX licence. 768x512 so low-res for 1080p, fine as small cutout/collage element.",True,True,license_caveat,692201,55a94550ff18f3246c4074fd32b77b0c74447c26b6ad274d564d999c0450ba6e,,09_PREVIEWS/thumbs/Aeb45ea1d.jpg,B,,,,
Af7702be9,02_PHOTOGRAPHY/ph_lion_portrait_001.jpg,02_PHOTOGRAPHY,photo,,,Close African lion portrait with detailed fur,"GitHub: maximshilo/tessellatum tests/sample_images (CC0/PD photos, checked against source pages)",https://www.flickr.com/photos/91501748@N07/30219791437,https://raw.githubusercontent.com/maximshilo/tessellatum/main/tests/sample_images/l-photo-lion.jpg,Mathias Appel,CC0-1.0,https://creativecommons.org/publicdomain/zero/1.0/,False,,jpg,2047,1365,,,False,lion; animal; fur; portrait,animal cutout; warm-light grade,thermal-glow; paper-collage,medium,False,False,downloaded,"Resaved by repo without metadata, max 2048px. ",True,True,,1403257,bb949fe9012dca7e0f94f2f2690c636cb99443cd5d9d07c11966ede3aecd19ef,,09_PREVIEWS/thumbs/Af7702be9.jpg,B,,,,
Af6eb3f50,02_PHOTOGRAPHY/ph_lunar_eclipse_sequence_063.jpg,02_PHOTOGRAPHY,photo,,,Sequence of the moon in eclipse stepping from white to red across black,GitHub: pop-os/wallpapers (originals from Unsplash),https://unsplash.com/photos/0hgiQQEi4ic,https://raw.githubusercontent.com/pop-os/wallpapers/master/original/jake-hills-36605.jpg,Jake Hills,CC0-1.0 / Unsplash (public domain per repo README),https://unsplash.com/license,False,,jpg,5760,3840,,,False,moon; eclipse; sequence; black; red,black-canvas glow background; object/planet match-cut; star-flare backdrop,paper-collage; match-cut,high,False,False,downloaded,"Pop!_OS wallpapers README: ""Unsplash photos are in the public domain"" (2017-era Unsplash CC0 photos; Unsplash License also permits free use). Cassidy James edit noted where applicable.",True,True,,1183051,13acd13b3bcb234cc15175895e57715c99e2f7220903ae681830311a18cb9085,,09_PREVIEWS/thumbs/Af6eb3f50.jpg,B,,,,
A71bb6c2c,02_PHOTOGRAPHY/ph_milan_tower_circular_frame_056.jpg,02_PHOTOGRAPHY,photo,,,"Milan skyscraper seen through a curved white ring on pure black, surreal framing",GitHub: BuddiesOfBudgie/budgie-backgrounds,https://github.com/BuddiesOfBudgie/budgie-backgrounds,https://raw.githubusercontent.com/BuddiesOfBudgie/budgie-backgrounds/main/backgrounds/piazza-gae-aulenti.jpg,Unknown photographer (see repo),CC0-1.0,https://creativecommons.org/publicdomain/zero/1.0/,False,,jpg,3840,2560,,,False,architecture; milan; tower; black; surreal; frame,paper-collage cutout; warm-light grade; match-cut,paper-collage; match-cut; loop-bg,high,False,False,downloaded,Repo is CC0-1.0 and states all images were manually reviewed for CC0/public-domain compliance (submission rules require CC0/PD plus source for non-authors); photographer not recorded in repo. Min 3840x2160 originals.,True,True,,446675,b3121c9e8b4921d84cded6b63a2d1c5868b96af802cc11810ec61a8b6416f684,,09_PREVIEWS/thumbs/A71bb6c2c.jpg,B,,,,
Ad59b963b,02_PHOTOGRAPHY/ph_monument_valley_buttes_078.jpg,02_PHOTOGRAPHY,photo,,,Orange sandstone buttes of Monument Valley under puffy clouds,GitHub: pop-os/wallpapers (originals from Unsplash),https://unsplash.com/photos/eKpO8DlBvo0,https://raw.githubusercontent.com/pop-os/wallpapers/master/original/jasper-van-der-meij-97274-edit.jpg,Jasper van der Meij (edit by Cassidy James),CC0-1.0 / Unsplash (public domain per repo README),https://unsplash.com/license,False,,jpg,4899,3245,,,False,monument valley; orange; desert; buttes,black-canvas glow background; object/planet match-cut; star-flare backdrop,paper-collage; match-cut,medium,False,False,downloaded,"Pop!_OS wallpapers README: ""Unsplash photos are in the public domain"" (2017-era Unsplash CC0 photos; Unsplash License also permits free use). Cassidy James edit noted where applicable.",True,True,,4827011,298bc9fd4c5d88005a9bb329958aa7c72b93fb7c425f9e822672e895f2c88c82,,09_PREVIEWS/thumbs/Ad59b963b.jpg,B,,,,
A6a951acd,02_PHOTOGRAPHY/ph_moon_craters_closeup_065.jpg,02_PHOTOGRAPHY,photo,,,Moon surface craters seen from orbit on black,GitHub: pop-os/wallpapers (originals from Unsplash),https://unsplash.com/photos/jlV2k_Fx0fc,https://raw.githubusercontent.com/pop-os/wallpapers/master/original/nasa-45068.jpg,NASA (via Unsplash),Public-Domain-NASA (via Unsplash),https://www.nasa.gov/nasa-brand-center/images-and-media/,False,,jpg,3000,3000,,,False,moon; craters; space; grayscale,black-canvas glow background; object/planet match-cut; star-flare backdrop,thermal-glow; star-flare; loop-bg,medium,False,False,downloaded,"Pop!_OS wallpapers README: ""Unsplash photos are in the public domain"" (2017-era Unsplash CC0 photos; Unsplash License also permits free use). Cassidy James edit noted where applicable. NASA imagery is public domain.",True,True,,1989640,d42066cebbc222d61e4d5587e02bc8fd21755e539ad9e86d50f5c184591af92a,,09_PREVIEWS/thumbs/A6a951acd.jpg,B,,,,
A51c23c62,02_PHOTOGRAPHY/ph_oberhofen_castle_lake_001.jpg,02_PHOTOGRAPHY,photo,,,Oberhofen castle on the water with dramatic clouds,"GitHub: maximshilo/tessellatum tests/sample_images (CC0/PD photos, checked against source pages)",https://www.flickr.com/photos/23960020@N02/34308831365,https://raw.githubusercontent.com/maximshilo/tessellatum/main/tests/sample_images/l-photo-switzerland-castle.jpg,Andrea Einaudi,CC0-1.0,https://creativecommons.org/publicdomain/zero/1.0/,False,,jpg,2048,1536,,,False,castle; lake; clouds; landscape,loop-bg,loop-bg,low,False,False,downloaded,"Resaved by repo without metadata, max 2048px. ",True,True,,695351,ea9564e8d335332d09689daa4219311c1a80e10680db54f60f825de69af6ebdd,,09_PREVIEWS/thumbs/A51c23c62.jpg,B,,,,
A17222c30,02_PHOTOGRAPHY/ph_orange_cat_face_001.jpg,02_PHOTOGRAPHY,photo,,,Headshot of orange cat with white face against soft background,"GitHub: maximshilo/tessellatum tests/sample_images (CC0/PD photos, checked against source pages)",https://www.flickr.com/photos/29507259@N02/5523655465,https://raw.githubusercontent.com/maximshilo/tessellatum/main/tests/sample_images/l-photo-cats-face.jpg,Derrick Coetzee,CC0-1.0,https://creativecommons.org/publicdomain/zero/1.0/,False,,jpg,2048,1360,,,False,cat; orange; animal; face,cat match-cut; orange subject,pixel-to-real; match-cut,high,False,False,downloaded,"Resaved by repo without metadata, max 2048px. ",True,True,,497934,a1e31a65af580e092ec37a2ea36afb12e606a684e6684387528119267031d131,,09_PREVIEWS/thumbs/A17222c30.jpg,B,,,,
A8f339fbc,02_PHOTOGRAPHY/ph_orange_dune_hikers_052.jpg,02_PHOTOGRAPHY,photo,,,"Tiny hikers climbing a huge orange sand dune under pale blue sky, minimal composition",GitHub: BuddiesOfBudgie/budgie-backgrounds,https://github.com/BuddiesOfBudgie/budgie-backgrounds,https://raw.githubusercontent.com/BuddiesOfBudgie/budgie-backgrounds/main/backgrounds/extreme-desert-hike.jpg,Unknown photographer (see repo),CC0-1.0,https://creativecommons.org/publicdomain/zero/1.0/,False,,jpg,3840,2560,,,False,dune; desert; orange; minimal; tiny-people,paper-collage cutout; warm-light grade; match-cut,paper-collage; match-cut; loop-bg,high,False,False,downloaded,Repo is CC0-1.0 and states all images were manually reviewed for CC0/public-domain compliance (submission rules require CC0/PD plus source for non-authors); photographer not recorded in repo. Min 3840x2160 originals.,True,True,,434289,dbf6fad925bc0f84059f9a77c3ebe5990371b0268eebe5d43a7f268bc4946c08,,09_PREVIEWS/thumbs/A8f339fbc.jpg,B,,,,
A22894a20,02_PHOTOGRAPHY/ph_orange_full_moon_074.jpg,02_PHOTOGRAPHY,photo,,,"Small orange full moon in a deep teal sky, minimal",GitHub: pop-os/wallpapers (originals from Unsplash),https://unsplash.com/photos/9T-ECH-1Tj0,https://raw.githubusercontent.com/pop-os/wallpapers/master/original/tim-mccartney-39907.jpg,Tim McCartney,CC0-1.0 / Unsplash (public domain per repo README),https://unsplash.com/license,False,,jpg,5538,3694,,,False,moon; orange; teal; minimal; night,black-canvas glow background; object/planet match-cut; star-flare backdrop,paper-collage; match-cut,high,False,False,downloaded,"Pop!_OS wallpapers README: ""Unsplash photos are in the public domain"" (2017-era Unsplash CC0 photos; Unsplash License also permits free use). Cassidy James edit noted where applicable.",True,True,,4501130,aaecbd33cb61b8cc223c61ffc8c07105cbc68d22d6a9aa3ece50b23870741847,,09_PREVIEWS/thumbs/A22894a20.jpg,B,,,,
A3894e9a4,02_PHOTOGRAPHY/ph_palermo_castle_sky_001.jpg,02_PHOTOGRAPHY,photo,,,Palermo castle tower against plain sky,"GitHub: maximshilo/tessellatum tests/sample_images (CC0/PD photos, checked against source pages)",https://commons.wikimedia.org/wiki/File:Palermo-Castle-bjs-1.jpg,https://raw.githubusercontent.com/maximshilo/tessellatum/main/tests/sample_images/l-photo-palermo-castle.jpg,Bjs,CC0-1.0,https://creativecommons.org/publicdomain/zero/1.0/,False,,jpg,1536,1028,,,False,castle; architecture; sky; palermo,architecture cutout; retro-window,paper-collage,low,False,False,downloaded,"Resaved by repo without metadata, max 2048px. ",True,True,,435109,ef6e3f5d723b16ae08f24355c9d3d8ae811ffec462aef1b6e4947a2e4b7d428e,,09_PREVIEWS/thumbs/A3894e9a4.jpg,B,,,,
A5237984d,02_PHOTOGRAPHY/ph_perched_osprey_054.jpg,02_PHOTOGRAPHY,photo,,,Osprey perched on a bare pine branch,GitHub: BuddiesOfBudgie/budgie-backgrounds,https://github.com/BuddiesOfBudgie/budgie-backgrounds,https://raw.githubusercontent.com/BuddiesOfBudgie/budgie-backgrounds/main/backgrounds/perched-osprey.jpg,Unknown photographer (see repo),CC0-1.0,https://creativecommons.org/publicdomain/zero/1.0/,False,,jpg,3840,2160,,,False,osprey; bird; raptor; animal,paper-collage cutout; warm-light grade; match-cut,paper-collage; match-cut; loop-bg,low,False,False,downloaded,Repo is CC0-1.0 and states all images were manually reviewed for CC0/public-domain compliance (submission rules require CC0/PD plus source for non-authors); photographer not recorded in repo. Min 3840x2160 originals.,True,True,,1881525,588cf665d3b152be3cbca439a680aa06df43e573d1c2ed6aedc432a6684fd9a9,,09_PREVIEWS/thumbs/A5237984d.jpg,B,,,,
Acb661bbb,02_PHOTOGRAPHY/ph_perched_shrike_twigs_055.jpg,02_PHOTOGRAPHY,photo,,,Small shrike silhouetted on thin twigs against blue sky,GitHub: BuddiesOfBudgie/budgie-backgrounds,https://github.com/BuddiesOfBudgie/budgie-backgrounds,https://raw.githubusercontent.com/BuddiesOfBudgie/budgie-backgrounds/main/backgrounds/perched-shrike.jpg,Unknown photographer (see repo),CC0-1.0,https://creativecommons.org/publicdomain/zero/1.0/,False,,jpg,3840,2160,,,False,shrike; bird; twigs; minimal; silhouette,paper-collage cutout; warm-light grade; match-cut,paper-collage; match-cut; loop-bg,medium,False,False,downloaded,Repo is CC0-1.0 and states all images were manually reviewed for CC0/public-domain compliance (submission rules require CC0/PD plus source for non-authors); photographer not recorded in repo. Min 3840x2160 originals.,True,True,,1674081,f5aa4641ba5835f27ca85247fdb882970642d42282968075e48c862c42bd7066,,09_PREVIEWS/thumbs/Acb661bbb.jpg,B,,,,
A9a8a99cd,02_PHOTOGRAPHY/ph_radio_telescope_dish_062.jpg,02_PHOTOGRAPHY,photo,,,"Large radio telescope dish silhouetted in grayscale against dark sky, retro tech feel",GitHub: pop-os/wallpapers (originals from Unsplash),https://unsplash.com/photos/ZYecenZy7o4,https://raw.githubusercontent.com/pop-os/wallpapers/master/original/galen-crout-175291.jpg,Galen Crout,CC0-1.0 / Unsplash (public domain per repo README),https://unsplash.com/license,False,,jpg,2768,1560,,,False,radio; dish; telescope; monochrome; retro-tech,black-canvas glow background; object/planet match-cut; star-flare backdrop,paper-collage; match-cut,high,False,False,downloaded,"Pop!_OS wallpapers README: ""Unsplash photos are in the public domain"" (2017-era Unsplash CC0 photos; Unsplash License also permits free use). Cassidy James edit noted where applicable.",True,True,,477781,498a22bca8f7b83f4aecc874975948912c7ddee076dd2fe3fe74ffa2b942f481,,09_PREVIEWS/thumbs/A9a8a99cd.jpg,B,,,,
A49ff88ce,02_PHOTOGRAPHY/ph_river_otters_rock_053.jpg,02_PHOTOGRAPHY,photo,,,Two river otters on a rock beside dark water,GitHub: BuddiesOfBudgie/budgie-backgrounds,https://github.com/BuddiesOfBudgie/budgie-backgrounds,https://raw.githubusercontent.com/BuddiesOfBudgie/budgie-backgrounds/main/backgrounds/oakland-zoo-otters.jpg,Unknown photographer (see repo),CC0-1.0,https://creativecommons.org/publicdomain/zero/1.0/,False,,jpg,3840,2160,,,False,otter; animal; water; playful,paper-collage cutout; warm-light grade; match-cut,paper-collage; match-cut; loop-bg,medium,False,False,downloaded,Repo is CC0-1.0 and states all images were manually reviewed for CC0/public-domain compliance (submission rules require CC0/PD plus source for non-authors); photographer not recorded in repo. Min 3840x2160 originals.,True,True,,1153407,9e98f21823674735b79a030632008a9229eed93ffbd0c4844263397f64fba24a,,09_PREVIEWS/thumbs/A49ff88ce.jpg,B,,,,
A2710f836,02_PHOTOGRAPHY/ph_saturn_ring_eclipse_cassini_059.jpg,02_PHOTOGRAPHY,photo,,,"Saturn crescent with rings isolated on pure black, Cassini image, ultra-wide 6000x2500",GitHub: BuddiesOfBudgie/budgie-backgrounds,https://github.com/BuddiesOfBudgie/budgie-backgrounds,https://raw.githubusercontent.com/BuddiesOfBudgie/budgie-backgrounds/main/backgrounds/saturnian-profile.jpg,Unknown photographer (see repo),CC0-1.0,https://creativecommons.org/publicdomain/zero/1.0/,False,,jpg,6000,2500,,,False,saturn; space; rings; black; isolated,paper-collage cutout; warm-light grade; match-cut,paper-collage; match-cut; loop-bg,high,False,False,downloaded,Repo is CC0-1.0 and states all images were manually reviewed for CC0/public-domain compliance (submission rules require CC0/PD plus source for non-authors); photographer not recorded in repo. Min 3840x2160 originals. Cassini/NASA origin likely public domain; ultra-wide aspect.,True,True,,457500,1eaa444f20a9e0f0ba1f66e6100cdce1fda74534cf2f97e6930f33178383b0b3,,09_PREVIEWS/thumbs/A2710f836.jpg,B,,,,
Ad47f4120,02_PHOTOGRAPHY/ph_spice_market_bowls_061.jpg,02_PHOTOGRAPHY,photo,,,"Overflowing bowls of red, orange, black and white spices in a market",GitHub: BuddiesOfBudgie/budgie-backgrounds,https://github.com/BuddiesOfBudgie/budgie-backgrounds,https://raw.githubusercontent.com/BuddiesOfBudgie/budgie-backgrounds/main/backgrounds/the-spices-of-life.jpg,Unknown photographer (see repo),CC0-1.0,https://creativecommons.org/publicdomain/zero/1.0/,False,,jpg,3840,2560,,,False,spices; market; red; orange; colourful; food,paper-collage cutout; warm-light grade; match-cut,paper-collage; match-cut; loop-bg,high,False,False,downloaded,Repo is CC0-1.0 and states all images were manually reviewed for CC0/public-domain compliance (submission rules require CC0/PD plus source for non-authors); photographer not recorded in repo. Min 3840x2160 originals.,True,True,,2873594,c0ee71e79b11e7794cd81f4b384f58866ef552f03d1a7ee67a8d4cc151890976,,09_PREVIEWS/thumbs/Ad47f4120.jpg,B,,,,
A65b7932b,02_PHOTOGRAPHY/ph_star_trails_ridge_077.jpg,02_PHOTOGRAPHY,photo,,,Long-exposure star trails streaking over a dark mountain ridge,GitHub: pop-os/wallpapers (originals from Unsplash),https://unsplash.com/photos/55xd_uiUYEE,https://raw.githubusercontent.com/pop-os/wallpapers/master/original/ahmadreza-sajadi-10140-edit.jpg,Ahmadreza Sajadi (edit by Cassidy James),CC0-1.0 / Unsplash (public domain per repo README),https://unsplash.com/license,False,,jpg,5184,2672,,,False,stars; star-trails; night; long-exposure,black-canvas glow background; object/planet match-cut; star-flare backdrop,paper-collage; match-cut,medium,False,False,downloaded,"Pop!_OS wallpapers README: ""Unsplash photos are in the public domain"" (2017-era Unsplash CC0 photos; Unsplash License also permits free use). Cassidy James edit noted where applicable.",True,True,,2164658,a2df3310989a79b34fffc00268a1f34a46d2bd7321def1ba6ead66d9a58ade26,,09_PREVIEWS/thumbs/A65b7932b.jpg,B,,,,
A674f8fd6,02_PHOTOGRAPHY/ph_sunning_anhinga_060.jpg,02_PHOTOGRAPHY,photo,,,Anhinga drying its spread wings in mangroves,GitHub: BuddiesOfBudgie/budgie-backgrounds,https://github.com/BuddiesOfBudgie/budgie-backgrounds,https://raw.githubusercontent.com/BuddiesOfBudgie/budgie-backgrounds/main/backgrounds/sunning-anhinga.jpg,Unknown photographer (see repo),CC0-1.0,https://creativecommons.org/publicdomain/zero/1.0/,False,,jpg,3840,2160,,,False,anhinga; bird; wings; animal,paper-collage cutout; warm-light grade; match-cut,paper-collage; match-cut; loop-bg,medium,False,False,downloaded,Repo is CC0-1.0 and states all images were manually reviewed for CC0/public-domain compliance (submission rules require CC0/PD plus source for non-authors); photographer not recorded in repo. Min 3840x2160 originals.,True,True,,2715360,ea6c2b2ada1efeba104ebaaed6da5d95722be3a8196ee18e4130f84a56504c6b,,09_PREVIEWS/thumbs/A674f8fd6.jpg,B,,,,
Aeb01950a,02_PHOTOGRAPHY/ph_sunset_silhouette_reflections_001.jpg,02_PHOTOGRAPHY,photo,,,Silhouetted figure in sunset reflections with smooth orange sky gradient,"GitHub: maximshilo/tessellatum tests/sample_images (CC0/PD photos, checked against source pages)",https://commons.wikimedia.org/wiki/File:Silhouette_Reflections_(Unsplash).jpg,https://raw.githubusercontent.com/maximshilo/tessellatum/main/tests/sample_images/l-photo-sunset-silhouette-reflections.jpg,"Niklas Siemens (via Unsplash, Wikimedia Commons CC0 file)",CC0-1.0,https://creativecommons.org/publicdomain/zero/1.0/,False,,jpg,2048,1357,,,False,sunset; silhouette; orange; reflection; gradient,thermal-glow background; silhouette hero,thermal-glow; loop-bg,high,False,False,downloaded,"Resaved by repo without metadata, max 2048px. ",True,True,,318868,f85dc1c226faa99b19e8590ccdfe476634ca5c8283f9cad579cdff3eecae95e8,,09_PREVIEWS/thumbs/Aeb01950a.jpg,B,,,,
A89c6c70d,02_PHOTOGRAPHY/ph_teal_scale_tile_facade_070.jpg,02_PHOTOGRAPHY,photo,,,"Rippling teal scale-like tile facade, color-shifted",GitHub: pop-os/wallpapers (originals from Unsplash),https://unsplash.com/photos/3kzlCL3rj8A,https://raw.githubusercontent.com/pop-os/wallpapers/master/original/ricardo-gomez-angel-180819-blue.jpg,Ricardo Gomez Angel (colour shift by Cassidy James),CC0-1.0 / Unsplash (public domain per repo README),https://unsplash.com/license,False,,jpg,8192,5005,,,False,architecture; tiles; teal; pattern; abstract,black-canvas glow background; object/planet match-cut; star-flare backdrop,paper-collage; match-cut,medium,False,False,downloaded,"Pop!_OS wallpapers README: ""Unsplash photos are in the public domain"" (2017-era Unsplash CC0 photos; Unsplash License also permits free use). Cassidy James edit noted where applicable.",True,True,,9786373,efe26cb1ba9edd46a6cb4dcb92d7f87cea7b8664d6b0a5d75c3cef404175dde7,,09_PREVIEWS/thumbs/A89c6c70d.jpg,B,,,,
A6af569ee,02_PHOTOGRAPHY/ph_welcome_colorful_colorado_sign_064.jpg,02_PHOTOGRAPHY,photo,,,Wooden Welcome to Colorful Colorado sign standing alone in dry plains,GitHub: pop-os/wallpapers (originals from Unsplash),https://unsplash.com/photos/6vWD_xnzPuU,https://raw.githubusercontent.com/pop-os/wallpapers/master/original/kait-herzog-8242.jpg,Kait Herzog,CC0-1.0 / Unsplash (public domain per repo README),https://unsplash.com/license,False,,jpg,3120,3000,,,False,sign; roadside; americana; playful; minimal,black-canvas glow background; object/planet match-cut; star-flare backdrop,paper-collage; match-cut,high,False,False,downloaded,"Pop!_OS wallpapers README: ""Unsplash photos are in the public domain"" (2017-era Unsplash CC0 photos; Unsplash License also permits free use). Cassidy James edit noted where applicable.",True,True,,1467701,d84fe9ae28db69cae2b060a46f92b4f7b602d5e55e86af7b2342a8635a5f9c9f,,09_PREVIEWS/thumbs/A6af569ee.jpg,B,,,,
A1dd02b12,02_PHOTOGRAPHY/ph_white_triangle_facade_071.jpg,02_PHOTOGRAPHY,photo,,,"White folded triangular panel facade, minimal geometry",GitHub: pop-os/wallpapers (originals from Unsplash),https://unsplash.com/@samuelzeller?photo=URINjM2UV4A,https://raw.githubusercontent.com/pop-os/wallpapers/master/original/samuel-zeller-337041.jpg,Samuel Zeller,CC0-1.0 / Unsplash (public domain per repo README),https://unsplash.com/license,False,,jpg,5964,3976,,,False,architecture; white; triangles; minimal; geometric,black-canvas glow background; object/planet match-cut; star-flare backdrop,paper-collage; match-cut,medium,False,False,downloaded,"Pop!_OS wallpapers README: ""Unsplash photos are in the public domain"" (2017-era Unsplash CC0 photos; Unsplash License also permits free use). Cassidy James edit noted where applicable.",True,True,,3537181,b4662ff39e657d10e0cc67be3f929ca892e8778952cf95e90b3a9e4715c3048d,,09_PREVIEWS/thumbs/A1dd02b12.jpg,B,,,,
Aacbddb9a,03_PIXEL_ART/px_alarm_clock_001.png,03_PIXEL_ART,pixel_art,,,32px pixel purple alarm clock,GitHub: tstamborski/pixelart-icons,https://github.com/tstamborski/pixelart-icons,https://raw.githubusercontent.com/tstamborski/pixelart-icons/main/png/alarmclock32.png,Tomasz Stamborski (tstamborski),CC0-1.0,https://github.com/tstamborski/pixelart-icons/blob/main/LICENSE,False,,png,32,32,,,True,alarm; clock; time; pixel; sprite; retro,hero pixel object on off-white canvas; orbiting object ring; scatter across paper canvas,object-ring; white-canvas-parade; pixel-to-real; paper-collage,medium,False,True,downloaded,"Original sprite, hand-drawn in Aseprite, transparent bg.",True,True,,406,1db6ba315d6f45c94a89178c888537935c9fc0154e176640bd60f8d2ef3761aa,,09_PREVIEWS/thumbs/Aacbddb9a.jpg,C,,,,
A920d1f2b,03_PIXEL_ART/px_alien_mask_001.png,03_PIXEL_ART,pixel_art,,,"Pixel green alien face mask (detailed ~48px shaded sprite, transparent bg)",GitHub: doficia/project-cordon-sprites,https://github.com/doficia/project-cordon-sprites,https://raw.githubusercontent.com/doficia/project-cordon-sprites/master/sprites/armors/alien-mask.png,Project Cordon community (doficia and contributors),CC0-1.0,https://github.com/doficia/project-cordon-sprites/blob/master/LICENSE.md,False,,png,128,128,,,True,alien; mask; pixel; sprite; item,hero pixel object on off-white canvas; object ring / orbit; scatter across canvas,object-ring; white-canvas-parade; paper-collage,medium,False,False,downloaded,"Original sprite, no edits. Richer shading than 32px sets.",True,True,,558,32fdcf6531596d7eba20fcc892c2e2ab740e430d96cf1b97e8a3cc946483156f,,09_PREVIEWS/thumbs/A920d1f2b.jpg,C,,,,
A67b8cf45,03_PIXEL_ART/px_bananas_001.png,03_PIXEL_ART,pixel_art,,,32px pixel bunch of bananas,GitHub: tstamborski/pixelart-icons,https://github.com/tstamborski/pixelart-icons,https://raw.githubusercontent.com/tstamborski/pixelart-icons/main/png/bananas32.png,Tomasz Stamborski (tstamborski),CC0-1.0,https://github.com/tstamborski/pixelart-icons/blob/main/LICENSE,False,,png,32,32,,,True,banana; fruit; food; pixel; sprite; retro,hero pixel object on off-white canvas; orbiting object ring; scatter across paper canvas,object-ring; white-canvas-parade; pixel-to-real; paper-collage,medium,False,True,downloaded,"Original sprite, hand-drawn in Aseprite, transparent bg.",True,True,,413,d568ddc01c0dc1c5360c3eca5c42f12ea2e6aadf914bfb2ae732aa05611340fa,,09_PREVIEWS/thumbs/A67b8cf45.jpg,C,,,,
Aeb34c829,03_PIXEL_ART/px_battery_001.png,03_PIXEL_ART,pixel_art,,,32px pixel red and blue battery,GitHub: tstamborski/pixelart-icons,https://github.com/tstamborski/pixelart-icons,https://raw.githubusercontent.com/tstamborski/pixelart-icons/main/png/battery32.png,Tomasz Stamborski (tstamborski),CC0-1.0,https://github.com/tstamborski/pixelart-icons/blob/main/LICENSE,False,,png,32,32,,,True,battery; power; pixel; sprite; retro,hero pixel object on off-white canvas; orbiting object ring; scatter across paper canvas,object-ring; white-canvas-parade; pixel-to-real; paper-collage,medium,False,True,downloaded,"Original sprite, hand-drawn in Aseprite, transparent bg.",True,True,,355,f8b29c3f8fb6654fed6a6ac1428c0c4f81730bd9fa7efbe03f335a935101aa84,,09_PREVIEWS/thumbs/Aeb34c829.jpg,C,,,,
A14cc15f9,03_PIXEL_ART/px_birthday_cake_001.png,03_PIXEL_ART,pixel_art,,,32px pixel pink birthday cake with candles,GitHub: tstamborski/pixelart-icons,https://github.com/tstamborski/pixelart-icons,https://raw.githubusercontent.com/tstamborski/pixelart-icons/main/png/birthday32.png,Tomasz Stamborski (tstamborski),CC0-1.0,https://github.com/tstamborski/pixelart-icons/blob/main/LICENSE,False,,png,32,32,,,True,cake; birthday; party; pixel; sprite; retro,hero pixel object on off-white canvas; orbiting object ring; scatter across paper canvas,object-ring; white-canvas-parade; pixel-to-real; paper-collage,medium,False,True,downloaded,"Original sprite, hand-drawn in Aseprite, transparent bg.",True,True,,517,f26f181c6383d2109e1db205cef6affc907a378d4dc7249147c4d5b867ff3e28,,09_PREVIEWS/thumbs/A14cc15f9.jpg,C,,,,
Ab8eb3be3,03_PIXEL_ART/px_blue_card_box_001.png,03_PIXEL_ART,pixel_art,,,"32px pixel blue deck-of-cards box (Solitaire icon), reads like a small book",GitHub: SerenityOS/serenity,https://github.com/SerenityOS/serenity/tree/master/Base/res/icons/32x32,https://raw.githubusercontent.com/SerenityOS/serenity/master/Base/res/icons/32x32/app-solitaire.png,SerenityOS developers,BSD-2-Clause,https://github.com/SerenityOS/serenity/blob/master/LICENSE,True,"Copyright (c) 2018-2026, the SerenityOS developers. BSD 2-Clause: retain copyright notice and license text in redistributions.",png,32,32,,,True,cards; book; game; pixel; 32px; retro os; serenityos,hero pixel object on off-white canvas; orbiting object ring; retro-window popup,object-ring; retro-window; white-canvas-parade; pixel-to-real,medium,False,True,downloaded,"Original 32x32 sprite, transparent bg. Retro-OS style (Win9x/Mac-like shading).",True,True,attribution_required,2018,34fb3e164e8d35e3fd16a9ebdf6239af3fd64d1024bc705e84fe066d6736a985,,09_PREVIEWS/thumbs/Ab8eb3be3.jpg,C,,,,
A8aff2266,03_PIXEL_ART/px_blue_flask_001.png,03_PIXEL_ART,pixel_art,,,"Pixel blue potion flask (detailed ~48px shaded sprite, transparent bg)",GitHub: doficia/project-cordon-sprites,https://github.com/doficia/project-cordon-sprites,https://raw.githubusercontent.com/doficia/project-cordon-sprites/master/sprites/consumables/flask.png,Project Cordon community (doficia and contributors),CC0-1.0,https://github.com/doficia/project-cordon-sprites/blob/master/LICENSE.md,False,,png,128,128,,,True,blue; flask; pixel; sprite; item,hero pixel object on off-white canvas; object ring / orbit; scatter across canvas,object-ring; white-canvas-parade; paper-collage,medium,False,False,downloaded,"Original sprite, no edits. Richer shading than 32px sets.",True,True,,912,742c3fc8fa745ab54361830b4c9799dd51cbd3d7eab1bb7d70ad98969871d485,,09_PREVIEWS/thumbs/A8aff2266.jpg,C,,,,
A43c93004,03_PIXEL_ART/px_book_heart_mono_001.png,03_PIXEL_ART,icon,,,Monochrome black 48px pixel book with heart icon,GitHub: hackernoon/pixel-icon-library,https://github.com/hackernoon/pixel-icon-library,https://raw.githubusercontent.com/hackernoon/pixel-icon-library/main/icons/PNG/for-light-mode/48px/solid/book-heart-solid.png,HackerNoon,CC-BY-4.0,https://creativecommons.org/licenses/by/4.0/,True,"Pixel Icon Library by HackerNoon (https://pixeliconlibrary.com), CC BY 4.0; indicate changes if modified.",png,48,48,,,True,book; heart; pixel; icon; mono,stencil/mask silhouette; tint with signal red; scribble backdrop icon,white-canvas-parade; paper-collage; retro-window,medium,False,False,downloaded,Black on transparent; recolor freely (changes must be indicated). README says CC BY 4.0 for icons; repo LICENSE file (MIT) covers non-icon files.,True,True,attribution_required,300,262af18c6fcc48d134c10b48c8d76eba5398afb49ccb42942fcc39617c65863c,,09_PREVIEWS/thumbs/A43c93004.jpg,C,,,,
A16bbecaf,03_PIXEL_ART/px_bread_loaf_001.png,03_PIXEL_ART,pixel_art,,,"Pixel loaf of bread (detailed ~48px shaded sprite, transparent bg)",GitHub: doficia/project-cordon-sprites,https://github.com/doficia/project-cordon-sprites,https://raw.githubusercontent.com/doficia/project-cordon-sprites/master/sprites/consumables/bread.png,Project Cordon community (doficia and contributors),CC0-1.0,https://github.com/doficia/project-cordon-sprites/blob/master/LICENSE.md,False,,png,128,128,,,True,bread; loaf; pixel; sprite; item,hero pixel object on off-white canvas; object ring / orbit; scatter across canvas,object-ring; white-canvas-parade; paper-collage,medium,False,False,downloaded,"Original sprite, no edits. Richer shading than 32px sets.",True,True,,2448,8b4523f4f2adb0e9009a434f1fb3e66d92e9fd4afe04e5e32aec802771ed8ed2,,09_PREVIEWS/thumbs/A16bbecaf.jpg,C,,,,
A2669cfa6,03_PIXEL_ART/px_calendar_book_001.png,03_PIXEL_ART,pixel_art,,,32px pixel open desk calendar book,GitHub: SerenityOS/serenity,https://github.com/SerenityOS/serenity/tree/master/Base/res/icons/32x32,https://raw.githubusercontent.com/SerenityOS/serenity/master/Base/res/icons/32x32/app-calendar.png,SerenityOS developers,BSD-2-Clause,https://github.com/SerenityOS/serenity/blob/master/LICENSE,True,"Copyright (c) 2018-2026, the SerenityOS developers. BSD 2-Clause: retain copyright notice and license text in redistributions.",png,32,32,,,True,calendar; book; date; pixel; 32px; retro os; serenityos,hero pixel object on off-white canvas; orbiting object ring; retro-window popup,object-ring; retro-window; white-canvas-parade; pixel-to-real,medium,False,True,downloaded,"Original 32x32 sprite, transparent bg. Retro-OS style (Win9x/Mac-like shading).",True,True,attribution_required,535,9cd58db1508efd1090050b3215d1122b2d9df17fc17ad60dece52b66813c85f3,,09_PREVIEWS/thumbs/A2669cfa6.jpg,C,,,,
Ad44a8f4c,03_PIXEL_ART/px_camera_001.png,03_PIXEL_ART,pixel_art,,,32px pixel camera with focus brackets and flash sparkle,GitHub: SerenityOS/serenity,https://github.com/SerenityOS/serenity/tree/master/Base/res/icons/32x32,https://raw.githubusercontent.com/SerenityOS/serenity/master/Base/res/icons/32x32/app-screenshot.png,SerenityOS developers,BSD-2-Clause,https://github.com/SerenityOS/serenity/blob/master/LICENSE,True,"Copyright (c) 2018-2026, the SerenityOS developers. BSD 2-Clause: retain copyright notice and license text in redistributions.",png,32,32,,,True,camera; photo; screenshot; pixel; 32px; retro os; serenityos,hero pixel object on off-white canvas; orbiting object ring; retro-window popup,object-ring; retro-window; white-canvas-parade; pixel-to-real,high,False,True,downloaded,"Original 32x32 sprite, transparent bg. Retro-OS style (Win9x/Mac-like shading).",True,True,attribution_required,414,30bac71abbcb7657adef2286f9053df452c01bbace82637c30f68b433a354316,03_PIXEL_ART/px_camera_x8_001.png,09_PREVIEWS/thumbs/Ad44a8f4c.jpg,C,,,,
A60eef779,03_PIXEL_ART/px_camera_x8_001.png,03_PIXEL_ART,pixel_art,,,"32px pixel camera with focus brackets and flash sparkle (800% nearest-neighbor upscale, 256px)",GitHub: SerenityOS/serenity,https://github.com/SerenityOS/serenity/tree/master/Base/res/icons/32x32,https://raw.githubusercontent.com/SerenityOS/serenity/master/Base/res/icons/32x32/app-screenshot.png,SerenityOS developers,BSD-2-Clause,https://github.com/SerenityOS/serenity/blob/master/LICENSE,True,"Copyright (c) 2018-2026, the SerenityOS developers. BSD 2-Clause: retain copyright notice and license text in redistributions.",png,256,256,,,True,camera; photo; screenshot; pixel; 32px; retro os; serenityos,hero pixel object on off-white canvas; orbiting object ring; retro-window popup,object-ring; retro-window; white-canvas-parade; pixel-to-real,high,False,False,downloaded,Derived from px_camera_001.png (original 32x32); hard-edged nearest-neighbor 8x upscale.,True,True,attribution_required,845,012155e5c74671d5c3259ee721bc5b026920b929363913943f9cfa8b158445bb,03_PIXEL_ART/px_camera_001.png,09_PREVIEWS/thumbs/A60eef779.jpg,C,,,,
Aa65ebb83,03_PIXEL_ART/px_captain_cap_001.png,03_PIXEL_ART,pixel_art,,,"Pixel white captain cap with anchor badge (peaked cap) (detailed ~48px shaded sprite, transparent bg)",GitHub: doficia/project-cordon-sprites,https://github.com/doficia/project-cordon-sprites,https://raw.githubusercontent.com/doficia/project-cordon-sprites/master/sprites/armors/captain-hat.png,Project Cordon community (doficia and contributors),CC0-1.0,https://github.com/doficia/project-cordon-sprites/blob/master/LICENSE.md,False,,png,128,128,,,True,captain; cap; pixel; sprite; item,hero pixel object on off-white canvas; object ring / orbit; scatter across canvas,object-ring; white-canvas-parade; paper-collage,high,False,False,downloaded,"Original sprite, no edits. Richer shading than 32px sets.",True,True,,5271,e15765e90a51b8dd9ab6649ee3f170cd7fa9dccace8e284e1eb29596cd821435,,09_PREVIEWS/thumbs/Aa65ebb83.jpg,C,,,,
Ae69a0dbb,03_PIXEL_ART/px_carrot_001.png,03_PIXEL_ART,pixel_art,,,32px pixel carrot with green top,GitHub: tstamborski/pixelart-icons,https://github.com/tstamborski/pixelart-icons,https://raw.githubusercontent.com/tstamborski/pixelart-icons/main/png/carrot32.png,Tomasz Stamborski (tstamborski),CC0-1.0,https://github.com/tstamborski/pixelart-icons/blob/main/LICENSE,False,,png,32,32,,,True,carrot; vegetable; food; pixel; sprite; retro,hero pixel object on off-white canvas; orbiting object ring; scatter across paper canvas,object-ring; white-canvas-parade; pixel-to-real; paper-collage,medium,False,True,downloaded,"Original sprite, hand-drawn in Aseprite, transparent bg.",True,True,,423,fdf17398c6182841f8f26db2bf7854dee11222702300271742adcc50c7810e9a,,09_PREVIEWS/thumbs/Ae69a0dbb.jpg,C,,,,
Af9e1541c,03_PIXEL_ART/px_carrot_big_001.png,03_PIXEL_ART,pixel_art,,,"Pixel carrot with leafy top (detailed ~48px shaded sprite, transparent bg)",GitHub: doficia/project-cordon-sprites,https://github.com/doficia/project-cordon-sprites,https://raw.githubusercontent.com/doficia/project-cordon-sprites/master/sprites/materials/carrot.png,Project Cordon community (doficia and contributors),CC0-1.0,https://github.com/doficia/project-cordon-sprites/blob/master/LICENSE.md,False,,png,95,95,,,True,carrot; big; pixel; sprite; item,hero pixel object on off-white canvas; object ring / orbit; scatter across canvas,object-ring; white-canvas-parade; paper-collage,medium,False,False,downloaded,"Original sprite, no edits. Richer shading than 32px sets.",True,True,,2308,e996eff5c52d850860261bbf9a0cf1aea4a5ee406819f468078d2fcc31c765e5,,09_PREVIEWS/thumbs/Af9e1541c.jpg,C,,,,
A44729f84,03_PIXEL_ART/px_cash_dollar_001.png,03_PIXEL_ART,pixel_art,,,32px pixel gold dollar sign with cash trail,GitHub: tstamborski/pixelart-icons,https://github.com/tstamborski/pixelart-icons,https://raw.githubusercontent.com/tstamborski/pixelart-icons/main/png/cash32.png,Tomasz Stamborski (tstamborski),CC0-1.0,https://github.com/tstamborski/pixelart-icons/blob/main/LICENSE,False,,png,32,32,,,True,cash; dollar; money; pixel; sprite; retro,hero pixel object on off-white canvas; orbiting object ring; scatter across paper canvas,object-ring; white-canvas-parade; pixel-to-real; paper-collage,high,False,True,downloaded,"Original sprite, hand-drawn in Aseprite, transparent bg.",True,True,,442,95f78c0727c07378e6c93693fe63c01f5ee729bf60247b16b281d3f1ed83ce69,03_PIXEL_ART/px_cash_dollar_x8_001.png,09_PREVIEWS/thumbs/A44729f84.jpg,C,,,,
A46ae66b4,03_PIXEL_ART/px_cash_dollar_x8_001.png,03_PIXEL_ART,pixel_art,,,32px pixel gold dollar sign with cash trail (800% nearest-neighbor upscale),GitHub: tstamborski/pixelart-icons,https://github.com/tstamborski/pixelart-icons,https://raw.githubusercontent.com/tstamborski/pixelart-icons/main/png/cash32.png,Tomasz Stamborski (tstamborski),CC0-1.0,https://github.com/tstamborski/pixelart-icons/blob/main/LICENSE,False,,png,256,256,,,True,cash; dollar; money; pixel; sprite; retro,hero pixel object on off-white canvas; orbiting object ring; scatter across paper canvas,object-ring; white-canvas-parade; pixel-to-real; paper-collage,high,False,False,downloaded,Derived from px_cash_dollar_001.png (original sprite); hard-edged nearest-neighbor 8x upscale.,True,True,,572,bb782da6f6df59fd6db96adfb87e385c54dc16f5098488c9a3a55d6f7039f068,03_PIXEL_ART/px_cash_dollar_001.png,09_PREVIEWS/thumbs/A46ae66b4.jpg,C,,,,
Ab02c403d,03_PIXEL_ART/px_cassette_001.png,03_PIXEL_ART,pixel_art,,,32px pixel blue and yellow audio cassette tape,GitHub: tstamborski/pixelart-icons,https://github.com/tstamborski/pixelart-icons,https://raw.githubusercontent.com/tstamborski/pixelart-icons/main/png/cassette32.png,Tomasz Stamborski (tstamborski),CC0-1.0,https://github.com/tstamborski/pixelart-icons/blob/main/LICENSE,False,,png,32,32,,,True,cassette; tape; music; retro; pixel; sprite; retro,hero pixel object on off-white canvas; orbiting object ring; scatter across paper canvas,object-ring; white-canvas-parade; pixel-to-real; paper-collage,high,False,True,downloaded,"Original sprite, hand-drawn in Aseprite, transparent bg.",True,True,,344,3530b04ba5d748ae62adca04abd9154837ec472124e000354e8a1ce67f62dbf4,03_PIXEL_ART/px_cassette_x8_001.png,09_PREVIEWS/thumbs/Ab02c403d.jpg,C,,,,
A4ccf1c26,03_PIXEL_ART/px_cassette_x8_001.png,03_PIXEL_ART,pixel_art,,,32px pixel blue and yellow audio cassette tape (800% nearest-neighbor upscale),GitHub: tstamborski/pixelart-icons,https://github.com/tstamborski/pixelart-icons,https://raw.githubusercontent.com/tstamborski/pixelart-icons/main/png/cassette32.png,Tomasz Stamborski (tstamborski),CC0-1.0,https://github.com/tstamborski/pixelart-icons/blob/main/LICENSE,False,,png,256,256,,,True,cassette; tape; music; retro; pixel; sprite; retro,hero pixel object on off-white canvas; orbiting object ring; scatter across paper canvas,object-ring; white-canvas-parade; pixel-to-real; paper-collage,high,False,False,downloaded,Derived from px_cassette_001.png (original sprite); hard-edged nearest-neighbor 8x upscale.,True,True,,449,a7d0e7d26525735c6c7a1773f1544cab53872ff586049c3e1befc147395b2fce,03_PIXEL_ART/px_cassette_001.png,09_PREVIEWS/thumbs/A4ccf1c26.jpg,C,,,,
A5f58f9b2,03_PIXEL_ART/px_cat_sitting_001.png,03_PIXEL_ART,pixel_art,,,32px pixel tabby cat with red collar sitting,GitHub: SerenityOS/serenity,https://github.com/SerenityOS/serenity/tree/master/Base/res/icons/32x32,https://raw.githubusercontent.com/SerenityOS/serenity/master/Base/res/icons/32x32/app-catdog.png,SerenityOS developers,BSD-2-Clause,https://github.com/SerenityOS/serenity/blob/master/LICENSE,True,"Copyright (c) 2018-2026, the SerenityOS developers. BSD 2-Clause: retain copyright notice and license text in redistributions.",png,32,32,,,True,cat; pet; animal; pixel; 32px; retro os; serenityos,hero pixel object on off-white canvas; orbiting object ring; retro-window popup,object-ring; retro-window; white-canvas-parade; pixel-to-real,high,False,True,downloaded,"Original 32x32 sprite, transparent bg. Retro-OS style (Win9x/Mac-like shading).",True,True,attribution_required,623,5a6cfda9c6925ea5e306f0f99fcc68557c238ec3f32ec3ac6c119600d1b078e5,03_PIXEL_ART/px_cat_sitting_x8_001.png,09_PREVIEWS/thumbs/A5f58f9b2.jpg,C,,,,
Acad6006a,03_PIXEL_ART/px_cat_sitting_x8_001.png,03_PIXEL_ART,pixel_art,,,"32px pixel tabby cat with red collar sitting (800% nearest-neighbor upscale, 256px)",GitHub: SerenityOS/serenity,https://github.com/SerenityOS/serenity/tree/master/Base/res/icons/32x32,https://raw.githubusercontent.com/SerenityOS/serenity/master/Base/res/icons/32x32/app-catdog.png,SerenityOS developers,BSD-2-Clause,https://github.com/SerenityOS/serenity/blob/master/LICENSE,True,"Copyright (c) 2018-2026, the SerenityOS developers. BSD 2-Clause: retain copyright notice and license text in redistributions.",png,256,256,,,True,cat; pet; animal; pixel; 32px; retro os; serenityos,hero pixel object on off-white canvas; orbiting object ring; retro-window popup,object-ring; retro-window; white-canvas-parade; pixel-to-real,high,False,False,downloaded,Derived from px_cat_sitting_001.png (original 32x32); hard-edged nearest-neighbor 8x upscale.,True,True,attribution_required,782,57bb6acf43f137487e0bad7539a05e77841a1d15ea73115ca93facdd03aa9ae0,03_PIXEL_ART/px_cat_sitting_001.png,09_PREVIEWS/thumbs/Acad6006a.jpg,C,,,,
Aef098a07,03_PIXEL_ART/px_cell_phone_001.png,03_PIXEL_ART,pixel_art,,,32px pixel retro cell phone with antenna,GitHub: tstamborski/pixelart-icons,https://github.com/tstamborski/pixelart-icons,https://raw.githubusercontent.com/tstamborski/pixelart-icons/main/png/cell-phone32.png,Tomasz Stamborski (tstamborski),CC0-1.0,https://github.com/tstamborski/pixelart-icons/blob/main/LICENSE,False,,png,32,32,,,True,phone; retro; pixel; sprite; retro,hero pixel object on off-white canvas; orbiting object ring; scatter across paper canvas,object-ring; white-canvas-parade; pixel-to-real; paper-collage,medium,False,True,downloaded,"Original sprite, hand-drawn in Aseprite, transparent bg.",True,True,,263,4928a78b824743e6e75e9e5c46a10d80b2a1965e55234f05942413ca727fc154,,09_PREVIEWS/thumbs/Aef098a07.jpg,C,,,,
Ab1bc2577,03_PIXEL_ART/px_cherries_001.png,03_PIXEL_ART,pixel_art,,,32px pixel red cherries,GitHub: tstamborski/pixelart-icons,https://github.com/tstamborski/pixelart-icons,https://raw.githubusercontent.com/tstamborski/pixelart-icons/main/png/cherries32.png,Tomasz Stamborski (tstamborski),CC0-1.0,https://github.com/tstamborski/pixelart-icons/blob/main/LICENSE,False,,png,32,32,,,True,cherry; fruit; food; pixel; sprite; retro,hero pixel object on off-white canvas; orbiting object ring; scatter across paper canvas,object-ring; white-canvas-parade; pixel-to-real; paper-collage,medium,False,True,downloaded,"Original sprite, hand-drawn in Aseprite, transparent bg.",True,True,,378,ba4931d12c32d4fbf10478fac1c0509fdd960f764f6077cac961f67e39bd464c,03_PIXEL_ART/px_cherries_x8_001.png,09_PREVIEWS/thumbs/Ab1bc2577.jpg,C,,,,
Ac38a1e90,03_PIXEL_ART/px_cherries_x8_001.png,03_PIXEL_ART,pixel_art,,,32px pixel red cherries (800% nearest-neighbor upscale),GitHub: tstamborski/pixelart-icons,https://github.com/tstamborski/pixelart-icons,https://raw.githubusercontent.com/tstamborski/pixelart-icons/main/png/cherries32.png,Tomasz Stamborski (tstamborski),CC0-1.0,https://github.com/tstamborski/pixelart-icons/blob/main/LICENSE,False,,png,256,256,,,True,cherry; fruit; food; pixel; sprite; retro,hero pixel object on off-white canvas; orbiting object ring; scatter across paper canvas,object-ring; white-canvas-parade; pixel-to-real; paper-collage,medium,False,False,downloaded,Derived from px_cherries_001.png (original sprite); hard-edged nearest-neighbor 8x upscale.,True,True,,498,a48a74f213b7bc80d6f4ec4736012a2adf4559d1935999832ef6e67401ea2c23,03_PIXEL_ART/px_cherries_001.png,09_PREVIEWS/thumbs/Ac38a1e90.jpg,C,,,,
A7aa5bd2e,03_PIXEL_ART/px_chess_pawn_001.png,03_PIXEL_ART,pixel_art,,,32px pixel white chess pawn,GitHub: SerenityOS/serenity,https://github.com/SerenityOS/serenity/tree/master/Base/res/icons/32x32,https://raw.githubusercontent.com/SerenityOS/serenity/master/Base/res/icons/32x32/app-chess.png,SerenityOS developers,BSD-2-Clause,https://github.com/SerenityOS/serenity/blob/master/LICENSE,True,"Copyright (c) 2018-2026, the SerenityOS developers. BSD 2-Clause: retain copyright notice and license text in redistributions.",png,32,32,,,True,chess; pawn; pixel; 32px; retro os; serenityos,hero pixel object on off-white canvas; orbiting object ring; retro-window popup,object-ring; retro-window; white-canvas-parade; pixel-to-real,medium,False,True,downloaded,"Original 32x32 sprite, transparent bg. Retro-OS style (Win9x/Mac-like shading).",True,True,attribution_required,522,420d4f4ea2aee36bfd635b6ca17188009cf82de64e2be4193ad20b29da172eca,,09_PREVIEWS/thumbs/A7aa5bd2e.jpg,C,,,,
Ad0b8b2a8,03_PIXEL_ART/px_clapperboard_001.png,03_PIXEL_ART,pixel_art,,,32px pixel film clapperboard with brown stripes,GitHub: SerenityOS/serenity,https://github.com/SerenityOS/serenity/tree/master/Base/res/icons/32x32,https://raw.githubusercontent.com/SerenityOS/serenity/master/Base/res/icons/32x32/app-video-player.png,SerenityOS developers,BSD-2-Clause,https://github.com/SerenityOS/serenity/blob/master/LICENSE,True,"Copyright (c) 2018-2026, the SerenityOS developers. BSD 2-Clause: retain copyright notice and license text in redistributions.",png,32,32,,,True,clapperboard; film; movie; video; pixel; 32px; retro os; serenityos,hero pixel object on off-white canvas; orbiting object ring; retro-window popup,object-ring; retro-window; white-canvas-parade; pixel-to-real,high,False,True,downloaded,"Original 32x32 sprite, transparent bg. Retro-OS style (Win9x/Mac-like shading).",True,True,attribution_required,478,838a3d671708aa9915ae558239d6655d2ffeca5e55b1f8fa869bf36cc7654028,03_PIXEL_ART/px_clapperboard_x8_001.png,09_PREVIEWS/thumbs/Ad0b8b2a8.jpg,C,,,,
A5418b2ab,03_PIXEL_ART/px_clapperboard_x8_001.png,03_PIXEL_ART,pixel_art,,,"32px pixel film clapperboard with brown stripes (800% nearest-neighbor upscale, 256px)",GitHub: SerenityOS/serenity,https://github.com/SerenityOS/serenity/tree/master/Base/res/icons/32x32,https://raw.githubusercontent.com/SerenityOS/serenity/master/Base/res/icons/32x32/app-video-player.png,SerenityOS developers,BSD-2-Clause,https://github.com/SerenityOS/serenity/blob/master/LICENSE,True,"Copyright (c) 2018-2026, the SerenityOS developers. BSD 2-Clause: retain copyright notice and license text in redistributions.",png,256,256,,,True,clapperboard; film; movie; video; pixel; 32px; retro os; serenityos,hero pixel object on off-white canvas; orbiting object ring; retro-window popup,object-ring; retro-window; white-canvas-parade; pixel-to-real,high,False,False,downloaded,Derived from px_clapperboard_001.png (original 32x32); hard-edged nearest-neighbor 8x upscale.,True,True,attribution_required,1038,9dfe84bed085e8913f258567d6342ef9a9921c9752131762637ad291b82b04ce,03_PIXEL_ART/px_clapperboard_001.png,09_PREVIEWS/thumbs/A5418b2ab.jpg,C,,,,
A32bac342,03_PIXEL_ART/px_clock_001.png,03_PIXEL_ART,pixel_art,,,32px pixel analog wall clock with red rim,GitHub: SerenityOS/serenity,https://github.com/SerenityOS/serenity/tree/master/Base/res/icons/32x32,https://raw.githubusercontent.com/SerenityOS/serenity/master/Base/res/icons/32x32/app-analog-clock.png,SerenityOS developers,BSD-2-Clause,https://github.com/SerenityOS/serenity/blob/master/LICENSE,True,"Copyright (c) 2018-2026, the SerenityOS developers. BSD 2-Clause: retain copyright notice and license text in redistributions.",png,32,32,,,True,clock; time; pixel; 32px; retro os; serenityos,hero pixel object on off-white canvas; orbiting object ring; retro-window popup,object-ring; retro-window; white-canvas-parade; pixel-to-real,medium,False,True,downloaded,"Original 32x32 sprite, transparent bg. Retro-OS style (Win9x/Mac-like shading).",True,True,attribution_required,997,731eff94e2e4dd1fc9efdfc97200ced1ad1842d1e824bd8595c4b1938e8a05b3,03_PIXEL_ART/px_daisy_001.png,09_PREVIEWS/thumbs/A32bac342.jpg,C,,,,
A00204990,03_PIXEL_ART/px_coins_mono_001.png,03_PIXEL_ART,icon,,,Monochrome black 48px pixel stack of coins icon,GitHub: hackernoon/pixel-icon-library,https://github.com/hackernoon/pixel-icon-library,https://raw.githubusercontent.com/hackernoon/pixel-icon-library/main/icons/PNG/for-light-mode/48px/solid/coins-solid.png,HackerNoon,CC-BY-4.0,https://creativecommons.org/licenses/by/4.0/,True,"Pixel Icon Library by HackerNoon (https://pixeliconlibrary.com), CC BY 4.0; indicate changes if modified.",png,48,48,,,True,coins; money; pixel; icon; mono,stencil/mask silhouette; tint with signal red; scribble backdrop icon,white-canvas-parade; paper-collage; retro-window,medium,False,False,downloaded,Black on transparent; recolor freely (changes must be indicated). README says CC BY 4.0 for icons; repo LICENSE file (MIT) covers non-icon files.,True,True,attribution_required,331,8d1bf8fb0b882ffbf4c24774a6648b042e0bfa27d34ceb3dd8f2fb1ffd37e249,,09_PREVIEWS/thumbs/A00204990.jpg,C,,,,
Ac6a334fa,03_PIXEL_ART/px_cola_can_001.png,03_PIXEL_ART,pixel_art,,,"32px pixel red generic cola can (lettering reads ""Cola"")",GitHub: tstamborski/pixelart-icons,https://github.com/tstamborski/pixelart-icons,https://raw.githubusercontent.com/tstamborski/pixelart-icons/main/png/coke32.png,Tomasz Stamborski (tstamborski),CC0-1.0,https://github.com/tstamborski/pixelart-icons/blob/main/LICENSE,False,,png,32,32,,,True,soda; can; drink; pixel; sprite; retro,hero pixel object on off-white canvas; orbiting object ring; scatter across paper canvas,object-ring; white-canvas-parade; pixel-to-real; paper-collage,medium,False,True,downloaded,"Original sprite, hand-drawn in Aseprite, transparent bg.",True,True,,395,cbad67d09184560a826dcf6b985d0dc528ea5e791f050db0e671f01f7bb57a04,,09_PREVIEWS/thumbs/Ac6a334fa.jpg,C,,,,
A659ec4fa,03_PIXEL_ART/px_computer_man_001.png,03_PIXEL_ART,pixel_art,,,48px pixel person at old PC desk on yellow background,GitHub: tstamborski/pixelart-icons,https://github.com/tstamborski/pixelart-icons,https://raw.githubusercontent.com/tstamborski/pixelart-icons/main/png/computerman48.png,Tomasz Stamborski (tstamborski),CC0-1.0,https://github.com/tstamborski/pixelart-icons/blob/main/LICENSE,False,,png,48,48,,,True,computer; person; desk; pixel; sprite; retro,hero pixel object on off-white canvas; orbiting object ring; scatter across paper canvas,object-ring; white-canvas-parade; pixel-to-real; paper-collage,medium,False,False,downloaded,"Original sprite, hand-drawn in Aseprite, transparent bg.",True,True,,925,b925e2679bbb8088c9fea7a34a3bd4b98e93446154c6df0427b987b9ba4733da,,09_PREVIEWS/thumbs/A659ec4fa.jpg,C,,,,
A45037621,03_PIXEL_ART/px_cordon_spritesheet_all_001.png,03_PIXEL_ART,pixel_art,,,"Full sprite sheet of every sprite in the Project Cordon CC0 repo (weapons, armor, items) for browsing/slicing",GitHub: doficia/project-cordon-sprites,https://github.com/doficia/project-cordon-sprites,https://raw.githubusercontent.com/doficia/project-cordon-sprites/master/markdown/spritesheet-all.png,Project Cordon community,CC0-1.0,https://github.com/doficia/project-cordon-sprites/blob/master/LICENSE.md,False,,png,1792,1920,,,True,spritesheet; pixel; items,slice extra sprites with -crop,object-ring,low,False,False,downloaded,Original sheet kept for slicing. Includes many weapon sprites (guns); individual items extracted separately.,True,True,,352847,2ff44ed106f9010dc7a4aed7ac6d0366de8d213fe0d0e046086c2f6b1302dd19,,09_PREVIEWS/thumbs/A45037621.jpg,C,,,,
A3fce9bc7,03_PIXEL_ART/px_cowboy_boots_001.png,03_PIXEL_ART,pixel_art,,,"Pixel pair of brown cowboy boots (detailed ~48px shaded sprite, transparent bg)",GitHub: doficia/project-cordon-sprites,https://github.com/doficia/project-cordon-sprites,https://raw.githubusercontent.com/doficia/project-cordon-sprites/master/sprites/armors/cowboy-boots.png,Project Cordon community (doficia and contributors),CC0-1.0,https://github.com/doficia/project-cordon-sprites/blob/master/LICENSE.md,False,,png,128,128,,,True,cowboy; boots; pixel; sprite; item,hero pixel object on off-white canvas; object ring / orbit; scatter across canvas,object-ring; white-canvas-parade; paper-collage,medium,False,False,downloaded,"Original sprite, no edits. Richer shading than 32px sets.",True,True,,2666,a5a7d56b532c0d25bd99bb72a3a74b3e8d0c89b57751513e7a7a1016092f561c,,09_PREVIEWS/thumbs/A3fce9bc7.jpg,C,,,,
A3fa09b6d,03_PIXEL_ART/px_cowboy_hat_001.png,03_PIXEL_ART,pixel_art,,,"Pixel brown cowboy hat (detailed ~48px shaded sprite, transparent bg)",GitHub: doficia/project-cordon-sprites,https://github.com/doficia/project-cordon-sprites,https://raw.githubusercontent.com/doficia/project-cordon-sprites/master/sprites/armors/cowboy-hat.png,Project Cordon community (doficia and contributors),CC0-1.0,https://github.com/doficia/project-cordon-sprites/blob/master/LICENSE.md,False,,png,128,128,,,True,cowboy; hat; pixel; sprite; item,hero pixel object on off-white canvas; object ring / orbit; scatter across canvas,object-ring; white-canvas-parade; paper-collage,high,False,False,downloaded,"Original sprite, no edits. Richer shading than 32px sets.",True,True,,4987,f5e9a30d6430b279e8f07cc62e3b43d5b0d959f0168172ab8c314645683494d0,,09_PREVIEWS/thumbs/A3fa09b6d.jpg,C,,,,
Ac773b712,03_PIXEL_ART/px_crayons_001.png,03_PIXEL_ART,pixel_art,,,"32px pixel red, green, blue and yellow crayons",GitHub: SerenityOS/serenity,https://github.com/SerenityOS/serenity/tree/master/Base/res/icons/32x32,https://raw.githubusercontent.com/SerenityOS/serenity/master/Base/res/icons/32x32/app-pixel-paint.png,SerenityOS developers,BSD-2-Clause,https://github.com/SerenityOS/serenity/blob/master/LICENSE,True,"Copyright (c) 2018-2026, the SerenityOS developers. BSD 2-Clause: retain copyright notice and license text in redistributions.",png,32,32,,,True,crayon; color; art; pixel; 32px; retro os; serenityos,hero pixel object on off-white canvas; orbiting object ring; retro-window popup,object-ring; retro-window; white-canvas-parade; pixel-to-real,medium,False,True,downloaded,"Original 32x32 sprite, transparent bg. Retro-OS style (Win9x/Mac-like shading).",True,True,attribution_required,440,2462ae4c56e712bed9dcc3554266468c970648b0b908a6c8818f3b1aabdfb073,,09_PREVIEWS/thumbs/Ac773b712.jpg,C,,,,
A933bce88,03_PIXEL_ART/px_daisy_001.png,03_PIXEL_ART,pixel_art,,,32px pixel white daisy flower,GitHub: tstamborski/pixelart-icons,https://github.com/tstamborski/pixelart-icons,https://raw.githubusercontent.com/tstamborski/pixelart-icons/main/png/flower32.png,Tomasz Stamborski (tstamborski),CC0-1.0,https://github.com/tstamborski/pixelart-icons/blob/main/LICENSE,False,,png,32,32,,,True,flower; daisy; plant; pixel; sprite; retro,hero pixel object on off-white canvas; orbiting object ring; scatter across paper canvas,object-ring; white-canvas-parade; pixel-to-real; paper-collage,medium,False,True,downloaded,"Original sprite, hand-drawn in Aseprite, transparent bg.",True,True,,423,e62256a6244ae2eb018fadeeef58ba18469446c73282ff48a9a5a577d8694da0,03_PIXEL_ART/px_clock_001.png,09_PREVIEWS/thumbs/A933bce88.jpg,C,,,,
Ad121fe60,03_PIXEL_ART/px_dice_001.png,03_PIXEL_ART,pixel_art,,,32px pixel pair of white dice,GitHub: tstamborski/pixelart-icons,https://github.com/tstamborski/pixelart-icons,https://raw.githubusercontent.com/tstamborski/pixelart-icons/main/png/dices32.png,Tomasz Stamborski (tstamborski),CC0-1.0,https://github.com/tstamborski/pixelart-icons/blob/main/LICENSE,False,,png,32,32,,,True,dice; game; luck; pixel; sprite; retro,hero pixel object on off-white canvas; orbiting object ring; scatter across paper canvas,object-ring; white-canvas-parade; pixel-to-real; paper-collage,medium,False,True,downloaded,"Original sprite, hand-drawn in Aseprite, transparent bg.",True,True,,376,708d634919546900cdff778b9560a3e8b13ebe695a2a84ea6813e8dd07413498,03_PIXEL_ART/px_dice_x8_001.png,09_PREVIEWS/thumbs/Ad121fe60.jpg,C,,,,
A00dbecad,03_PIXEL_ART/px_dice_x8_001.png,03_PIXEL_ART,pixel_art,,,32px pixel pair of white dice (800% nearest-neighbor upscale),GitHub: tstamborski/pixelart-icons,https://github.com/tstamborski/pixelart-icons,https://raw.githubusercontent.com/tstamborski/pixelart-icons/main/png/dices32.png,Tomasz Stamborski (tstamborski),CC0-1.0,https://github.com/tstamborski/pixelart-icons/blob/main/LICENSE,False,,png,256,256,,,True,dice; game; luck; pixel; sprite; retro,hero pixel object on off-white canvas; orbiting object ring; scatter across paper canvas,object-ring; white-canvas-parade; pixel-to-real; paper-collage,medium,False,False,downloaded,Derived from px_dice_001.png (original sprite); hard-edged nearest-neighbor 8x upscale.,True,True,,983,eb4a208e43a1212fa2c020bbd240059fafcd0e709c3cd149851d2e1e8e614d08,03_PIXEL_ART/px_dice_001.png,09_PREVIEWS/thumbs/A00dbecad.jpg,C,,,,
A39c930e7,03_PIXEL_ART/px_disc_mono_001.png,03_PIXEL_ART,icon,,,Monochrome black 48px pixel disc / record icon,GitHub: hackernoon/pixel-icon-library,https://github.com/hackernoon/pixel-icon-library,https://raw.githubusercontent.com/hackernoon/pixel-icon-library/main/icons/PNG/for-light-mode/48px/solid/disc-solid.png,HackerNoon,CC-BY-4.0,https://creativecommons.org/licenses/by/4.0/,True,"Pixel Icon Library by HackerNoon (https://pixeliconlibrary.com), CC BY 4.0; indicate changes if modified.",png,48,48,,,True,disc; vinyl; record; pixel; icon; mono,stencil/mask silhouette; tint with signal red; scribble backdrop icon,white-canvas-parade; paper-collage; retro-window,high,False,False,downloaded,Black on transparent; recolor freely (changes must be indicated). README says CC BY 4.0 for icons; repo LICENSE file (MIT) covers non-icon files.,True,True,attribution_required,354,c3707d80e3d4e3cc72df765a8d03f8cc044aef1f339b7dd8618dc032eb7bb7b8,,09_PREVIEWS/thumbs/A39c930e7.jpg,C,,,,
Aa586c9df,03_PIXEL_ART/px_dollar_cash_stack_001.png,03_PIXEL_ART,pixel_art,,,"Pixel stack of US dollar bills (cash stack) (detailed ~48px shaded sprite, transparent bg)",GitHub: doficia/project-cordon-sprites,https://github.com/doficia/project-cordon-sprites,https://raw.githubusercontent.com/doficia/project-cordon-sprites/master/sprites/consumables/usd.png,Project Cordon community (doficia and contributors),CC0-1.0,https://github.com/doficia/project-cordon-sprites/blob/master/LICENSE.md,False,,png,128,128,,,True,dollar; cash; stack; pixel; sprite; item,hero pixel object on off-white canvas; object ring / orbit; scatter across canvas,object-ring; white-canvas-parade; paper-collage,high,False,False,downloaded,"Original sprite, no edits. Richer shading than 32px sets.",True,True,,3752,8ac308ad1ef9990e4e2d6d2d11d06c55d3c8ec84259686b970b411ab73706d56,,09_PREVIEWS/thumbs/Aa586c9df.jpg,C,,,,
A852c08d0,03_PIXEL_ART/px_electric_guitar_001.png,03_PIXEL_ART,pixel_art,,,32px pixel brown electric guitar,GitHub: tstamborski/pixelart-icons,https://github.com/tstamborski/pixelart-icons,https://raw.githubusercontent.com/tstamborski/pixelart-icons/main/png/guitar32.png,Tomasz Stamborski (tstamborski),CC0-1.0,https://github.com/tstamborski/pixelart-icons/blob/main/LICENSE,False,,png,32,32,,,True,guitar; music; instrument; pixel; sprite; retro,hero pixel object on off-white canvas; orbiting object ring; scatter across paper canvas,object-ring; white-canvas-parade; pixel-to-real; paper-collage,medium,False,True,downloaded,"Original sprite, hand-drawn in Aseprite, transparent bg.",True,True,,479,2bfd1981489a5df68e0747ac0a224d2033132754af1623e1985832c233ec164e,03_PIXEL_ART/px_electric_guitar_x8_001.png,09_PREVIEWS/thumbs/A852c08d0.jpg,C,,,,
A7c3b1f26,03_PIXEL_ART/px_electric_guitar_x8_001.png,03_PIXEL_ART,pixel_art,,,32px pixel brown electric guitar (800% nearest-neighbor upscale),GitHub: tstamborski/pixelart-icons,https://github.com/tstamborski/pixelart-icons,https://raw.githubusercontent.com/tstamborski/pixelart-icons/main/png/guitar32.png,Tomasz Stamborski (tstamborski),CC0-1.0,https://github.com/tstamborski/pixelart-icons/blob/main/LICENSE,False,,png,256,256,,,True,guitar; music; instrument; pixel; sprite; retro,hero pixel object on off-white canvas; orbiting object ring; scatter across paper canvas,object-ring; white-canvas-parade; pixel-to-real; paper-collage,medium,False,False,downloaded,Derived from px_electric_guitar_001.png (original sprite); hard-edged nearest-neighbor 8x upscale.,True,True,,572,8adad9cb3d0bf14760964e68c856fe740d303bb2983b2403158302107541c953,03_PIXEL_ART/px_electric_guitar_001.png,09_PREVIEWS/thumbs/A7c3b1f26.jpg,C,,,,
A180cd13d,03_PIXEL_ART/px_envelope_001.png,03_PIXEL_ART,pixel_art,,,32px pixel white envelope,GitHub: SerenityOS/serenity,https://github.com/SerenityOS/serenity/tree/master/Base/res/icons/32x32,https://raw.githubusercontent.com/SerenityOS/serenity/master/Base/res/icons/32x32/app-mail.png,SerenityOS developers,BSD-2-Clause,https://github.com/SerenityOS/serenity/blob/master/LICENSE,True,"Copyright (c) 2018-2026, the SerenityOS developers. BSD 2-Clause: retain copyright notice and license text in redistributions.",png,32,32,,,True,mail; envelope; letter; pixel; 32px; retro os; serenityos,hero pixel object on off-white canvas; orbiting object ring; retro-window popup,object-ring; retro-window; white-canvas-parade; pixel-to-real,medium,False,True,downloaded,"Original 32x32 sprite, transparent bg. Retro-OS style (Win9x/Mac-like shading).",True,True,attribution_required,264,163d9976e4024dbcd51dca0d3d7e1a8c1c4678494e4c20f87bd2f2f0917f4341,,09_PREVIEWS/thumbs/A180cd13d.jpg,C,,,,
A9f01a31d,03_PIXEL_ART/px_film_strip_001.png,03_PIXEL_ART,pixel_art,,,32px pixel film strip frames with silhouette,GitHub: tstamborski/pixelart-icons,https://github.com/tstamborski/pixelart-icons,https://raw.githubusercontent.com/tstamborski/pixelart-icons/main/png/film32.png,Tomasz Stamborski (tstamborski),CC0-1.0,https://github.com/tstamborski/pixelart-icons/blob/main/LICENSE,False,,png,32,32,,,True,film; strip; cinema; pixel; sprite; retro,hero pixel object on off-white canvas; orbiting object ring; scatter across paper canvas,object-ring; white-canvas-parade; pixel-to-real; paper-collage,high,False,True,downloaded,"Original sprite, hand-drawn in Aseprite, transparent bg.",True,True,,363,1b809ad5ee7d14bf38b6a7c141bab1d2138a15f78f005523f5044d6202678b2a,03_PIXEL_ART/px_film_strip_x8_001.png,09_PREVIEWS/thumbs/A9f01a31d.jpg,C,,,,
Ac6c72128,03_PIXEL_ART/px_film_strip_x8_001.png,03_PIXEL_ART,pixel_art,,,32px pixel film strip frames with silhouette (800% nearest-neighbor upscale),GitHub: tstamborski/pixelart-icons,https://github.com/tstamborski/pixelart-icons,https://raw.githubusercontent.com/tstamborski/pixelart-icons/main/png/film32.png,Tomasz Stamborski (tstamborski),CC0-1.0,https://github.com/tstamborski/pixelart-icons/blob/main/LICENSE,False,,png,256,256,,,True,film; strip; cinema; pixel; sprite; retro,hero pixel object on off-white canvas; orbiting object ring; scatter across paper canvas,object-ring; white-canvas-parade; pixel-to-real; paper-collage,high,False,False,downloaded,Derived from px_film_strip_001.png (original sprite); hard-edged nearest-neighbor 8x upscale.,True,True,,548,d267463d8e35df77fa168704d9c85889041ca421ab5d43441ba05334cd1484c1,03_PIXEL_ART/px_film_strip_001.png,09_PREVIEWS/thumbs/Ac6c72128.jpg,C,,,,
A661b63b9,03_PIXEL_ART/px_flame_001.png,03_PIXEL_ART,pixel_art,,,"Pixel orange flame (detailed ~48px shaded sprite, transparent bg)",GitHub: doficia/project-cordon-sprites,https://github.com/doficia/project-cordon-sprites,https://raw.githubusercontent.com/doficia/project-cordon-sprites/master/sprites/status/ablaze.png,Project Cordon community (doficia and contributors),CC0-1.0,https://github.com/doficia/project-cordon-sprites/blob/master/LICENSE.md,False,,png,128,128,,,True,flame; pixel; sprite; item,hero pixel object on off-white canvas; object ring / orbit; scatter across canvas,object-ring; white-canvas-parade; paper-collage,high,False,False,downloaded,"Original sprite, no edits. Richer shading than 32px sets.",True,True,,1750,ccd6877e2d3eda426f038bcd14db16fd4e8814f4cf42245819634304f10bf35c,,09_PREVIEWS/thumbs/A661b63b9.jpg,C,,,,
Ae3d4e45f,03_PIXEL_ART/px_four_leaf_clover_001.png,03_PIXEL_ART,pixel_art,,,32px pixel four-leaf clover,GitHub: tstamborski/pixelart-icons,https://github.com/tstamborski/pixelart-icons,https://raw.githubusercontent.com/tstamborski/pixelart-icons/main/png/lucky32.png,Tomasz Stamborski (tstamborski),CC0-1.0,https://github.com/tstamborski/pixelart-icons/blob/main/LICENSE,False,,png,32,32,,,True,clover; luck; plant; pixel; sprite; retro,hero pixel object on off-white canvas; orbiting object ring; scatter across paper canvas,object-ring; white-canvas-parade; pixel-to-real; paper-collage,medium,False,True,downloaded,"Original sprite, hand-drawn in Aseprite, transparent bg.",True,True,,466,ba4bb6cfc1eb12db6fb53f952cdb4462cfd226b8ef64b69a3f4a8d8777835bf1,,09_PREVIEWS/thumbs/Ae3d4e45f.jpg,C,,,,
A03316554,03_PIXEL_ART/px_gamepad_001.png,03_PIXEL_ART,pixel_art,,,16px pixel black game controller with colored buttons,GitHub: tstamborski/pixelart-icons,https://github.com/tstamborski/pixelart-icons,https://raw.githubusercontent.com/tstamborski/pixelart-icons/main/png/joypad16.png,Tomasz Stamborski (tstamborski),CC0-1.0,https://github.com/tstamborski/pixelart-icons/blob/main/LICENSE,False,,png,16,16,,,True,gamepad; controller; game; pixel; sprite; retro,hero pixel object on off-white canvas; orbiting object ring; scatter across paper canvas,object-ring; white-canvas-parade; pixel-to-real; paper-collage,high,False,True,downloaded,"Original sprite, hand-drawn in Aseprite, transparent bg.",True,True,,213,d4961cbecba9a4f2c2f370d36cd5a0daefcede5d96d595e8c6265f6f3142d98f,03_PIXEL_ART/px_gamepad_x8_001.png,09_PREVIEWS/thumbs/A03316554.jpg,C,,,,
Ae9be5e00,03_PIXEL_ART/px_gamepad_x8_001.png,03_PIXEL_ART,pixel_art,,,16px pixel black game controller with colored buttons (800% nearest-neighbor upscale),GitHub: tstamborski/pixelart-icons,https://github.com/tstamborski/pixelart-icons,https://raw.githubusercontent.com/tstamborski/pixelart-icons/main/png/joypad16.png,Tomasz Stamborski (tstamborski),CC0-1.0,https://github.com/tstamborski/pixelart-icons/blob/main/LICENSE,False,,png,128,128,,,True,gamepad; controller; game; pixel; sprite; retro,hero pixel object on off-white canvas; orbiting object ring; scatter across paper canvas,object-ring; white-canvas-parade; pixel-to-real; paper-collage,high,False,False,downloaded,Derived from px_gamepad_001.png (original sprite); hard-edged nearest-neighbor 8x upscale.,True,True,,292,a4ac9301fc5727ffab4dab9ce6f43b06203e3544095e4b08a4a16dd013ae818f,03_PIXEL_ART/px_gamepad_001.png,09_PREVIEWS/thumbs/Ae9be5e00.jpg,C,,,,
A34578313,03_PIXEL_ART/px_general_cap_001.png,03_PIXEL_ART,pixel_art,,,"Pixel olive general peaked cap (detailed ~48px shaded sprite, transparent bg)",GitHub: doficia/project-cordon-sprites,https://github.com/doficia/project-cordon-sprites,https://raw.githubusercontent.com/doficia/project-cordon-sprites/master/sprites/armors/general-hat.png,Project Cordon community (doficia and contributors),CC0-1.0,https://github.com/doficia/project-cordon-sprites/blob/master/LICENSE.md,False,,png,128,128,,,True,general; cap; pixel; sprite; item,hero pixel object on off-white canvas; object ring / orbit; scatter across canvas,object-ring; white-canvas-parade; paper-collage,medium,False,False,downloaded,"Original sprite, no edits. Richer shading than 32px sets.",True,True,,5892,82a4e93780fbc845060a71542a58c9a32dec2dae79ef17766c42ef3416ee1b4e,,09_PREVIEWS/thumbs/A34578313.jpg,C,,,,
A4f38e21c,03_PIXEL_ART/px_ghost_001.png,03_PIXEL_ART,pixel_art,,,32px pixel grey ghost,GitHub: tstamborski/pixelart-icons,https://github.com/tstamborski/pixelart-icons,https://raw.githubusercontent.com/tstamborski/pixelart-icons/main/png/ghost32.png,Tomasz Stamborski (tstamborski),CC0-1.0,https://github.com/tstamborski/pixelart-icons/blob/main/LICENSE,False,,png,32,32,,,True,ghost; spooky; pixel; sprite; retro,hero pixel object on off-white canvas; orbiting object ring; scatter across paper canvas,object-ring; white-canvas-parade; pixel-to-real; paper-collage,medium,False,True,downloaded,"Original sprite, hand-drawn in Aseprite, transparent bg.",True,True,,346,3cf69ce56bc177c50b48e314fc0422825ed4e857b19940544fb9a167577aacfc,03_PIXEL_ART/px_ghost_x8_001.png,09_PREVIEWS/thumbs/A4f38e21c.jpg,C,,,,
A748e3f8b,03_PIXEL_ART/px_ghost_mask_001.png,03_PIXEL_ART,pixel_art,,,"Pixel white ghost-face mask (detailed ~48px shaded sprite, transparent bg)",GitHub: doficia/project-cordon-sprites,https://github.com/doficia/project-cordon-sprites,https://raw.githubusercontent.com/doficia/project-cordon-sprites/master/sprites/armors/ghost-mask.png,Project Cordon community (doficia and contributors),CC0-1.0,https://github.com/doficia/project-cordon-sprites/blob/master/LICENSE.md,False,,png,128,128,,,True,ghost; mask; pixel; sprite; item,hero pixel object on off-white canvas; object ring / orbit; scatter across canvas,object-ring; white-canvas-parade; paper-collage,medium,False,False,downloaded,"Original sprite, no edits. Richer shading than 32px sets.",True,True,,2068,fdf760c727a7d02e046edc42704debf6a7b67e51c844989e0e5e689c311aa621,,09_PREVIEWS/thumbs/A748e3f8b.jpg,C,,,,
A7651ca9a,03_PIXEL_ART/px_ghost_x8_001.png,03_PIXEL_ART,pixel_art,,,32px pixel grey ghost (800% nearest-neighbor upscale),GitHub: tstamborski/pixelart-icons,https://github.com/tstamborski/pixelart-icons,https://raw.githubusercontent.com/tstamborski/pixelart-icons/main/png/ghost32.png,Tomasz Stamborski (tstamborski),CC0-1.0,https://github.com/tstamborski/pixelart-icons/blob/main/LICENSE,False,,png,256,256,,,True,ghost; spooky; pixel; sprite; retro,hero pixel object on off-white canvas; orbiting object ring; scatter across paper canvas,object-ring; white-canvas-parade; pixel-to-real; paper-collage,medium,False,False,downloaded,Derived from px_ghost_001.png (original sprite); hard-edged nearest-neighbor 8x upscale.,True,True,,427,f01f9944a127c3563c5df6bdc617cb95861041f9f3edcf5627c73984cc0d079d,03_PIXEL_ART/px_ghost_001.png,09_PREVIEWS/thumbs/A7651ca9a.jpg,C,,,,
A5858d605,03_PIXEL_ART/px_gif_coin_spin_001.gif,03_PIXEL_ART,gif,,,"Spinning pixel gold coin (8-frame fake-3D flip), transparent GIF",Derived from tstamborski/pixelart-icons,https://github.com/tstamborski/pixelart-icons,derived locally from 03_PIXEL_ART/px_gold_coin_001.png,Animation by Agent C from Tomasz Stamborski artwork,CC0-1.0,https://creativecommons.org/publicdomain/zero/1.0/,False,,gif,256,256,0.48,,True,coin; spin; gold; pixel; gif; animated; loop,looping hero object; overlay on canvas; swap in for static sprite,loop-bg; object-ring; white-canvas-parade,high,False,False,downloaded,"NOT an upstream asset: simple programmatic animation (ImageMagick) of the source sprite; 256x256, looping, transparent.",True,True,,19045,7ccc2f1b91f1cfabaa36f88ed55fb844354e9419042ac314291fe58e92acf3fa,,09_PREVIEWS/thumbs/A5858d605.jpg,C,,8,,
Aaa8c8651,03_PIXEL_ART/px_gif_gamepad_wiggle_001.gif,03_PIXEL_ART,gif,,,"Wiggling pixel game controller, transparent GIF",Derived from tstamborski/pixelart-icons,https://github.com/tstamborski/pixelart-icons,derived locally from 03_PIXEL_ART/px_gamepad_001.png,Animation by Agent C from Tomasz Stamborski artwork,CC0-1.0,https://creativecommons.org/publicdomain/zero/1.0/,False,,gif,256,256,0.64,,True,gamepad; controller; wiggle; pixel; gif; animated; loop,looping hero object; overlay on canvas; swap in for static sprite,loop-bg; object-ring; white-canvas-parade,high,False,False,downloaded,"NOT an upstream asset: simple programmatic animation (ImageMagick) of the source sprite; 256x256, looping, transparent.",True,True,,21984,bbbfe196c10ffe39ddbafda5e1677fcff54fb6a63aa5377ff2afea6df6d367cb,,09_PREVIEWS/thumbs/Aaa8c8651.jpg,C,,8,,
Afa73ed09,03_PIXEL_ART/px_gif_heartbeat_001.gif,03_PIXEL_ART,gif,,,"Pulsing/beating pixel heart, transparent GIF",Derived from tstamborski/pixelart-icons,https://github.com/tstamborski/pixelart-icons,derived locally from 03_PIXEL_ART/px_heart_dark_red_001.png,Animation by Agent C from Tomasz Stamborski artwork,CC0-1.0,https://creativecommons.org/publicdomain/zero/1.0/,False,,gif,256,256,0.64,,True,heart; beat; pulse; pixel; gif; animated; loop,looping hero object; overlay on canvas; swap in for static sprite,loop-bg; object-ring; white-canvas-parade,high,False,False,downloaded,"NOT an upstream asset: simple programmatic animation (ImageMagick) of the source sprite; 256x256, looping, transparent.",True,True,,11526,9361bfe8b3a2ffb6d23f7d750525a2951dea812b6f5dcc86c01917fcfc6f245e,,09_PREVIEWS/thumbs/Afa73ed09.jpg,C,,8,,
A29d90e39,03_PIXEL_ART/px_gif_star_twinkle_001.gif,03_PIXEL_ART,gif,,,"Twinkling pixel yellow star, transparent GIF",Derived from tstamborski/pixelart-icons,https://github.com/tstamborski/pixelart-icons,derived locally from 03_PIXEL_ART/px_yellow_star_001.png,Animation by Agent C from Tomasz Stamborski artwork,CC0-1.0,https://creativecommons.org/publicdomain/zero/1.0/,False,,gif,256,256,0.42,,True,star; twinkle; sparkle; pixel; gif; animated; loop,looping hero object; overlay on canvas; swap in for static sprite,loop-bg; object-ring; white-canvas-parade,high,False,False,downloaded,"NOT an upstream asset: simple programmatic animation (ImageMagick) of the source sprite; 256x256, looping, transparent.",True,True,,7059,958bd3ff4bd2c0e7d35ac1f90ea823681a2dd8e11ad4769e27d3b035f803c88e,,09_PREVIEWS/thumbs/A29d90e39.jpg,C,,6,,
A4935c399,03_PIXEL_ART/px_gif_vinyl_spin_001.gif,03_PIXEL_ART,gif,,,"Spinning black pixel vinyl record (Streamline Pixel icon rotated), transparent GIF",Derived from Streamline Pixel free icons,https://github.com/webalys-hq/streamline-vectors,derived locally from 03_PIXEL_ART/px_sl_vinyl_record_001.png,Animation by Agent C from Streamline artwork,CC-BY-4.0,https://creativecommons.org/licenses/by/4.0/,True,"Pixel free icons by Streamline (streamlinehq.com), CC BY 4.0; animation (rotation) added",gif,256,256,0.48,,True,vinyl; record; spin; pixel; gif; animated; loop,looping hero object; overlay on canvas; swap in for static sprite,loop-bg; object-ring; white-canvas-parade,high,False,False,downloaded,"NOT an upstream asset: simple programmatic animation (ImageMagick) of the source sprite; 256x256, looping, transparent.",True,True,attribution_required,17952,c87329401d17363ed21a0d0573308de6daaafe0595c78a91a54749ffd8ac71c5,03_PIXEL_ART/px_sl_vinyl_record_001.png; 03_PIXEL_ART/px_sl_vinyl_record_001.svg,09_PREVIEWS/thumbs/A4935c399.jpg,C,,8,,
Ad0fbc3c8,03_PIXEL_ART/px_gold_coin_001.png,03_PIXEL_ART,pixel_art,,,16px pixel gold coin with euro-like mark,GitHub: tstamborski/pixelart-icons,https://github.com/tstamborski/pixelart-icons,https://raw.githubusercontent.com/tstamborski/pixelart-icons/main/png/coin16.png,Tomasz Stamborski (tstamborski),CC0-1.0,https://github.com/tstamborski/pixelart-icons/blob/main/LICENSE,False,,png,16,16,,,True,coin; gold; money; pixel; sprite; retro,hero pixel object on off-white canvas; orbiting object ring; scatter across paper canvas,object-ring; white-canvas-parade; pixel-to-real; paper-collage,high,False,True,downloaded,"Original sprite, hand-drawn in Aseprite, transparent bg.",True,True,,292,65f8a206941d701929510b6a8969d7ea3212230c2cbf3f2f09617451c616f7d7,03_PIXEL_ART/px_gold_coin_x8_001.png,09_PREVIEWS/thumbs/Ad0fbc3c8.jpg,C,,,,
A9b179328,03_PIXEL_ART/px_gold_coin_x8_001.png,03_PIXEL_ART,pixel_art,,,16px pixel gold coin with euro-like mark (800% nearest-neighbor upscale),GitHub: tstamborski/pixelart-icons,https://github.com/tstamborski/pixelart-icons,https://raw.githubusercontent.com/tstamborski/pixelart-icons/main/png/coin16.png,Tomasz Stamborski (tstamborski),CC0-1.0,https://github.com/tstamborski/pixelart-icons/blob/main/LICENSE,False,,png,128,128,,,True,coin; gold; money; pixel; sprite; retro,hero pixel object on off-white canvas; orbiting object ring; scatter across paper canvas,object-ring; white-canvas-parade; pixel-to-real; paper-collage,high,False,False,downloaded,Derived from px_gold_coin_001.png (original sprite); hard-edged nearest-neighbor 8x upscale.,True,True,,336,378241b86a347f70a4ebaee28b3c61b2177dc86965bbbcd898a83bac8ae294aa,03_PIXEL_ART/px_gold_coin_001.png,09_PREVIEWS/thumbs/A9b179328.jpg,C,,,,
Aac367f7f,03_PIXEL_ART/px_googly_eyes_001.png,03_PIXEL_ART,pixel_art,,,32px pixel googly cartoon eyes,GitHub: SerenityOS/serenity,https://github.com/SerenityOS/serenity/tree/master/Base/res/icons/32x32,https://raw.githubusercontent.com/SerenityOS/serenity/master/Base/res/icons/32x32/app-eyes.png,SerenityOS developers,BSD-2-Clause,https://github.com/SerenityOS/serenity/blob/master/LICENSE,True,"Copyright (c) 2018-2026, the SerenityOS developers. BSD 2-Clause: retain copyright notice and license text in redistributions.",png,32,32,,,True,eyes; look; cartoon; pixel; 32px; retro os; serenityos,hero pixel object on off-white canvas; orbiting object ring; retro-window popup,object-ring; retro-window; white-canvas-parade; pixel-to-real,medium,False,True,downloaded,"Original 32x32 sprite, transparent bg. Retro-OS style (Win9x/Mac-like shading).",True,True,attribution_required,1751,f20b0b48a5b49e8534b06731879ebf814c88010897f51b3a94fb9e6b21a6751a,,09_PREVIEWS/thumbs/Aac367f7f.jpg,C,,,,
A4bb6b431,03_PIXEL_ART/px_grad_cap_mono_001.png,03_PIXEL_ART,icon,,,Monochrome black 48px pixel graduation cap icon,GitHub: hackernoon/pixel-icon-library,https://github.com/hackernoon/pixel-icon-library,https://raw.githubusercontent.com/hackernoon/pixel-icon-library/main/icons/PNG/for-light-mode/48px/solid/graduation-cap-solid.png,HackerNoon,CC-BY-4.0,https://creativecommons.org/licenses/by/4.0/,True,"Pixel Icon Library by HackerNoon (https://pixeliconlibrary.com), CC BY 4.0; indicate changes if modified.",png,48,48,,,True,cap; graduation; pixel; icon; mono,stencil/mask silhouette; tint with signal red; scribble backdrop icon,white-canvas-parade; paper-collage; retro-window,medium,False,False,downloaded,Black on transparent; recolor freely (changes must be indicated). README says CC BY 4.0 for icons; repo LICENSE file (MIT) covers non-icon files.,True,True,attribution_required,311,dd7b4023436df19bd3a9e61cecb2195964797df89982e0eab9ea1581d230490d,,09_PREVIEWS/thumbs/A4bb6b431.jpg,C,,,,
A715299f5,03_PIXEL_ART/px_green_mask_001.png,03_PIXEL_ART,pixel_art,,,32px pixel green theatre mask,GitHub: tstamborski/pixelart-icons,https://github.com/tstamborski/pixelart-icons,https://raw.githubusercontent.com/tstamborski/pixelart-icons/main/png/mask32.png,Tomasz Stamborski (tstamborski),CC0-1.0,https://github.com/tstamborski/pixelart-icons/blob/main/LICENSE,False,,png,32,32,,,True,mask; face; pixel; sprite; retro,hero pixel object on off-white canvas; orbiting object ring; scatter across paper canvas,object-ring; white-canvas-parade; pixel-to-real; paper-collage,medium,False,True,downloaded,"Original sprite, hand-drawn in Aseprite, transparent bg.",True,True,,286,d18d8bea0d6d65cbb3e1fdf3d5f6877f4f060095d7c28ec5f41218afbedd6d16,,09_PREVIEWS/thumbs/A715299f5.jpg,C,,,,
A2bde368f,03_PIXEL_ART/px_green_snake_001.png,03_PIXEL_ART,pixel_art,,,32px pixel coiled green snake with red tongue,GitHub: SerenityOS/serenity,https://github.com/SerenityOS/serenity/tree/master/Base/res/icons/32x32,https://raw.githubusercontent.com/SerenityOS/serenity/master/Base/res/icons/32x32/app-snake.png,SerenityOS developers,BSD-2-Clause,https://github.com/SerenityOS/serenity/blob/master/LICENSE,True,"Copyright (c) 2018-2026, the SerenityOS developers. BSD 2-Clause: retain copyright notice and license text in redistributions.",png,32,32,,,True,snake; animal; game; pixel; 32px; retro os; serenityos,hero pixel object on off-white canvas; orbiting object ring; retro-window popup,object-ring; retro-window; white-canvas-parade; pixel-to-real,medium,False,True,downloaded,"Original 32x32 sprite, transparent bg. Retro-OS style (Win9x/Mac-like shading).",True,True,attribution_required,329,9e40ba2b851e1ced0a625829983f58b51abcb922576f8c7a7dfafe8afbd5f30c,,09_PREVIEWS/thumbs/A2bde368f.jpg,C,,,,
A9aea1e36,03_PIXEL_ART/px_headphones_001.png,03_PIXEL_ART,pixel_art,,,16px pixel black headphones,GitHub: tstamborski/pixelart-icons,https://github.com/tstamborski/pixelart-icons,https://raw.githubusercontent.com/tstamborski/pixelart-icons/main/png/headphones16.png,Tomasz Stamborski (tstamborski),CC0-1.0,https://github.com/tstamborski/pixelart-icons/blob/main/LICENSE,False,,png,16,16,,,True,headphones; music; pixel; sprite; retro,hero pixel object on off-white canvas; orbiting object ring; scatter across paper canvas,object-ring; white-canvas-parade; pixel-to-real; paper-collage,medium,False,True,downloaded,"Original sprite, hand-drawn in Aseprite, transparent bg.",True,True,,142,2af93fd25da7df5422e32cbac6c5dd45fe5375cae83cb880812f030583dcd5e3,03_PIXEL_ART/px_headphones_x8_001.png,09_PREVIEWS/thumbs/A9aea1e36.jpg,C,,,,
Abdb99ea3,03_PIXEL_ART/px_headphones_x8_001.png,03_PIXEL_ART,pixel_art,,,16px pixel black headphones (800% nearest-neighbor upscale),GitHub: tstamborski/pixelart-icons,https://github.com/tstamborski/pixelart-icons,https://raw.githubusercontent.com/tstamborski/pixelart-icons/main/png/headphones16.png,Tomasz Stamborski (tstamborski),CC0-1.0,https://github.com/tstamborski/pixelart-icons/blob/main/LICENSE,False,,png,128,128,,,True,headphones; music; pixel; sprite; retro,hero pixel object on off-white canvas; orbiting object ring; scatter across paper canvas,object-ring; white-canvas-parade; pixel-to-real; paper-collage,medium,False,False,downloaded,Derived from px_headphones_001.png (original sprite); hard-edged nearest-neighbor 8x upscale.,True,True,,459,90f40d78d447017a20d85e6fbe688519bdd4030df06b76fe2cf90eb627874e1f,03_PIXEL_ART/px_headphones_001.png,09_PREVIEWS/thumbs/Abdb99ea3.jpg,C,,,,
Ad6604aff,03_PIXEL_ART/px_heart_001.png,03_PIXEL_ART,pixel_art,,,Red glossy 32px pixel heart (SerenityOS Hearts icon),GitHub: SerenityOS/serenity,https://github.com/SerenityOS/serenity/tree/master/Base/res/icons/32x32,https://raw.githubusercontent.com/SerenityOS/serenity/master/Base/res/icons/32x32/app-hearts.png,SerenityOS developers,BSD-2-Clause,https://github.com/SerenityOS/serenity/blob/master/LICENSE,True,"Copyright (c) 2018-2026, the SerenityOS developers. BSD 2-Clause: retain copyright notice and license text in redistributions.",png,32,32,,,True,heart; love; red; pixel; 32px; retro os; serenityos,hero pixel object on off-white canvas; orbiting object ring; retro-window popup,object-ring; retro-window; white-canvas-parade; pixel-to-real,high,False,True,downloaded,"Original 32x32 sprite, transparent bg. Retro-OS style (Win9x/Mac-like shading).",True,True,attribution_required,609,e5191fc485f4dab08a0b053506281409f1704ffd0d1b8b879310b7d924bfb794,03_PIXEL_ART/px_heart_x8_001.png,09_PREVIEWS/thumbs/Ad6604aff.jpg,C,,,,
Ae7e4fcab,03_PIXEL_ART/px_heart_dark_red_001.png,03_PIXEL_ART,pixel_art,,,32px pixel dark red heart with black outline,GitHub: tstamborski/pixelart-icons,https://github.com/tstamborski/pixelart-icons,https://raw.githubusercontent.com/tstamborski/pixelart-icons/main/png/heart32.png,Tomasz Stamborski (tstamborski),CC0-1.0,https://github.com/tstamborski/pixelart-icons/blob/main/LICENSE,False,,png,32,32,,,True,heart; love; pixel; sprite; retro,hero pixel object on off-white canvas; orbiting object ring; scatter across paper canvas,object-ring; white-canvas-parade; pixel-to-real; paper-collage,high,False,True,downloaded,"Original sprite, hand-drawn in Aseprite, transparent bg.",True,True,,279,420553fe0e38993584b5c883630556b5a71262a90b63c96051bf8a447184706d,03_PIXEL_ART/px_heart_dark_red_x8_001.png,09_PREVIEWS/thumbs/Ae7e4fcab.jpg,C,,,,
A59d15fa8,03_PIXEL_ART/px_heart_dark_red_x8_001.png,03_PIXEL_ART,pixel_art,,,32px pixel dark red heart with black outline (800% nearest-neighbor upscale),GitHub: tstamborski/pixelart-icons,https://github.com/tstamborski/pixelart-icons,https://raw.githubusercontent.com/tstamborski/pixelart-icons/main/png/heart32.png,Tomasz Stamborski (tstamborski),CC0-1.0,https://github.com/tstamborski/pixelart-icons/blob/main/LICENSE,False,,png,256,256,,,True,heart; love; pixel; sprite; retro,hero pixel object on off-white canvas; orbiting object ring; scatter across paper canvas,object-ring; white-canvas-parade; pixel-to-real; paper-collage,high,False,False,downloaded,Derived from px_heart_dark_red_001.png (original sprite); hard-edged nearest-neighbor 8x upscale.,True,True,,372,8d6b3c4c15ebfcf93eea3dc322dca40d8e2e393ece981730eb948b2d745ddd42,03_PIXEL_ART/px_heart_dark_red_001.png,09_PREVIEWS/thumbs/A59d15fa8.jpg,C,,,,
A483646dd,03_PIXEL_ART/px_heart_mono_001.png,03_PIXEL_ART,icon,,,Monochrome black 48px pixel heart icon,GitHub: hackernoon/pixel-icon-library,https://github.com/hackernoon/pixel-icon-library,https://raw.githubusercontent.com/hackernoon/pixel-icon-library/main/icons/PNG/for-light-mode/48px/solid/heart-solid.png,HackerNoon,CC-BY-4.0,https://creativecommons.org/licenses/by/4.0/,True,"Pixel Icon Library by HackerNoon (https://pixeliconlibrary.com), CC BY 4.0; indicate changes if modified.",png,48,48,,,True,heart; love; pixel; icon; mono,stencil/mask silhouette; tint with signal red; scribble backdrop icon,white-canvas-parade; paper-collage; retro-window,high,False,False,downloaded,Black on transparent; recolor freely (changes must be indicated). README says CC BY 4.0 for icons; repo LICENSE file (MIT) covers non-icon files.,True,True,attribution_required,266,2738746376c29f02ac2b9ab54d1c72b486ee104e44f651b700d116c4ad739f2c,,09_PREVIEWS/thumbs/A483646dd.jpg,C,,,,
A75c56dd3,03_PIXEL_ART/px_heart_x8_001.png,03_PIXEL_ART,pixel_art,,,"Red glossy 32px pixel heart (SerenityOS Hearts icon) (800% nearest-neighbor upscale, 256px)",GitHub: SerenityOS/serenity,https://github.com/SerenityOS/serenity/tree/master/Base/res/icons/32x32,https://raw.githubusercontent.com/SerenityOS/serenity/master/Base/res/icons/32x32/app-hearts.png,SerenityOS developers,BSD-2-Clause,https://github.com/SerenityOS/serenity/blob/master/LICENSE,True,"Copyright (c) 2018-2026, the SerenityOS developers. BSD 2-Clause: retain copyright notice and license text in redistributions.",png,256,256,,,True,heart; love; red; pixel; 32px; retro os; serenityos,hero pixel object on off-white canvas; orbiting object ring; retro-window popup,object-ring; retro-window; white-canvas-parade; pixel-to-real,high,False,False,downloaded,Derived from px_heart_001.png (original 32x32); hard-edged nearest-neighbor 8x upscale.,True,True,attribution_required,1231,8dc79dae27eda22204fb728f9b451f5aac694da3ce97c59c381ebaf0d52ce730,03_PIXEL_ART/px_heart_001.png,09_PREVIEWS/thumbs/A75c56dd3.jpg,C,,,,
A6fe57bcd,03_PIXEL_ART/px_hotdog_001.png,03_PIXEL_ART,pixel_art,,,32px pixel hotdog (bun and sausage),GitHub: tstamborski/pixelart-icons,https://github.com/tstamborski/pixelart-icons,https://raw.githubusercontent.com/tstamborski/pixelart-icons/main/png/hotdog32.png,Tomasz Stamborski (tstamborski),CC0-1.0,https://github.com/tstamborski/pixelart-icons/blob/main/LICENSE,False,,png,32,32,,,True,hotdog; food; pixel; sprite; retro,hero pixel object on off-white canvas; orbiting object ring; scatter across paper canvas,object-ring; white-canvas-parade; pixel-to-real; paper-collage,medium,False,True,downloaded,"Original sprite, hand-drawn in Aseprite, transparent bg.",True,True,,305,16de4734d42a1b2a8654b6b608cd8dad9ac8858520179c595e71c36e6e3b1d6c,,09_PREVIEWS/thumbs/A6fe57bcd.jpg,C,,,,
A9fb78ae3,03_PIXEL_ART/px_jack_o_lantern_001.png,03_PIXEL_ART,pixel_art,,,"Pixel jack-o-lantern pumpkin mask (detailed ~48px shaded sprite, transparent bg)",GitHub: doficia/project-cordon-sprites,https://github.com/doficia/project-cordon-sprites,https://raw.githubusercontent.com/doficia/project-cordon-sprites/master/sprites/armors/jack-o-lantern-mask.png,Project Cordon community (doficia and contributors),CC0-1.0,https://github.com/doficia/project-cordon-sprites/blob/master/LICENSE.md,False,,png,128,128,,,True,jack; o; lantern; pixel; sprite; item,hero pixel object on off-white canvas; object ring / orbit; scatter across canvas,object-ring; white-canvas-parade; paper-collage,medium,False,False,downloaded,"Original sprite, no edits. Richer shading than 32px sets.",True,True,,8239,2ef0c50643fa2287889b617b396e0611483aa354e2ffac9cb63af4efc08005a7,,09_PREVIEWS/thumbs/A9fb78ae3.jpg,C,,,,
A7fe8252a,03_PIXEL_ART/px_joystick_001.png,03_PIXEL_ART,pixel_art,,,32px pixel arcade joystick on grey base,GitHub: SerenityOS/serenity,https://github.com/SerenityOS/serenity/tree/master/Base/res/icons/32x32,https://raw.githubusercontent.com/SerenityOS/serenity/master/Base/res/icons/32x32/games.png,SerenityOS developers,BSD-2-Clause,https://github.com/SerenityOS/serenity/blob/master/LICENSE,True,"Copyright (c) 2018-2026, the SerenityOS developers. BSD 2-Clause: retain copyright notice and license text in redistributions.",png,32,32,,,True,joystick; game; arcade; controller; pixel; 32px; retro os; serenityos,hero pixel object on off-white canvas; orbiting object ring; retro-window popup,object-ring; retro-window; white-canvas-parade; pixel-to-real,high,False,True,downloaded,"Original 32x32 sprite, transparent bg. Retro-OS style (Win9x/Mac-like shading).",True,True,attribution_required,396,75ba9cada10c2d8e218343728ecaec50417ae0358a9bd3451ef16b12ec3074a7,03_PIXEL_ART/px_joystick_x8_001.png,09_PREVIEWS/thumbs/A7fe8252a.jpg,C,,,,
Addf6ef18,03_PIXEL_ART/px_joystick_x8_001.png,03_PIXEL_ART,pixel_art,,,"32px pixel arcade joystick on grey base (800% nearest-neighbor upscale, 256px)",GitHub: SerenityOS/serenity,https://github.com/SerenityOS/serenity/tree/master/Base/res/icons/32x32,https://raw.githubusercontent.com/SerenityOS/serenity/master/Base/res/icons/32x32/games.png,SerenityOS developers,BSD-2-Clause,https://github.com/SerenityOS/serenity/blob/master/LICENSE,True,"Copyright (c) 2018-2026, the SerenityOS developers. BSD 2-Clause: retain copyright notice and license text in redistributions.",png,256,256,,,True,joystick; game; arcade; controller; pixel; 32px; retro os; serenityos,hero pixel object on off-white canvas; orbiting object ring; retro-window popup,object-ring; retro-window; white-canvas-parade; pixel-to-real,high,False,False,downloaded,Derived from px_joystick_001.png (original 32x32); hard-edged nearest-neighbor 8x upscale.,True,True,attribution_required,534,b2aa89823b696242832b0ab1c634513a1880915ed084062fe25bc87063713ea0,03_PIXEL_ART/px_joystick_001.png,09_PREVIEWS/thumbs/Addf6ef18.jpg,C,,,,
A1203b705,03_PIXEL_ART/px_key_001.png,03_PIXEL_ART,pixel_art,,,Grey 32px pixel skeleton key,GitHub: SerenityOS/serenity,https://github.com/SerenityOS/serenity/tree/master/Base/res/icons/32x32,https://raw.githubusercontent.com/SerenityOS/serenity/master/Base/res/icons/32x32/key.png,SerenityOS developers,BSD-2-Clause,https://github.com/SerenityOS/serenity/blob/master/LICENSE,True,"Copyright (c) 2018-2026, the SerenityOS developers. BSD 2-Clause: retain copyright notice and license text in redistributions.",png,32,32,,,True,key; retro; pixel; 32px; retro os; serenityos,hero pixel object on off-white canvas; orbiting object ring; retro-window popup,object-ring; retro-window; white-canvas-parade; pixel-to-real,medium,False,True,downloaded,"Original 32x32 sprite, transparent bg. Retro-OS style (Win9x/Mac-like shading).",True,True,attribution_required,298,acd18356c7013e73e9af8609be8ff0be9f6d2433a06e3e58b24351d6b2903030,,09_PREVIEWS/thumbs/A1203b705.jpg,C,,,,
A95f5bdcf,03_PIXEL_ART/px_ladybug_001.png,03_PIXEL_ART,pixel_art,,,32px pixel ladybug with wings spread,GitHub: SerenityOS/serenity,https://github.com/SerenityOS/serenity/tree/master/Base/res/icons/32x32,https://raw.githubusercontent.com/SerenityOS/serenity/master/Base/res/icons/32x32/app-flappybug.png,SerenityOS developers,BSD-2-Clause,https://github.com/SerenityOS/serenity/blob/master/LICENSE,True,"Copyright (c) 2018-2026, the SerenityOS developers. BSD 2-Clause: retain copyright notice and license text in redistributions.",png,32,32,,,True,bug; ladybug; insect; pixel; 32px; retro os; serenityos,hero pixel object on off-white canvas; orbiting object ring; retro-window popup,object-ring; retro-window; white-canvas-parade; pixel-to-real,medium,False,True,downloaded,"Original 32x32 sprite, transparent bg. Retro-OS style (Win9x/Mac-like shading).",True,True,attribution_required,1137,e6f01abb15b0e6935b43ef63a3e1e2abf51595526ca5e8c321444f36f68d9dc4,,09_PREVIEWS/thumbs/A95f5bdcf.jpg,C,,,,
Aaed48b4a,03_PIXEL_ART/px_ladybug_ball_001.png,03_PIXEL_ART,pixel_art,,,32px pixel red ladybug ball (Serenity mascot),GitHub: SerenityOS/serenity,https://github.com/SerenityOS/serenity/tree/master/Base/res/icons/32x32,https://raw.githubusercontent.com/SerenityOS/serenity/master/Base/res/icons/32x32/ladyball.png,SerenityOS developers,BSD-2-Clause,https://github.com/SerenityOS/serenity/blob/master/LICENSE,True,"Copyright (c) 2018-2026, the SerenityOS developers. BSD 2-Clause: retain copyright notice and license text in redistributions.",png,32,32,,,True,ladybug; ball; red; pixel; 32px; retro os; serenityos,hero pixel object on off-white canvas; orbiting object ring; retro-window popup,object-ring; retro-window; white-canvas-parade; pixel-to-real,medium,False,True,downloaded,"Original 32x32 sprite, transparent bg. Retro-OS style (Win9x/Mac-like shading).",True,True,attribution_required,668,d65ca068f7e3a44ae37c790d1fde8c0992a0f086ab6319f041f2418f97b9156f,,09_PREVIEWS/thumbs/Aaed48b4a.jpg,C,,,,
A2f5db27f,03_PIXEL_ART/px_lemon_001.png,03_PIXEL_ART,pixel_art,,,32px pixel yellow lemon,GitHub: tstamborski/pixelart-icons,https://github.com/tstamborski/pixelart-icons,https://raw.githubusercontent.com/tstamborski/pixelart-icons/main/png/lemon32.png,Tomasz Stamborski (tstamborski),CC0-1.0,https://github.com/tstamborski/pixelart-icons/blob/main/LICENSE,False,,png,32,32,,,True,lemon; fruit; food; pixel; sprite; retro,hero pixel object on off-white canvas; orbiting object ring; scatter across paper canvas,object-ring; white-canvas-parade; pixel-to-real; paper-collage,medium,False,True,downloaded,"Original sprite, hand-drawn in Aseprite, transparent bg.",True,True,,302,fbf3b30bf2280bf0c2be0d0b4d3ebaf190aab249dfbf8387e71ae534c891b8cf,,09_PREVIEWS/thumbs/A2f5db27f.jpg,C,,,,
A6dd2d432,03_PIXEL_ART/px_lifebuoy_book_001.png,03_PIXEL_ART,pixel_art,,,32px pixel brown book with lifebuoy cover (help),GitHub: SerenityOS/serenity,https://github.com/SerenityOS/serenity/tree/master/Base/res/icons/32x32,https://raw.githubusercontent.com/SerenityOS/serenity/master/Base/res/icons/32x32/app-help.png,SerenityOS developers,BSD-2-Clause,https://github.com/SerenityOS/serenity/blob/master/LICENSE,True,"Copyright (c) 2018-2026, the SerenityOS developers. BSD 2-Clause: retain copyright notice and license text in redistributions.",png,32,32,,,True,book; help; lifebuoy; pixel; 32px; retro os; serenityos,hero pixel object on off-white canvas; orbiting object ring; retro-window popup,object-ring; retro-window; white-canvas-parade; pixel-to-real,high,False,True,downloaded,"Original 32x32 sprite, transparent bg. Retro-OS style (Win9x/Mac-like shading).",True,True,attribution_required,1489,b740988e9c51162ae7b54205f2b9483cc4c21ba8d227463956424814165322c7,03_PIXEL_ART/px_lifebuoy_book_x8_001.png,09_PREVIEWS/thumbs/A6dd2d432.jpg,C,,,,
A814b5a84,03_PIXEL_ART/px_lifebuoy_book_x8_001.png,03_PIXEL_ART,pixel_art,,,"32px pixel brown book with lifebuoy cover (help) (800% nearest-neighbor upscale, 256px)",GitHub: SerenityOS/serenity,https://github.com/SerenityOS/serenity/tree/master/Base/res/icons/32x32,https://raw.githubusercontent.com/SerenityOS/serenity/master/Base/res/icons/32x32/app-help.png,SerenityOS developers,BSD-2-Clause,https://github.com/SerenityOS/serenity/blob/master/LICENSE,True,"Copyright (c) 2018-2026, the SerenityOS developers. BSD 2-Clause: retain copyright notice and license text in redistributions.",png,256,256,,,True,book; help; lifebuoy; pixel; 32px; retro os; serenityos,hero pixel object on off-white canvas; orbiting object ring; retro-window popup,object-ring; retro-window; white-canvas-parade; pixel-to-real,high,False,False,downloaded,Derived from px_lifebuoy_book_001.png (original 32x32); hard-edged nearest-neighbor 8x upscale.,True,True,attribution_required,3106,0499829f2e7cede02adf542343b7ca1c0c72df5fb2cd30f5f4efc454d868106e,03_PIXEL_ART/px_lifebuoy_book_001.png,09_PREVIEWS/thumbs/A814b5a84.jpg,C,,,,
Aa5858d24,03_PIXEL_ART/px_lightbulb_001.png,03_PIXEL_ART,pixel_art,,,16px pixel yellow light bulb,GitHub: tstamborski/pixelart-icons,https://github.com/tstamborski/pixelart-icons,https://raw.githubusercontent.com/tstamborski/pixelart-icons/main/png/lightbulb16.png,Tomasz Stamborski (tstamborski),CC0-1.0,https://github.com/tstamborski/pixelart-icons/blob/main/LICENSE,False,,png,16,16,,,True,lightbulb; idea; pixel; sprite; retro,hero pixel object on off-white canvas; orbiting object ring; scatter across paper canvas,object-ring; white-canvas-parade; pixel-to-real; paper-collage,medium,False,True,downloaded,"Original sprite, hand-drawn in Aseprite, transparent bg.",True,True,,191,62e9e483eb193d406c468923437d1e2a6d700e6dfdd0362f44278257544f772f,,09_PREVIEWS/thumbs/Aa5858d24.jpg,C,,,,
Ad316c784,03_PIXEL_ART/px_lollipop_001.png,03_PIXEL_ART,pixel_art,,,32px pixel pink lollipop,GitHub: tstamborski/pixelart-icons,https://github.com/tstamborski/pixelart-icons,https://raw.githubusercontent.com/tstamborski/pixelart-icons/main/png/lollipop32.png,Tomasz Stamborski (tstamborski),CC0-1.0,https://github.com/tstamborski/pixelart-icons/blob/main/LICENSE,False,,png,32,32,,,True,lollipop; candy; food; pixel; sprite; retro,hero pixel object on off-white canvas; orbiting object ring; scatter across paper canvas,object-ring; white-canvas-parade; pixel-to-real; paper-collage,medium,False,True,downloaded,"Original sprite, hand-drawn in Aseprite, transparent bg.",True,True,,283,959bb39a0ab7b4c3e883b261093254535d57f64530d1dc75436deeed3306e3fe,,09_PREVIEWS/thumbs/Ad316c784.jpg,C,,,,
Aa294b2e2,03_PIXEL_ART/px_magnifier_001.png,03_PIXEL_ART,pixel_art,,,32px pixel magnifying glass,GitHub: SerenityOS/serenity,https://github.com/SerenityOS/serenity/tree/master/Base/res/icons/32x32,https://raw.githubusercontent.com/SerenityOS/serenity/master/Base/res/icons/32x32/app-magnifier.png,SerenityOS developers,BSD-2-Clause,https://github.com/SerenityOS/serenity/blob/master/LICENSE,True,"Copyright (c) 2018-2026, the SerenityOS developers. BSD 2-Clause: retain copyright notice and license text in redistributions.",png,32,32,,,True,magnifier; search; zoom; pixel; 32px; retro os; serenityos,hero pixel object on off-white canvas; orbiting object ring; retro-window popup,object-ring; retro-window; white-canvas-parade; pixel-to-real,medium,False,True,downloaded,"Original 32x32 sprite, transparent bg. Retro-OS style (Win9x/Mac-like shading).",True,True,attribution_required,567,196eedd0f3f2a69edbc17dbbd1224584eb59d2f99c32da759c96935deac81833,,09_PREVIEWS/thumbs/Aa294b2e2.jpg,C,,,,
A9838e0c0,03_PIXEL_ART/px_music_note_badge_001.png,03_PIXEL_ART,pixel_art,,,32px pixel music note in blue circle,GitHub: tstamborski/pixelart-icons,https://github.com/tstamborski/pixelart-icons,https://raw.githubusercontent.com/tstamborski/pixelart-icons/main/png/music-on32.png,Tomasz Stamborski (tstamborski),CC0-1.0,https://github.com/tstamborski/pixelart-icons/blob/main/LICENSE,False,,png,32,32,,,True,music; note; badge; pixel; sprite; retro,hero pixel object on off-white canvas; orbiting object ring; scatter across paper canvas,object-ring; white-canvas-parade; pixel-to-real; paper-collage,medium,False,True,downloaded,"Original sprite, hand-drawn in Aseprite, transparent bg.",True,True,,322,fbd132ba2f22da7568620f7e89e732ff417dcd066cb9f680dc4c7ca8dabdd349,,09_PREVIEWS/thumbs/A9838e0c0.jpg,C,,,,
A2e15f698,03_PIXEL_ART/px_music_score_001.png,03_PIXEL_ART,pixel_art,,,32px pixel music score sheet with notes,GitHub: SerenityOS/serenity,https://github.com/SerenityOS/serenity/tree/master/Base/res/icons/32x32,https://raw.githubusercontent.com/SerenityOS/serenity/master/Base/res/icons/32x32/filetype-music.png,SerenityOS developers,BSD-2-Clause,https://github.com/SerenityOS/serenity/blob/master/LICENSE,True,"Copyright (c) 2018-2026, the SerenityOS developers. BSD 2-Clause: retain copyright notice and license text in redistributions.",png,32,32,,,True,music; notes; sheet; pixel; 32px; retro os; serenityos,hero pixel object on off-white canvas; orbiting object ring; retro-window popup,object-ring; retro-window; white-canvas-parade; pixel-to-real,medium,False,True,downloaded,"Original 32x32 sprite, transparent bg. Retro-OS style (Win9x/Mac-like shading).",True,True,attribution_required,306,dab5afcf976d6d50d33cf023742c3149d4694cc2b6b0ca33df2cb1c0405aa1e3,,09_PREVIEWS/thumbs/A2e15f698.jpg,C,,,,
A754381e9,03_PIXEL_ART/px_obsidian_shard_001.png,03_PIXEL_ART,pixel_art,,,"Pixel dark obsidian shard (detailed ~48px shaded sprite, transparent bg)",GitHub: doficia/project-cordon-sprites,https://github.com/doficia/project-cordon-sprites,https://raw.githubusercontent.com/doficia/project-cordon-sprites/master/sprites/materials/obsidian-shard.png,Project Cordon community (doficia and contributors),CC0-1.0,https://github.com/doficia/project-cordon-sprites/blob/master/LICENSE.md,False,,png,128,128,,,True,obsidian; shard; pixel; sprite; item,hero pixel object on off-white canvas; object ring / orbit; scatter across canvas,object-ring; white-canvas-parade; paper-collage,low,False,False,downloaded,"Original sprite, no edits. Richer shading than 32px sets.",True,True,,4044,93fe61cd5a63b25908b8ee9f72d7f740000b28d36027ced2c6745efa65e761b0,,09_PREVIEWS/thumbs/A754381e9.jpg,C,,,,
Ae2331b45,03_PIXEL_ART/px_paintbrush_001.png,03_PIXEL_ART,pixel_art,,,32px pixel paintbrush,GitHub: tstamborski/pixelart-icons,https://github.com/tstamborski/pixelart-icons,https://raw.githubusercontent.com/tstamborski/pixelart-icons/main/png/brush32.png,Tomasz Stamborski (tstamborski),CC0-1.0,https://github.com/tstamborski/pixelart-icons/blob/main/LICENSE,False,,png,32,32,,,True,brush; paint; art; pixel; sprite; retro,hero pixel object on off-white canvas; orbiting object ring; scatter across paper canvas,object-ring; white-canvas-parade; pixel-to-real; paper-collage,medium,False,True,downloaded,"Original sprite, hand-drawn in Aseprite, transparent bg.",True,True,,325,30a0c0d7b91e6b18f26a61e2a3bbf489ff33a9c75c4bb0bbe4fece490ba2f9fe,,09_PREVIEWS/thumbs/Ae2331b45.jpg,C,,,,
A15c239ac,03_PIXEL_ART/px_piano_keys_001.png,03_PIXEL_ART,pixel_art,,,32px pixel piano keyboard,GitHub: SerenityOS/serenity,https://github.com/SerenityOS/serenity/tree/master/Base/res/icons/32x32,https://raw.githubusercontent.com/SerenityOS/serenity/master/Base/res/icons/32x32/app-piano.png,SerenityOS developers,BSD-2-Clause,https://github.com/SerenityOS/serenity/blob/master/LICENSE,True,"Copyright (c) 2018-2026, the SerenityOS developers. BSD 2-Clause: retain copyright notice and license text in redistributions.",png,32,32,,,True,piano; music; keys; pixel; 32px; retro os; serenityos,hero pixel object on off-white canvas; orbiting object ring; retro-window popup,object-ring; retro-window; white-canvas-parade; pixel-to-real,medium,False,True,downloaded,"Original 32x32 sprite, transparent bg. Retro-OS style (Win9x/Mac-like shading).",True,True,attribution_required,176,ee82fb788b9e9691f7a0b1e6566424713fc507cd86d2e38b1ae77cdf8f1206e2,03_PIXEL_ART/px_piano_keys_x8_001.png,09_PREVIEWS/thumbs/A15c239ac.jpg,C,,,,
A0b551950,03_PIXEL_ART/px_piano_keys_x8_001.png,03_PIXEL_ART,pixel_art,,,"32px pixel piano keyboard (800% nearest-neighbor upscale, 256px)",GitHub: SerenityOS/serenity,https://github.com/SerenityOS/serenity/tree/master/Base/res/icons/32x32,https://raw.githubusercontent.com/SerenityOS/serenity/master/Base/res/icons/32x32/app-piano.png,SerenityOS developers,BSD-2-Clause,https://github.com/SerenityOS/serenity/blob/master/LICENSE,True,"Copyright (c) 2018-2026, the SerenityOS developers. BSD 2-Clause: retain copyright notice and license text in redistributions.",png,256,256,,,True,piano; music; keys; pixel; 32px; retro os; serenityos,hero pixel object on off-white canvas; orbiting object ring; retro-window popup,object-ring; retro-window; white-canvas-parade; pixel-to-real,medium,False,False,downloaded,Derived from px_piano_keys_001.png (original 32x32); hard-edged nearest-neighbor 8x upscale.,True,True,attribution_required,811,44f792ebc44447c57f58a5e10500c6d18cc7ae9dfc9b2588c7907d43c3d08b5e,03_PIXEL_ART/px_piano_keys_001.png,09_PREVIEWS/thumbs/A0b551950.jpg,C,,,,
A9cc81a58,03_PIXEL_ART/px_pirate_hat_001.png,03_PIXEL_ART,pixel_art,,,"Pixel black pirate hat with skull (detailed ~48px shaded sprite, transparent bg)",GitHub: doficia/project-cordon-sprites,https://github.com/doficia/project-cordon-sprites,https://raw.githubusercontent.com/doficia/project-cordon-sprites/master/sprites/armors/pirate-hat.png,Project Cordon community (doficia and contributors),CC0-1.0,https://github.com/doficia/project-cordon-sprites/blob/master/LICENSE.md,False,,png,128,128,,,True,pirate; hat; pixel; sprite; item,hero pixel object on off-white canvas; object ring / orbit; scatter across canvas,object-ring; white-canvas-parade; paper-collage,medium,False,False,downloaded,"Original sprite, no edits. Richer shading than 32px sets.",True,True,,2266,5dfd82832c2a725f55242921add4b0277e11ffbc08fe31274cff9d81280efba9,,09_PREVIEWS/thumbs/A9cc81a58.jpg,C,,,,
Ad27c0b00,03_PIXEL_ART/px_plague_mask_001.png,03_PIXEL_ART,pixel_art,,,"Pixel plague doctor beak mask (detailed ~48px shaded sprite, transparent bg)",GitHub: doficia/project-cordon-sprites,https://github.com/doficia/project-cordon-sprites,https://raw.githubusercontent.com/doficia/project-cordon-sprites/master/sprites/armors/plague-doctor-mask.png,Project Cordon community (doficia and contributors),CC0-1.0,https://github.com/doficia/project-cordon-sprites/blob/master/LICENSE.md,False,,png,128,128,,,True,plague; mask; pixel; sprite; item,hero pixel object on off-white canvas; object ring / orbit; scatter across canvas,object-ring; white-canvas-parade; paper-collage,medium,False,False,downloaded,"Original sprite, no edits. Richer shading than 32px sets.",True,True,,20146,0512554d6dd62b4ab7052fb7277715ffbc30249c6cac9bf5e5823e296f115268,,09_PREVIEWS/thumbs/Ad27c0b00.jpg,C,,,,
A41bf22ca,03_PIXEL_ART/px_poison_skull_001.png,03_PIXEL_ART,pixel_art,,,"Pixel green poison skull and crossbones (detailed ~48px shaded sprite, transparent bg)",GitHub: doficia/project-cordon-sprites,https://github.com/doficia/project-cordon-sprites,https://raw.githubusercontent.com/doficia/project-cordon-sprites/master/sprites/status/poison.png,Project Cordon community (doficia and contributors),CC0-1.0,https://github.com/doficia/project-cordon-sprites/blob/master/LICENSE.md,False,,png,128,128,,,True,poison; skull; pixel; sprite; item,hero pixel object on off-white canvas; object ring / orbit; scatter across canvas,object-ring; white-canvas-parade; paper-collage,medium,False,False,downloaded,"Original sprite, no edits. Richer shading than 32px sets.",True,True,,1893,b19c6ff4f5a46f8daa0bc331ebefd5d457cebf94f8ee362145d974ba31a45bfb,,09_PREVIEWS/thumbs/A41bf22ca.jpg,C,,,,
Aa3ae734b,03_PIXEL_ART/px_police_cap_001.png,03_PIXEL_ART,pixel_art,,,"Pixel blue police peaked cap (detailed ~48px shaded sprite, transparent bg)",GitHub: doficia/project-cordon-sprites,https://github.com/doficia/project-cordon-sprites,https://raw.githubusercontent.com/doficia/project-cordon-sprites/master/sprites/armors/police-officer-hat.png,Project Cordon community (doficia and contributors),CC0-1.0,https://github.com/doficia/project-cordon-sprites/blob/master/LICENSE.md,False,,png,128,128,,,True,police; cap; pixel; sprite; item,hero pixel object on off-white canvas; object ring / orbit; scatter across canvas,object-ring; white-canvas-parade; paper-collage,high,False,False,downloaded,"Original sprite, no edits. Richer shading than 32px sets.",True,True,,6397,f30e77fe7aa0f16139d51cc47b71f38b31f8a3c256d64fce1e796c9cdd4458db,,09_PREVIEWS/thumbs/Aa3ae734b.jpg,C,,,,
Ab713b128,03_PIXEL_ART/px_potato_001.png,03_PIXEL_ART,pixel_art,,,"Pixel potato (detailed ~48px shaded sprite, transparent bg)",GitHub: doficia/project-cordon-sprites,https://github.com/doficia/project-cordon-sprites,https://raw.githubusercontent.com/doficia/project-cordon-sprites/master/sprites/consumables/potato.png,Project Cordon community (doficia and contributors),CC0-1.0,https://github.com/doficia/project-cordon-sprites/blob/master/LICENSE.md,False,,png,128,128,,,True,potato; pixel; sprite; item,hero pixel object on off-white canvas; object ring / orbit; scatter across canvas,object-ring; white-canvas-parade; paper-collage,low,False,False,downloaded,"Original sprite, no edits. Richer shading than 32px sets.",True,True,,1769,e5b9e9dc9569292c693e7a70a3a92882e498054d834fbeb70cb7ecab04290b9d,,09_PREVIEWS/thumbs/Ab713b128.jpg,C,,,,
A2e36c69e,03_PIXEL_ART/px_printer_001.png,03_PIXEL_ART,pixel_art,,,32px pixel desktop printer,GitHub: tstamborski/pixelart-icons,https://github.com/tstamborski/pixelart-icons,https://raw.githubusercontent.com/tstamborski/pixelart-icons/main/png/printer32.png,Tomasz Stamborski (tstamborski),CC0-1.0,https://github.com/tstamborski/pixelart-icons/blob/main/LICENSE,False,,png,32,32,,,True,printer; office; pixel; sprite; retro,hero pixel object on off-white canvas; orbiting object ring; scatter across paper canvas,object-ring; white-canvas-parade; pixel-to-real; paper-collage,low,False,True,downloaded,"Original sprite, hand-drawn in Aseprite, transparent bg.",True,True,,337,a5da4462949040369ee2746930f2c3e5801db2d44b916334123fb4960c6c8b34,,09_PREVIEWS/thumbs/A2e36c69e.jpg,C,,,,
A4b257a6f,03_PIXEL_ART/px_pxicon_album_001.png,03_PIXEL_ART,pixel_art,,,"Pixel-grid (24x24) icon ""album"", single-color vector - 1024px PNG render",GitHub: halfmage/pixelarticons,https://github.com/halfmage/pixelarticons,https://raw.githubusercontent.com/halfmage/pixelarticons/master/svg/album.svg,Gerrit Halfmann (halfmage),MIT,https://github.com/halfmage/pixelarticons/blob/master/LICENSE,False,,png,1024,1024,,,True,album; pixel; icon; svg,"vector pixel glyph, recolor to red/black; scales crisply for hero use; scribble-backdrop icon",white-canvas-parade; paper-collage; retro-window,medium,False,False,downloaded,"Derived: cairosvg render of px_pxicon_album_001.svg, black on transparent.",True,True,,6375,c64a58d1df0e2395ae3b7b99c3909f92c274a431ea60ef6684fa90c1f89862a2,03_PIXEL_ART/px_pxicon_album_001.svg,09_PREVIEWS/thumbs/A4b257a6f.jpg,C,,,,
Ae02f233a,03_PIXEL_ART/px_pxicon_album_001.svg,03_PIXEL_ART,svg,,,"Pixel-grid (24x24) icon ""album"", single-color vector",GitHub: halfmage/pixelarticons,https://github.com/halfmage/pixelarticons,https://raw.githubusercontent.com/halfmage/pixelarticons/master/svg/album.svg,Gerrit Halfmann (halfmage),MIT,https://github.com/halfmage/pixelarticons/blob/master/LICENSE,False,,svg,640,640,,,True,album; pixel; icon; svg,"vector pixel glyph, recolor to red/black; scales crisply for hero use; scribble-backdrop icon",white-canvas-parade; paper-collage; retro-window,medium,False,False,downloaded,MIT; fill=currentColor (renders black). Copyright (c) 2019 Gerrit Halfmann. PNG render: px_pxicon_album_001.png,True,True,,231,d3048141c94827075b63c4d83748e0b526930683130b7112b37d50cbd7d372c2,03_PIXEL_ART/px_pxicon_album_001.png,09_PREVIEWS/thumbs/Ae02f233a.jpg,C,,,,
Aec84cb85,03_PIXEL_ART/px_pxicon_alien_001.png,03_PIXEL_ART,pixel_art,,,"Pixel-grid (24x24) icon ""alien"", single-color vector - 1024px PNG render",GitHub: halfmage/pixelarticons,https://github.com/halfmage/pixelarticons,https://raw.githubusercontent.com/halfmage/pixelarticons/master/svg/alien.svg,Gerrit Halfmann (halfmage),MIT,https://github.com/halfmage/pixelarticons/blob/master/LICENSE,False,,png,1024,1024,,,True,alien; pixel; icon; svg,"vector pixel glyph, recolor to red/black; scales crisply for hero use; scribble-backdrop icon",white-canvas-parade; paper-collage; retro-window,medium,False,False,downloaded,"Derived: cairosvg render of px_pxicon_alien_001.svg, black on transparent.",True,True,,6586,a639c67bdd8c292f78e7546353c6f14366f8113048b70d40fd295701c101bb77,03_PIXEL_ART/px_pxicon_alien_001.svg,09_PREVIEWS/thumbs/Aec84cb85.jpg,C,,,,
A6f9466ac,03_PIXEL_ART/px_pxicon_alien_001.svg,03_PIXEL_ART,svg,,,"Pixel-grid (24x24) icon ""alien"", single-color vector",GitHub: halfmage/pixelarticons,https://github.com/halfmage/pixelarticons,https://raw.githubusercontent.com/halfmage/pixelarticons/master/svg/alien.svg,Gerrit Halfmann (halfmage),MIT,https://github.com/halfmage/pixelarticons/blob/master/LICENSE,False,,svg,640,640,,,True,alien; pixel; icon; svg,"vector pixel glyph, recolor to red/black; scales crisply for hero use; scribble-backdrop icon",white-canvas-parade; paper-collage; retro-window,medium,False,False,downloaded,MIT; fill=currentColor (renders black). Copyright (c) 2019 Gerrit Halfmann. PNG render: px_pxicon_alien_001.png,True,True,,378,7581996cb7634894bf703b203e8964bca5de51f95dfeb73cc500e89e7e769f3e,03_PIXEL_ART/px_pxicon_alien_001.png,09_PREVIEWS/thumbs/A6f9466ac.jpg,C,,,,
A4d399cd3,03_PIXEL_ART/px_pxicon_banknote_001.png,03_PIXEL_ART,pixel_art,,,"Pixel-grid (24x24) icon ""banknote"", single-color vector - 1024px PNG render",GitHub: halfmage/pixelarticons,https://github.com/halfmage/pixelarticons,https://raw.githubusercontent.com/halfmage/pixelarticons/master/svg/banknote.svg,Gerrit Halfmann (halfmage),MIT,https://github.com/halfmage/pixelarticons/blob/master/LICENSE,False,,png,1024,1024,,,True,banknote; pixel; icon; svg,"vector pixel glyph, recolor to red/black; scales crisply for hero use; scribble-backdrop icon",white-canvas-parade; paper-collage; retro-window,medium,False,False,downloaded,"Derived: cairosvg render of px_pxicon_banknote_001.svg, black on transparent.",True,True,,5838,d944492aa27a784696178121e3cf6767dfbc04aafa94af8ac60a8b857ad1fb3b,03_PIXEL_ART/px_pxicon_banknote_001.svg,09_PREVIEWS/thumbs/A4d399cd3.jpg,C,,,,
A4e6bb517,03_PIXEL_ART/px_pxicon_banknote_001.svg,03_PIXEL_ART,svg,,,"Pixel-grid (24x24) icon ""banknote"", single-color vector",GitHub: halfmage/pixelarticons,https://github.com/halfmage/pixelarticons,https://raw.githubusercontent.com/halfmage/pixelarticons/master/svg/banknote.svg,Gerrit Halfmann (halfmage),MIT,https://github.com/halfmage/pixelarticons/blob/master/LICENSE,False,,svg,640,640,,,True,banknote; pixel; icon; svg,"vector pixel glyph, recolor to red/black; scales crisply for hero use; scribble-backdrop icon",white-canvas-parade; paper-collage; retro-window,medium,False,False,downloaded,MIT; fill=currentColor (renders black). Copyright (c) 2019 Gerrit Halfmann. PNG render: px_pxicon_banknote_001.png,True,True,,250,d280c0667f963a8bc71bdd34d12d167c7c2c7e41498e570b3ab21e8d9db587eb,03_PIXEL_ART/px_pxicon_banknote_001.png,09_PREVIEWS/thumbs/A4e6bb517.jpg,C,,,,
Ab722f082,03_PIXEL_ART/px_pxicon_camera_001.png,03_PIXEL_ART,pixel_art,,,"Pixel-grid (24x24) icon ""camera"", single-color vector - 1024px PNG render",GitHub: halfmage/pixelarticons,https://github.com/halfmage/pixelarticons,https://raw.githubusercontent.com/halfmage/pixelarticons/master/svg/camera.svg,Gerrit Halfmann (halfmage),MIT,https://github.com/halfmage/pixelarticons/blob/master/LICENSE,False,,png,1024,1024,,,True,camera; pixel; icon; svg,"vector pixel glyph, recolor to red/black; scales crisply for hero use; scribble-backdrop icon",white-canvas-parade; paper-collage; retro-window,medium,False,False,downloaded,"Derived: cairosvg render of px_pxicon_camera_001.svg, black on transparent.",True,True,,6278,ed98dca2cd4981986ab018aa888cec132972b1254efee88275af5684c9bd36d6,03_PIXEL_ART/px_pxicon_camera_001.svg,09_PREVIEWS/thumbs/Ab722f082.jpg,C,,,,
A617984ee,03_PIXEL_ART/px_pxicon_camera_001.svg,03_PIXEL_ART,svg,,,"Pixel-grid (24x24) icon ""camera"", single-color vector",GitHub: halfmage/pixelarticons,https://github.com/halfmage/pixelarticons,https://raw.githubusercontent.com/halfmage/pixelarticons/master/svg/camera.svg,Gerrit Halfmann (halfmage),MIT,https://github.com/halfmage/pixelarticons/blob/master/LICENSE,False,,svg,640,640,,,True,camera; pixel; icon; svg,"vector pixel glyph, recolor to red/black; scales crisply for hero use; scribble-backdrop icon",white-canvas-parade; paper-collage; retro-window,medium,False,False,downloaded,MIT; fill=currentColor (renders black). Copyright (c) 2019 Gerrit Halfmann. PNG render: px_pxicon_camera_001.png,True,True,,248,747648d50af5f90da884be9cd3336074c79090cdc910f45c2a9e9ec6f233de09,03_PIXEL_ART/px_pxicon_camera_001.png,09_PREVIEWS/thumbs/A617984ee.jpg,C,,,,
A0b00e212,03_PIXEL_ART/px_pxicon_clapperboard_001.png,03_PIXEL_ART,pixel_art,,,"Pixel-grid (24x24) icon ""clapperboard"", single-color vector - 1024px PNG render",GitHub: halfmage/pixelarticons,https://github.com/halfmage/pixelarticons,https://raw.githubusercontent.com/halfmage/pixelarticons/master/svg/clapperboard.svg,Gerrit Halfmann (halfmage),MIT,https://github.com/halfmage/pixelarticons/blob/master/LICENSE,False,,png,1024,1024,,,True,clapperboard; pixel; icon; svg,"vector pixel glyph, recolor to red/black; scales crisply for hero use; scribble-backdrop icon",white-canvas-parade; paper-collage; retro-window,medium,False,False,downloaded,"Derived: cairosvg render of px_pxicon_clapperboard_001.svg, black on transparent.",True,True,,6213,03592472df9219c53dafd3eca63567db706a54853b46792cf1fd09d1ce0488e4,03_PIXEL_ART/px_pxicon_clapperboard_001.svg,09_PREVIEWS/thumbs/A0b00e212.jpg,C,,,,
A4a186b4d,03_PIXEL_ART/px_pxicon_clapperboard_001.svg,03_PIXEL_ART,svg,,,"Pixel-grid (24x24) icon ""clapperboard"", single-color vector",GitHub: halfmage/pixelarticons,https://github.com/halfmage/pixelarticons,https://raw.githubusercontent.com/halfmage/pixelarticons/master/svg/clapperboard.svg,Gerrit Halfmann (halfmage),MIT,https://github.com/halfmage/pixelarticons/blob/master/LICENSE,False,,svg,640,640,,,True,clapperboard; pixel; icon; svg,"vector pixel glyph, recolor to red/black; scales crisply for hero use; scribble-backdrop icon",white-canvas-parade; paper-collage; retro-window,medium,False,False,downloaded,MIT; fill=currentColor (renders black). Copyright (c) 2019 Gerrit Halfmann. PNG render: px_pxicon_clapperboard_001.png,True,True,,237,7d58c2bf7d610c14715d2d5e3a4e1a445a3e47eff3b74989483668636523c8b4,03_PIXEL_ART/px_pxicon_clapperboard_001.png,09_PREVIEWS/thumbs/A4a186b4d.jpg,C,,,,
Af2702e6c,03_PIXEL_ART/px_pxicon_coins_001.png,03_PIXEL_ART,pixel_art,,,"Pixel-grid (24x24) icon ""coins"", single-color vector - 1024px PNG render",GitHub: halfmage/pixelarticons,https://github.com/halfmage/pixelarticons,https://raw.githubusercontent.com/halfmage/pixelarticons/master/svg/coins.svg,Gerrit Halfmann (halfmage),MIT,https://github.com/halfmage/pixelarticons/blob/master/LICENSE,False,,png,1024,1024,,,True,coins; pixel; icon; svg,"vector pixel glyph, recolor to red/black; scales crisply for hero use; scribble-backdrop icon",white-canvas-parade; paper-collage; retro-window,medium,False,False,downloaded,"Derived: cairosvg render of px_pxicon_coins_001.svg, black on transparent.",True,True,,6574,f460f1c47a0714e633dd01e9e0ab69a9365aadf5ad48d875b889148376e00bfd,03_PIXEL_ART/px_pxicon_coins_001.svg,09_PREVIEWS/thumbs/Af2702e6c.jpg,C,,,,
A5c59f852,03_PIXEL_ART/px_pxicon_coins_001.svg,03_PIXEL_ART,svg,,,"Pixel-grid (24x24) icon ""coins"", single-color vector",GitHub: halfmage/pixelarticons,https://github.com/halfmage/pixelarticons,https://raw.githubusercontent.com/halfmage/pixelarticons/master/svg/coins.svg,Gerrit Halfmann (halfmage),MIT,https://github.com/halfmage/pixelarticons/blob/master/LICENSE,False,,svg,640,640,,,True,coins; pixel; icon; svg,"vector pixel glyph, recolor to red/black; scales crisply for hero use; scribble-backdrop icon",white-canvas-parade; paper-collage; retro-window,medium,False,False,downloaded,MIT; fill=currentColor (renders black). Copyright (c) 2019 Gerrit Halfmann. PNG render: px_pxicon_coins_001.png,True,True,,416,4a8e5134492462e0f43e078278b2b4ff9c2d9014ffc3ce161b5cac1c0de17b6c,03_PIXEL_ART/px_pxicon_coins_001.png,09_PREVIEWS/thumbs/A5c59f852.jpg,C,,,,
A7ebfc64b,03_PIXEL_ART/px_pxicon_crown_001.png,03_PIXEL_ART,pixel_art,,,"Pixel-grid (24x24) icon ""crown"", single-color vector - 1024px PNG render",GitHub: halfmage/pixelarticons,https://github.com/halfmage/pixelarticons,https://raw.githubusercontent.com/halfmage/pixelarticons/master/svg/crown.svg,Gerrit Halfmann (halfmage),MIT,https://github.com/halfmage/pixelarticons/blob/master/LICENSE,False,,png,1024,1024,,,True,crown; pixel; icon; svg,"vector pixel glyph, recolor to red/black; scales crisply for hero use; scribble-backdrop icon",white-canvas-parade; paper-collage; retro-window,medium,False,False,downloaded,"Derived: cairosvg render of px_pxicon_crown_001.svg, black on transparent.",True,True,,6035,9d46f02e6545aec73caface76a55ac68ba2f64963528420a9aaa1c786c313a59,03_PIXEL_ART/px_pxicon_crown_001.svg,09_PREVIEWS/thumbs/A7ebfc64b.jpg,C,,,,
Af4a0e93c,03_PIXEL_ART/px_pxicon_crown_001.svg,03_PIXEL_ART,svg,,,"Pixel-grid (24x24) icon ""crown"", single-color vector",GitHub: halfmage/pixelarticons,https://github.com/halfmage/pixelarticons,https://raw.githubusercontent.com/halfmage/pixelarticons/master/svg/crown.svg,Gerrit Halfmann (halfmage),MIT,https://github.com/halfmage/pixelarticons/blob/master/LICENSE,False,,svg,640,640,,,True,crown; pixel; icon; svg,"vector pixel glyph, recolor to red/black; scales crisply for hero use; scribble-backdrop icon",white-canvas-parade; paper-collage; retro-window,medium,False,False,downloaded,MIT; fill=currentColor (renders black). Copyright (c) 2019 Gerrit Halfmann. PNG render: px_pxicon_crown_001.png,True,True,,286,79223777f06f8279d6a5f74a0a089b7cb196bd55781b56390e02596a6b7036b5,03_PIXEL_ART/px_pxicon_crown_001.png,09_PREVIEWS/thumbs/Af4a0e93c.jpg,C,,,,
A6308936a,03_PIXEL_ART/px_pxicon_cursor_minimal_001.png,03_PIXEL_ART,pixel_art,,,"Pixel-grid (24x24) icon ""cursor-minimal"", single-color vector - 1024px PNG render",GitHub: halfmage/pixelarticons,https://github.com/halfmage/pixelarticons,https://raw.githubusercontent.com/halfmage/pixelarticons/master/svg/cursor-minimal.svg,Gerrit Halfmann (halfmage),MIT,https://github.com/halfmage/pixelarticons/blob/master/LICENSE,False,,png,1024,1024,,,True,cursor-minimal; pixel; icon; svg,"vector pixel glyph, recolor to red/black; scales crisply for hero use; scribble-backdrop icon",white-canvas-parade; paper-collage; retro-window,medium,False,False,downloaded,"Derived: cairosvg render of px_pxicon_cursor_minimal_001.svg, black on transparent.",True,True,,5986,ab800b38e53f3cbb942adba0389274bda5b56ad4e65fe8e4e65e509a933c76bc,03_PIXEL_ART/px_pxicon_cursor_minimal_001.svg,09_PREVIEWS/thumbs/A6308936a.jpg,C,,,,
Aad4c3c56,03_PIXEL_ART/px_pxicon_cursor_minimal_001.svg,03_PIXEL_ART,svg,,,"Pixel-grid (24x24) icon ""cursor-minimal"", single-color vector",GitHub: halfmage/pixelarticons,https://github.com/halfmage/pixelarticons,https://raw.githubusercontent.com/halfmage/pixelarticons/master/svg/cursor-minimal.svg,Gerrit Halfmann (halfmage),MIT,https://github.com/halfmage/pixelarticons/blob/master/LICENSE,False,,svg,640,640,,,True,cursor-minimal; pixel; icon; svg,"vector pixel glyph, recolor to red/black; scales crisply for hero use; scribble-backdrop icon",white-canvas-parade; paper-collage; retro-window,medium,False,False,downloaded,MIT; fill=currentColor (renders black). Copyright (c) 2019 Gerrit Halfmann. PNG render: px_pxicon_cursor_minimal_001.png,True,True,,233,c68d10b2295895a217b2e171ab0d1545e825007c0c5e2e694e1088f92db5d7f6,03_PIXEL_ART/px_pxicon_cursor_minimal_001.png,09_PREVIEWS/thumbs/Aad4c3c56.jpg,C,,,,
A1d3874e9,03_PIXEL_ART/px_pxicon_fire_001.png,03_PIXEL_ART,pixel_art,,,"Pixel-grid (24x24) icon ""fire"", single-color vector - 1024px PNG render",GitHub: halfmage/pixelarticons,https://github.com/halfmage/pixelarticons,https://raw.githubusercontent.com/halfmage/pixelarticons/master/svg/fire.svg,Gerrit Halfmann (halfmage),MIT,https://github.com/halfmage/pixelarticons/blob/master/LICENSE,False,,png,1024,1024,,,True,fire; pixel; icon; svg,"vector pixel glyph, recolor to red/black; scales crisply for hero use; scribble-backdrop icon",white-canvas-parade; paper-collage; retro-window,medium,False,False,downloaded,"Derived: cairosvg render of px_pxicon_fire_001.svg, black on transparent.",True,True,,6494,cbabb986c0c7d4a5cd418183657f29eb44cd51a537272e86a3872b827a7e0732,03_PIXEL_ART/px_pxicon_fire_001.svg,09_PREVIEWS/thumbs/A1d3874e9.jpg,C,,,,
Aea572ddf,03_PIXEL_ART/px_pxicon_fire_001.svg,03_PIXEL_ART,svg,,,"Pixel-grid (24x24) icon ""fire"", single-color vector",GitHub: halfmage/pixelarticons,https://github.com/halfmage/pixelarticons,https://raw.githubusercontent.com/halfmage/pixelarticons/master/svg/fire.svg,Gerrit Halfmann (halfmage),MIT,https://github.com/halfmage/pixelarticons/blob/master/LICENSE,False,,svg,640,640,,,True,fire; pixel; icon; svg,"vector pixel glyph, recolor to red/black; scales crisply for hero use; scribble-backdrop icon",white-canvas-parade; paper-collage; retro-window,medium,False,False,downloaded,MIT; fill=currentColor (renders black). Copyright (c) 2019 Gerrit Halfmann. PNG render: px_pxicon_fire_001.png,True,True,,309,e470b19ea4ead92f76bc3b7244f030b00f375cf7df638e07984a6a81fd53f991,03_PIXEL_ART/px_pxicon_fire_001.png,09_PREVIEWS/thumbs/Aea572ddf.jpg,C,,,,
A3a824f55,03_PIXEL_ART/px_pxicon_gamepad_001.png,03_PIXEL_ART,pixel_art,,,"Pixel-grid (24x24) icon ""gamepad"", single-color vector - 1024px PNG render",GitHub: halfmage/pixelarticons,https://github.com/halfmage/pixelarticons,https://raw.githubusercontent.com/halfmage/pixelarticons/master/svg/gamepad.svg,Gerrit Halfmann (halfmage),MIT,https://github.com/halfmage/pixelarticons/blob/master/LICENSE,False,,png,1024,1024,,,True,gamepad; pixel; icon; svg,"vector pixel glyph, recolor to red/black; scales crisply for hero use; scribble-backdrop icon",white-canvas-parade; paper-collage; retro-window,medium,False,False,downloaded,"Derived: cairosvg render of px_pxicon_gamepad_001.svg, black on transparent.",True,True,,5984,22ecf85190606f4e3aead2b897959dd2ef28ef73c25aba98de0316b45d5f7955,03_PIXEL_ART/px_pxicon_gamepad_001.svg,09_PREVIEWS/thumbs/A3a824f55.jpg,C,,,,
A98a2f5eb,03_PIXEL_ART/px_pxicon_gamepad_001.svg,03_PIXEL_ART,svg,,,"Pixel-grid (24x24) icon ""gamepad"", single-color vector",GitHub: halfmage/pixelarticons,https://github.com/halfmage/pixelarticons,https://raw.githubusercontent.com/halfmage/pixelarticons/master/svg/gamepad.svg,Gerrit Halfmann (halfmage),MIT,https://github.com/halfmage/pixelarticons/blob/master/LICENSE,False,,svg,640,640,,,True,gamepad; pixel; icon; svg,"vector pixel glyph, recolor to red/black; scales crisply for hero use; scribble-backdrop icon",white-canvas-parade; paper-collage; retro-window,medium,False,False,downloaded,MIT; fill=currentColor (renders black). Copyright (c) 2019 Gerrit Halfmann. PNG render: px_pxicon_gamepad_001.png,True,True,,239,4b385667f20e542c2a89762ff331b40e3e29eb988de273f138b791f3cdea2f0d,03_PIXEL_ART/px_pxicon_gamepad_001.png,09_PREVIEWS/thumbs/A98a2f5eb.jpg,C,,,,
Aa6c71e6b,03_PIXEL_ART/px_pxicon_headphone_001.png,03_PIXEL_ART,pixel_art,,,"Pixel-grid (24x24) icon ""headphone"", single-color vector - 1024px PNG render",GitHub: halfmage/pixelarticons,https://github.com/halfmage/pixelarticons,https://raw.githubusercontent.com/halfmage/pixelarticons/master/svg/headphone.svg,Gerrit Halfmann (halfmage),MIT,https://github.com/halfmage/pixelarticons/blob/master/LICENSE,False,,png,1024,1024,,,True,headphone; pixel; icon; svg,"vector pixel glyph, recolor to red/black; scales crisply for hero use; scribble-backdrop icon",white-canvas-parade; paper-collage; retro-window,medium,False,False,downloaded,"Derived: cairosvg render of px_pxicon_headphone_001.svg, black on transparent.",True,True,,6238,25f5fbaaadef4add4d1d3d17f40cff9b33ab33078657db1020d2cefe4ae58705,03_PIXEL_ART/px_pxicon_headphone_001.svg,09_PREVIEWS/thumbs/Aa6c71e6b.jpg,C,,,,
A7f05a1d1,03_PIXEL_ART/px_pxicon_headphone_001.svg,03_PIXEL_ART,svg,,,"Pixel-grid (24x24) icon ""headphone"", single-color vector",GitHub: halfmage/pixelarticons,https://github.com/halfmage/pixelarticons,https://raw.githubusercontent.com/halfmage/pixelarticons/master/svg/headphone.svg,Gerrit Halfmann (halfmage),MIT,https://github.com/halfmage/pixelarticons/blob/master/LICENSE,False,,svg,640,640,,,True,headphone; pixel; icon; svg,"vector pixel glyph, recolor to red/black; scales crisply for hero use; scribble-backdrop icon",white-canvas-parade; paper-collage; retro-window,medium,False,False,downloaded,MIT; fill=currentColor (renders black). Copyright (c) 2019 Gerrit Halfmann. PNG render: px_pxicon_headphone_001.png,True,True,,291,3f5a8b33dc80e0b966365a9e9511027b306eed620b1637f4abfae86d70ca3339,03_PIXEL_ART/px_pxicon_headphone_001.png,09_PREVIEWS/thumbs/A7f05a1d1.jpg,C,,,,
Aef2711a8,03_PIXEL_ART/px_pxicon_heart_001.png,03_PIXEL_ART,pixel_art,,,"Pixel-grid (24x24) icon ""heart"", single-color vector - 1024px PNG render",GitHub: halfmage/pixelarticons,https://github.com/halfmage/pixelarticons,https://raw.githubusercontent.com/halfmage/pixelarticons/master/svg/heart.svg,Gerrit Halfmann (halfmage),MIT,https://github.com/halfmage/pixelarticons/blob/master/LICENSE,False,,png,1024,1024,,,True,heart; pixel; icon; svg,"vector pixel glyph, recolor to red/black; scales crisply for hero use; scribble-backdrop icon",white-canvas-parade; paper-collage; retro-window,medium,False,False,downloaded,"Derived: cairosvg render of px_pxicon_heart_001.svg, black on transparent.",True,True,,6490,751169169d215de54f2fd18d1912b4a3e5c6eabe73280818a4fc5e6b78b1cf88,03_PIXEL_ART/px_pxicon_heart_001.svg,09_PREVIEWS/thumbs/Aef2711a8.jpg,C,,,,
Af2126bc6,03_PIXEL_ART/px_pxicon_heart_001.svg,03_PIXEL_ART,svg,,,"Pixel-grid (24x24) icon ""heart"", single-color vector",GitHub: halfmage/pixelarticons,https://github.com/halfmage/pixelarticons,https://raw.githubusercontent.com/halfmage/pixelarticons/master/svg/heart.svg,Gerrit Halfmann (halfmage),MIT,https://github.com/halfmage/pixelarticons/blob/master/LICENSE,False,,svg,640,640,,,True,heart; pixel; icon; svg,"vector pixel glyph, recolor to red/black; scales crisply for hero use; scribble-backdrop icon",white-canvas-parade; paper-collage; retro-window,medium,False,False,downloaded,MIT; fill=currentColor (renders black). Copyright (c) 2019 Gerrit Halfmann. PNG render: px_pxicon_heart_001.png,True,True,,391,6a927c32de0e8277a7cb6172d535f3028834b9b2dea2709ca08413909dee2c02,03_PIXEL_ART/px_pxicon_heart_001.png,09_PREVIEWS/thumbs/Af2126bc6.jpg,C,,,,
A0dc40c5c,03_PIXEL_ART/px_pxicon_joystick_001.png,03_PIXEL_ART,pixel_art,,,"Pixel-grid (24x24) icon ""joystick"", single-color vector - 1024px PNG render",GitHub: halfmage/pixelarticons,https://github.com/halfmage/pixelarticons,https://raw.githubusercontent.com/halfmage/pixelarticons/master/svg/joystick.svg,Gerrit Halfmann (halfmage),MIT,https://github.com/halfmage/pixelarticons/blob/master/LICENSE,False,,png,1024,1024,,,True,joystick; pixel; icon; svg,"vector pixel glyph, recolor to red/black; scales crisply for hero use; scribble-backdrop icon",white-canvas-parade; paper-collage; retro-window,medium,False,False,downloaded,"Derived: cairosvg render of px_pxicon_joystick_001.svg, black on transparent.",True,True,,6469,bfcefeb3e3063f0ddba65e57b01091d04ccb2803103b01317f714c589ad8c5d8,03_PIXEL_ART/px_pxicon_joystick_001.svg,09_PREVIEWS/thumbs/A0dc40c5c.jpg,C,,,,
A42a7507a,03_PIXEL_ART/px_pxicon_joystick_001.svg,03_PIXEL_ART,svg,,,"Pixel-grid (24x24) icon ""joystick"", single-color vector",GitHub: halfmage/pixelarticons,https://github.com/halfmage/pixelarticons,https://raw.githubusercontent.com/halfmage/pixelarticons/master/svg/joystick.svg,Gerrit Halfmann (halfmage),MIT,https://github.com/halfmage/pixelarticons/blob/master/LICENSE,False,,svg,640,640,,,True,joystick; pixel; icon; svg,"vector pixel glyph, recolor to red/black; scales crisply for hero use; scribble-backdrop icon",white-canvas-parade; paper-collage; retro-window,medium,False,False,downloaded,MIT; fill=currentColor (renders black). Copyright (c) 2019 Gerrit Halfmann. PNG render: px_pxicon_joystick_001.png,True,True,,249,03597e41d11a48299a93dc019c23a56d4e66592522c5444acaff1f102e8ba20f,03_PIXEL_ART/px_pxicon_joystick_001.png,09_PREVIEWS/thumbs/A42a7507a.jpg,C,,,,
Acdc4293d,03_PIXEL_ART/px_pxicon_mail_001.png,03_PIXEL_ART,pixel_art,,,"Pixel-grid (24x24) icon ""mail"", single-color vector - 1024px PNG render",GitHub: halfmage/pixelarticons,https://github.com/halfmage/pixelarticons,https://raw.githubusercontent.com/halfmage/pixelarticons/master/svg/mail.svg,Gerrit Halfmann (halfmage),MIT,https://github.com/halfmage/pixelarticons/blob/master/LICENSE,False,,png,1024,1024,,,True,mail; pixel; icon; svg,"vector pixel glyph, recolor to red/black; scales crisply for hero use; scribble-backdrop icon",white-canvas-parade; paper-collage; retro-window,medium,False,False,downloaded,"Derived: cairosvg render of px_pxicon_mail_001.svg, black on transparent.",True,True,,5985,6535d6b0320698a334739c83fe5ddc2929085f666399a2e4f2e0839ee1a16b59,03_PIXEL_ART/px_pxicon_mail_001.svg,09_PREVIEWS/thumbs/Acdc4293d.jpg,C,,,,
A6b79ed4f,03_PIXEL_ART/px_pxicon_mail_001.svg,03_PIXEL_ART,svg,,,"Pixel-grid (24x24) icon ""mail"", single-color vector",GitHub: halfmage/pixelarticons,https://github.com/halfmage/pixelarticons,https://raw.githubusercontent.com/halfmage/pixelarticons/master/svg/mail.svg,Gerrit Halfmann (halfmage),MIT,https://github.com/halfmage/pixelarticons/blob/master/LICENSE,False,,svg,640,640,,,True,mail; pixel; icon; svg,"vector pixel glyph, recolor to red/black; scales crisply for hero use; scribble-backdrop icon",white-canvas-parade; paper-collage; retro-window,medium,False,False,downloaded,MIT; fill=currentColor (renders black). Copyright (c) 2019 Gerrit Halfmann. PNG render: px_pxicon_mail_001.png,True,True,,238,cf8e55d37a554eafc4d9a9868c2dab7159f79f4d385abf196d4140abd7bd761e,03_PIXEL_ART/px_pxicon_mail_001.png,09_PREVIEWS/thumbs/A6b79ed4f.jpg,C,,,,
A4d99390e,03_PIXEL_ART/px_pxicon_music_001.png,03_PIXEL_ART,pixel_art,,,"Pixel-grid (24x24) icon ""music"", single-color vector - 1024px PNG render",GitHub: halfmage/pixelarticons,https://github.com/halfmage/pixelarticons,https://raw.githubusercontent.com/halfmage/pixelarticons/master/svg/music.svg,Gerrit Halfmann (halfmage),MIT,https://github.com/halfmage/pixelarticons/blob/master/LICENSE,False,,png,1024,1024,,,True,music; pixel; icon; svg,"vector pixel glyph, recolor to red/black; scales crisply for hero use; scribble-backdrop icon",white-canvas-parade; paper-collage; retro-window,medium,False,False,downloaded,"Derived: cairosvg render of px_pxicon_music_001.svg, black on transparent.",True,True,,5936,6aac1412e350b1b0f147be176a19113405d36628e86faffda9bdaa69c9d8e31c,03_PIXEL_ART/px_pxicon_music_001.svg,09_PREVIEWS/thumbs/A4d99390e.jpg,C,,,,
A29c902ff,03_PIXEL_ART/px_pxicon_music_001.svg,03_PIXEL_ART,svg,,,"Pixel-grid (24x24) icon ""music"", single-color vector",GitHub: halfmage/pixelarticons,https://github.com/halfmage/pixelarticons,https://raw.githubusercontent.com/halfmage/pixelarticons/master/svg/music.svg,Gerrit Halfmann (halfmage),MIT,https://github.com/halfmage/pixelarticons/blob/master/LICENSE,False,,svg,640,640,,,True,music; pixel; icon; svg,"vector pixel glyph, recolor to red/black; scales crisply for hero use; scribble-backdrop icon",white-canvas-parade; paper-collage; retro-window,medium,False,False,downloaded,MIT; fill=currentColor (renders black). Copyright (c) 2019 Gerrit Halfmann. PNG render: px_pxicon_music_001.png,True,True,,237,af8396af713c46a99547c7f0c0264d15be87e31821c4bd093db12556110e2be5,03_PIXEL_ART/px_pxicon_music_001.png,09_PREVIEWS/thumbs/A29c902ff.jpg,C,,,,
Adf794dce,03_PIXEL_ART/px_pxicon_party_popper_001.png,03_PIXEL_ART,pixel_art,,,"Pixel-grid (24x24) icon ""party-popper"", single-color vector - 1024px PNG render",GitHub: halfmage/pixelarticons,https://github.com/halfmage/pixelarticons,https://raw.githubusercontent.com/halfmage/pixelarticons/master/svg/party-popper.svg,Gerrit Halfmann (halfmage),MIT,https://github.com/halfmage/pixelarticons/blob/master/LICENSE,False,,png,1024,1024,,,True,party-popper; pixel; icon; svg,"vector pixel glyph, recolor to red/black; scales crisply for hero use; scribble-backdrop icon",white-canvas-parade; paper-collage; retro-window,medium,False,False,downloaded,"Derived: cairosvg render of px_pxicon_party_popper_001.svg, black on transparent.",True,True,,6610,b8620f6c6b1e3efe5dff28419679cab9b805ce03ba247d6ed0dfcdb00e6911c3,03_PIXEL_ART/px_pxicon_party_popper_001.svg,09_PREVIEWS/thumbs/Adf794dce.jpg,C,,,,
A0289dde3,03_PIXEL_ART/px_pxicon_party_popper_001.svg,03_PIXEL_ART,svg,,,"Pixel-grid (24x24) icon ""party-popper"", single-color vector",GitHub: halfmage/pixelarticons,https://github.com/halfmage/pixelarticons,https://raw.githubusercontent.com/halfmage/pixelarticons/master/svg/party-popper.svg,Gerrit Halfmann (halfmage),MIT,https://github.com/halfmage/pixelarticons/blob/master/LICENSE,False,,svg,640,640,,,True,party-popper; pixel; icon; svg,"vector pixel glyph, recolor to red/black; scales crisply for hero use; scribble-backdrop icon",white-canvas-parade; paper-collage; retro-window,medium,False,False,downloaded,MIT; fill=currentColor (renders black). Copyright (c) 2019 Gerrit Halfmann. PNG render: px_pxicon_party_popper_001.png,True,True,,436,c7d848c21862206c53be9ec990f5af393bc6c8eed794ed65ce4b0b5ba1ad58d3,03_PIXEL_ART/px_pxicon_party_popper_001.png,09_PREVIEWS/thumbs/A0289dde3.jpg,C,,,,
A449a52c7,03_PIXEL_ART/px_pxicon_phone_001.png,03_PIXEL_ART,pixel_art,,,"Pixel-grid (24x24) icon ""phone"", single-color vector - 1024px PNG render",GitHub: halfmage/pixelarticons,https://github.com/halfmage/pixelarticons,https://raw.githubusercontent.com/halfmage/pixelarticons/master/svg/phone.svg,Gerrit Halfmann (halfmage),MIT,https://github.com/halfmage/pixelarticons/blob/master/LICENSE,False,,png,1024,1024,,,True,phone; pixel; icon; svg,"vector pixel glyph, recolor to red/black; scales crisply for hero use; scribble-backdrop icon",white-canvas-parade; paper-collage; retro-window,medium,False,False,downloaded,"Derived: cairosvg render of px_pxicon_phone_001.svg, black on transparent.",True,True,,6630,221c73e7022dea6735d6ad4baf846f3cff5f6625516733f566f0e3d095efc4c9,03_PIXEL_ART/px_pxicon_phone_001.svg,09_PREVIEWS/thumbs/A449a52c7.jpg,C,,,,
A77705cb4,03_PIXEL_ART/px_pxicon_phone_001.svg,03_PIXEL_ART,svg,,,"Pixel-grid (24x24) icon ""phone"", single-color vector",GitHub: halfmage/pixelarticons,https://github.com/halfmage/pixelarticons,https://raw.githubusercontent.com/halfmage/pixelarticons/master/svg/phone.svg,Gerrit Halfmann (halfmage),MIT,https://github.com/halfmage/pixelarticons/blob/master/LICENSE,False,,svg,640,640,,,True,phone; pixel; icon; svg,"vector pixel glyph, recolor to red/black; scales crisply for hero use; scribble-backdrop icon",white-canvas-parade; paper-collage; retro-window,medium,False,False,downloaded,MIT; fill=currentColor (renders black). Copyright (c) 2019 Gerrit Halfmann. PNG render: px_pxicon_phone_001.png,True,True,,288,fe786b3c096bcde026dfade053a48526f5b6d554e95f281304ba6bdb08c6487d,03_PIXEL_ART/px_pxicon_phone_001.png,09_PREVIEWS/thumbs/A77705cb4.jpg,C,,,,
A9724161f,03_PIXEL_ART/px_pxicon_pointer_001.png,03_PIXEL_ART,pixel_art,,,"Pixel-grid (24x24) icon ""pointer"", single-color vector - 1024px PNG render",GitHub: halfmage/pixelarticons,https://github.com/halfmage/pixelarticons,https://raw.githubusercontent.com/halfmage/pixelarticons/master/svg/pointer.svg,Gerrit Halfmann (halfmage),MIT,https://github.com/halfmage/pixelarticons/blob/master/LICENSE,False,,png,1024,1024,,,True,pointer; pixel; icon; svg,"vector pixel glyph, recolor to red/black; scales crisply for hero use; scribble-backdrop icon",white-canvas-parade; paper-collage; retro-window,medium,False,False,downloaded,"Derived: cairosvg render of px_pxicon_pointer_001.svg, black on transparent.",True,True,,6728,971c10d31fe9f676b42a90ead9644504483d09aac3429869e83f30a2ad6ac24a,03_PIXEL_ART/px_pxicon_pointer_001.svg,09_PREVIEWS/thumbs/A9724161f.jpg,C,,,,
Accc8d71b,03_PIXEL_ART/px_pxicon_pointer_001.svg,03_PIXEL_ART,svg,,,"Pixel-grid (24x24) icon ""pointer"", single-color vector",GitHub: halfmage/pixelarticons,https://github.com/halfmage/pixelarticons,https://raw.githubusercontent.com/halfmage/pixelarticons/master/svg/pointer.svg,Gerrit Halfmann (halfmage),MIT,https://github.com/halfmage/pixelarticons/blob/master/LICENSE,False,,svg,640,640,,,True,pointer; pixel; icon; svg,"vector pixel glyph, recolor to red/black; scales crisply for hero use; scribble-backdrop icon",white-canvas-parade; paper-collage; retro-window,medium,False,False,downloaded,MIT; fill=currentColor (renders black). Copyright (c) 2019 Gerrit Halfmann. PNG render: px_pxicon_pointer_001.png,True,True,,342,43a0ab6fa65d397bed5ff71e06595236ee724a029c6a3c135aab34dfc7398817,03_PIXEL_ART/px_pxicon_pointer_001.png,09_PREVIEWS/thumbs/Accc8d71b.jpg,C,,,,
Ae6d764cb,03_PIXEL_ART/px_pxicon_sparkles_001.png,03_PIXEL_ART,pixel_art,,,"Pixel-grid (24x24) icon ""sparkles"", single-color vector - 1024px PNG render",GitHub: halfmage/pixelarticons,https://github.com/halfmage/pixelarticons,https://raw.githubusercontent.com/halfmage/pixelarticons/master/svg/sparkles.svg,Gerrit Halfmann (halfmage),MIT,https://github.com/halfmage/pixelarticons/blob/master/LICENSE,False,,png,1024,1024,,,True,sparkles; pixel; icon; svg,"vector pixel glyph, recolor to red/black; scales crisply for hero use; scribble-backdrop icon",white-canvas-parade; paper-collage; retro-window,medium,False,False,downloaded,"Derived: cairosvg render of px_pxicon_sparkles_001.svg, black on transparent.",True,True,,6806,451873e79c8a948f0b90333cf56996355f484a788a5a3cad060c7bdbc41467b1,03_PIXEL_ART/px_pxicon_sparkles_001.svg,09_PREVIEWS/thumbs/Ae6d764cb.jpg,C,,,,
Ac8c39626,03_PIXEL_ART/px_pxicon_sparkles_001.svg,03_PIXEL_ART,svg,,,"Pixel-grid (24x24) icon ""sparkles"", single-color vector",GitHub: halfmage/pixelarticons,https://github.com/halfmage/pixelarticons,https://raw.githubusercontent.com/halfmage/pixelarticons/master/svg/sparkles.svg,Gerrit Halfmann (halfmage),MIT,https://github.com/halfmage/pixelarticons/blob/master/LICENSE,False,,svg,640,640,,,True,sparkles; pixel; icon; svg,"vector pixel glyph, recolor to red/black; scales crisply for hero use; scribble-backdrop icon",white-canvas-parade; paper-collage; retro-window,medium,False,False,downloaded,MIT; fill=currentColor (renders black). Copyright (c) 2019 Gerrit Halfmann. PNG render: px_pxicon_sparkles_001.png,True,True,,365,09dce69634b0fee8ecb3126b76629241bf4a2ccfaafced33973d84326e3028d4,03_PIXEL_ART/px_pxicon_sparkles_001.png,09_PREVIEWS/thumbs/Ac8c39626.jpg,C,,,,
A0f6aabf8,03_PIXEL_ART/px_pxicon_star_001.png,03_PIXEL_ART,pixel_art,,,"Pixel-grid (24x24) icon ""star"", single-color vector - 1024px PNG render",GitHub: halfmage/pixelarticons,https://github.com/halfmage/pixelarticons,https://raw.githubusercontent.com/halfmage/pixelarticons/master/svg/star.svg,Gerrit Halfmann (halfmage),MIT,https://github.com/halfmage/pixelarticons/blob/master/LICENSE,False,,png,1024,1024,,,True,star; pixel; icon; svg,"vector pixel glyph, recolor to red/black; scales crisply for hero use; scribble-backdrop icon",white-canvas-parade; paper-collage; retro-window,medium,False,False,downloaded,"Derived: cairosvg render of px_pxicon_star_001.svg, black on transparent.",True,True,,6652,c062899ecad3367c8a99a683a64c9c72c0af54bebcb38d441040d6feca0070e1,03_PIXEL_ART/px_pxicon_star_001.svg,09_PREVIEWS/thumbs/A0f6aabf8.jpg,C,,,,
A61c30f67,03_PIXEL_ART/px_pxicon_star_001.svg,03_PIXEL_ART,svg,,,"Pixel-grid (24x24) icon ""star"", single-color vector",GitHub: halfmage/pixelarticons,https://github.com/halfmage/pixelarticons,https://raw.githubusercontent.com/halfmage/pixelarticons/master/svg/star.svg,Gerrit Halfmann (halfmage),MIT,https://github.com/halfmage/pixelarticons/blob/master/LICENSE,False,,svg,640,640,,,True,star; pixel; icon; svg,"vector pixel glyph, recolor to red/black; scales crisply for hero use; scribble-backdrop icon",white-canvas-parade; paper-collage; retro-window,medium,False,False,downloaded,MIT; fill=currentColor (renders black). Copyright (c) 2019 Gerrit Halfmann. PNG render: px_pxicon_star_001.png,True,True,,384,66e73c19e046f3c060dea9299ef1896b6f17120d129025149620d84d76d0f6ff,03_PIXEL_ART/px_pxicon_star_001.png,09_PREVIEWS/thumbs/A61c30f67.jpg,C,,,,
A1ac77e67,03_PIXEL_ART/px_rain_cloud_001.png,03_PIXEL_ART,pixel_art,,,32px pixel rain cloud,GitHub: tstamborski/pixelart-icons,https://github.com/tstamborski/pixelart-icons,https://raw.githubusercontent.com/tstamborski/pixelart-icons/main/png/rainy32.png,Tomasz Stamborski (tstamborski),CC0-1.0,https://github.com/tstamborski/pixelart-icons/blob/main/LICENSE,False,,png,32,32,,,True,rain; cloud; weather; pixel; sprite; retro,hero pixel object on off-white canvas; orbiting object ring; scatter across paper canvas,object-ring; white-canvas-parade; pixel-to-real; paper-collage,medium,False,True,downloaded,"Original sprite, hand-drawn in Aseprite, transparent bg.",True,True,,334,be85b228ab411a49aa4c060ace1e1b485cd01abd43d685070564da14fc7b40dc,,09_PREVIEWS/thumbs/A1ac77e67.jpg,C,,,,
A37f2a0f4,03_PIXEL_ART/px_recycle_bin_001.png,03_PIXEL_ART,pixel_art,,,32px pixel recycle bin with crumpled paper,GitHub: SerenityOS/serenity,https://github.com/SerenityOS/serenity/tree/master/Base/res/icons/32x32,https://raw.githubusercontent.com/SerenityOS/serenity/master/Base/res/icons/32x32/recycle-bin.png,SerenityOS developers,BSD-2-Clause,https://github.com/SerenityOS/serenity/blob/master/LICENSE,True,"Copyright (c) 2018-2026, the SerenityOS developers. BSD 2-Clause: retain copyright notice and license text in redistributions.",png,32,32,,,True,trash; bin; retro os; pixel; 32px; retro os; serenityos,hero pixel object on off-white canvas; orbiting object ring; retro-window popup,object-ring; retro-window; white-canvas-parade; pixel-to-real,medium,False,True,downloaded,"Original 32x32 sprite, transparent bg. Retro-OS style (Win9x/Mac-like shading).",True,True,attribution_required,1012,ae4f433666807b68fff07ccbb2384da3576f232c6241f7be6df5115d3cfabebb,,09_PREVIEWS/thumbs/A37f2a0f4.jpg,C,,,,
A37dbb817,03_PIXEL_ART/px_red_joystick_001.png,03_PIXEL_ART,pixel_art,,,16px pixel red arcade joystick,GitHub: tstamborski/pixelart-icons,https://github.com/tstamborski/pixelart-icons,https://raw.githubusercontent.com/tstamborski/pixelart-icons/main/png/joystick16.png,Tomasz Stamborski (tstamborski),CC0-1.0,https://github.com/tstamborski/pixelart-icons/blob/main/LICENSE,False,,png,16,16,,,True,joystick; arcade; game; pixel; sprite; retro,hero pixel object on off-white canvas; orbiting object ring; scatter across paper canvas,object-ring; white-canvas-parade; pixel-to-real; paper-collage,medium,False,True,downloaded,"Original sprite, hand-drawn in Aseprite, transparent bg.",True,True,,151,17e6b6adeb42deab4cb3ca2ec974e7b83b14584e29b6b422ac70da9006538ec5,,09_PREVIEWS/thumbs/A37dbb817.jpg,C,,,,
A190045f0,03_PIXEL_ART/px_red_potion_001.png,03_PIXEL_ART,pixel_art,,,32px pixel red potion flask,GitHub: tstamborski/pixelart-icons,https://github.com/tstamborski/pixelart-icons,https://raw.githubusercontent.com/tstamborski/pixelart-icons/main/png/potion-red32.png,Tomasz Stamborski (tstamborski),CC0-1.0,https://github.com/tstamborski/pixelart-icons/blob/main/LICENSE,False,,png,32,32,,,True,potion; flask; red; pixel; sprite; retro,hero pixel object on off-white canvas; orbiting object ring; scatter across paper canvas,object-ring; white-canvas-parade; pixel-to-real; paper-collage,medium,False,True,downloaded,"Original sprite, hand-drawn in Aseprite, transparent bg.",True,True,,260,d0d61207fae0f1fe0507fa82ded8a0fd306e3e2452608a4299b117d4ac503ccb,,09_PREVIEWS/thumbs/A190045f0.jpg,C,,,,
A7ff692c6,03_PIXEL_ART/px_red_star_001.png,03_PIXEL_ART,pixel_art,,,32px pixel red 5-point star,GitHub: tstamborski/pixelart-icons,https://github.com/tstamborski/pixelart-icons,https://raw.githubusercontent.com/tstamborski/pixelart-icons/main/png/star-red32.png,Tomasz Stamborski (tstamborski),CC0-1.0,https://github.com/tstamborski/pixelart-icons/blob/main/LICENSE,False,,png,32,32,,,True,star; red; pixel; sprite; retro,hero pixel object on off-white canvas; orbiting object ring; scatter across paper canvas,object-ring; white-canvas-parade; pixel-to-real; paper-collage,high,False,True,downloaded,"Original sprite, hand-drawn in Aseprite, transparent bg.",True,True,,278,bd48a0a896f7645469e5990d65b31e4ef6d060ac2d4db11bb82bae84d052277e,03_PIXEL_ART/px_red_star_x8_001.png,09_PREVIEWS/thumbs/A7ff692c6.jpg,C,,,,
A0674968a,03_PIXEL_ART/px_red_star_x8_001.png,03_PIXEL_ART,pixel_art,,,32px pixel red 5-point star (800% nearest-neighbor upscale),GitHub: tstamborski/pixelart-icons,https://github.com/tstamborski/pixelart-icons,https://raw.githubusercontent.com/tstamborski/pixelart-icons/main/png/star-red32.png,Tomasz Stamborski (tstamborski),CC0-1.0,https://github.com/tstamborski/pixelart-icons/blob/main/LICENSE,False,,png,256,256,,,True,star; red; pixel; sprite; retro,hero pixel object on off-white canvas; orbiting object ring; scatter across paper canvas,object-ring; white-canvas-parade; pixel-to-real; paper-collage,high,False,False,downloaded,Derived from px_red_star_001.png (original sprite); hard-edged nearest-neighbor 8x upscale.,True,True,,354,2687aee8e0eaec554a7ac005f04971175d054eea72d1c42f7a59a46756f0443a,03_PIXEL_ART/px_red_star_001.png,09_PREVIEWS/thumbs/A0674968a.jpg,C,,,,
A2ca8e3cf,03_PIXEL_ART/px_red_umbrella_001.png,03_PIXEL_ART,pixel_art,,,32px pixel red umbrella,GitHub: tstamborski/pixelart-icons,https://github.com/tstamborski/pixelart-icons,https://raw.githubusercontent.com/tstamborski/pixelart-icons/main/png/umbrella32.png,Tomasz Stamborski (tstamborski),CC0-1.0,https://github.com/tstamborski/pixelart-icons/blob/main/LICENSE,False,,png,32,32,,,True,umbrella; rain; pixel; sprite; retro,hero pixel object on off-white canvas; orbiting object ring; scatter across paper canvas,object-ring; white-canvas-parade; pixel-to-real; paper-collage,medium,False,True,downloaded,"Original sprite, hand-drawn in Aseprite, transparent bg.",True,True,,253,164b4c2b964a7037c17445b5523353649776f833b76a85290d6f8df258250ce2,,09_PREVIEWS/thumbs/A2ca8e3cf.jpg,C,,,,
Ad873b10c,03_PIXEL_ART/px_retro_camera_mono_001.png,03_PIXEL_ART,icon,,,Monochrome black 48px pixel retro camera icon,GitHub: hackernoon/pixel-icon-library,https://github.com/hackernoon/pixel-icon-library,https://raw.githubusercontent.com/hackernoon/pixel-icon-library/main/icons/PNG/for-light-mode/48px/solid/retro-camera-solid.png,HackerNoon,CC-BY-4.0,https://creativecommons.org/licenses/by/4.0/,True,"Pixel Icon Library by HackerNoon (https://pixeliconlibrary.com), CC BY 4.0; indicate changes if modified.",png,48,48,,,True,camera; retro; pixel; icon; mono,stencil/mask silhouette; tint with signal red; scribble backdrop icon,white-canvas-parade; paper-collage; retro-window,high,False,False,downloaded,Black on transparent; recolor freely (changes must be indicated). README says CC BY 4.0 for icons; repo LICENSE file (MIT) covers non-icon files.,True,True,attribution_required,288,35bf7a8fc548b0c1261d30540e15b13386d57f0199d936196a42cd8ba81ae2a7,,09_PREVIEWS/thumbs/Ad873b10c.jpg,C,,,,
A0cf9ad45,03_PIXEL_ART/px_retro_laptop_001.png,03_PIXEL_ART,pixel_art,,,32px pixel laptop with power symbol,GitHub: SerenityOS/serenity,https://github.com/SerenityOS/serenity/tree/master/Base/res/icons/32x32,https://raw.githubusercontent.com/SerenityOS/serenity/master/Base/res/icons/32x32/shutdown.png,SerenityOS developers,BSD-2-Clause,https://github.com/SerenityOS/serenity/blob/master/LICENSE,True,"Copyright (c) 2018-2026, the SerenityOS developers. BSD 2-Clause: retain copyright notice and license text in redistributions.",png,32,32,,,True,laptop; power; computer; pixel; 32px; retro os; serenityos,hero pixel object on off-white canvas; orbiting object ring; retro-window popup,object-ring; retro-window; white-canvas-parade; pixel-to-real,medium,False,True,downloaded,"Original 32x32 sprite, transparent bg. Retro-OS style (Win9x/Mac-like shading).",True,True,attribution_required,432,d0caafb3ea979bbe4798763b6136c488aaa25d88bfeb12340ecda5fda5b37ba9,,09_PREVIEWS/thumbs/A0cf9ad45.jpg,C,,,,
A97d3eacc,03_PIXEL_ART/px_ruby_gem_001.png,03_PIXEL_ART,pixel_art,,,32px pixel red square-cut ruby gem,GitHub: tstamborski/pixelart-icons,https://github.com/tstamborski/pixelart-icons,https://raw.githubusercontent.com/tstamborski/pixelart-icons/main/png/gem32.png,Tomasz Stamborski (tstamborski),CC0-1.0,https://github.com/tstamborski/pixelart-icons/blob/main/LICENSE,False,,png,32,32,,,True,gem; ruby; jewel; pixel; sprite; retro,hero pixel object on off-white canvas; orbiting object ring; scatter across paper canvas,object-ring; white-canvas-parade; pixel-to-real; paper-collage,medium,False,True,downloaded,"Original sprite, hand-drawn in Aseprite, transparent bg.",True,True,,259,99e987abcfb970991277a0cd37012b49aaf38508f607fe3eb8b59849d1811c6b,03_PIXEL_ART/px_ruby_gem_x8_001.png,09_PREVIEWS/thumbs/A97d3eacc.jpg,C,,,,
A232ad211,03_PIXEL_ART/px_ruby_gem_x8_001.png,03_PIXEL_ART,pixel_art,,,32px pixel red square-cut ruby gem (800% nearest-neighbor upscale),GitHub: tstamborski/pixelart-icons,https://github.com/tstamborski/pixelart-icons,https://raw.githubusercontent.com/tstamborski/pixelart-icons/main/png/gem32.png,Tomasz Stamborski (tstamborski),CC0-1.0,https://github.com/tstamborski/pixelart-icons/blob/main/LICENSE,False,,png,256,256,,,True,gem; ruby; jewel; pixel; sprite; retro,hero pixel object on off-white canvas; orbiting object ring; scatter across paper canvas,object-ring; white-canvas-parade; pixel-to-real; paper-collage,medium,False,False,downloaded,Derived from px_ruby_gem_001.png (original sprite); hard-edged nearest-neighbor 8x upscale.,True,True,,338,427076ce525d45abfc7e91b4280108a53ac2d91b07e766cec74bcee0b7f736d4,03_PIXEL_ART/px_ruby_gem_001.png,09_PREVIEWS/thumbs/A232ad211.jpg,C,,,,
A9d0ae77a,03_PIXEL_ART/px_sl_arcade_cabinet_001.png,03_PIXEL_ART,pixel_art,,,"32px-grid chunky pixel icon: arcade cabinet (black, single color) - 1024px PNG render",npm: @iconify-json/streamline-pixel (Streamline Pixel free icons),https://github.com/webalys-hq/streamline-vectors,"npm:@iconify-json/streamline-pixel@1.2.0 icons.json[""entertainment-events-hobbies-game-machines-arcade-2""]",Streamline (streamlinehq.com),CC-BY-4.0,https://creativecommons.org/licenses/by/4.0/,True,"Pixel free icons by Streamline (https://www.streamlinehq.com), CC BY 4.0. Indicate if changes were made.",png,1024,1024,,,True,arcade; cabinet; pixel; icon; retro; monochrome,"hero pixel object, tint red/black or on red card; stencil/mask layer; white-canvas object ring",object-ring; white-canvas-parade; pixel-to-real; retro-window,medium,False,False,downloaded,"Derived: cairosvg render of px_sl_arcade_cabinet_001.svg, black on transparent.",True,True,attribution_required,7867,e4eb72b628e7462437a91c59b03d9ea22143bcc68542821869fdc6a2c83bb30b,03_PIXEL_ART/px_sl_arcade_cabinet_001.svg,09_PREVIEWS/thumbs/A9d0ae77a.jpg,C,,,,
Ad7e6820e,03_PIXEL_ART/px_sl_arcade_cabinet_001.svg,03_PIXEL_ART,svg,,,"32px-grid chunky pixel icon: arcade cabinet (black, single color)",npm: @iconify-json/streamline-pixel (Streamline Pixel free icons),https://github.com/webalys-hq/streamline-vectors,"npm:@iconify-json/streamline-pixel@1.2.0 icons.json[""entertainment-events-hobbies-game-machines-arcade-2""]",Streamline (streamlinehq.com),CC-BY-4.0,https://creativecommons.org/licenses/by/4.0/,True,"Pixel free icons by Streamline (https://www.streamlinehq.com), CC BY 4.0. Indicate if changes were made.",svg,640,640,,,True,arcade; cabinet; pixel; icon; retro; monochrome,"hero pixel object, tint red/black or on red card; stencil/mask layer; white-canvas object ring",object-ring; white-canvas-parade; pixel-to-real; retro-window,medium,False,False,downloaded,Extracted from Iconify JSON; fill set to #000000. Matching PNG render px_sl_arcade_cabinet_001.png (1024px).,True,True,attribution_required,906,48ce619d7c43a282250c33373812302e84fe2998bca1e74835f0569f30d32dac,03_PIXEL_ART/px_sl_arcade_cabinet_001.png,09_PREVIEWS/thumbs/Ad7e6820e.jpg,C,,,,
Ad6ba9ed2,03_PIXEL_ART/px_sl_arcade_machine_001.png,03_PIXEL_ART,pixel_art,,,"32px-grid chunky pixel icon: arcade machine (black, single color) - 1024px PNG render",npm: @iconify-json/streamline-pixel (Streamline Pixel free icons),https://github.com/webalys-hq/streamline-vectors,"npm:@iconify-json/streamline-pixel@1.2.0 icons.json[""entertainment-events-hobbies-game-machines-arcade-1""]",Streamline (streamlinehq.com),CC-BY-4.0,https://creativecommons.org/licenses/by/4.0/,True,"Pixel free icons by Streamline (https://www.streamlinehq.com), CC BY 4.0. Indicate if changes were made.",png,1024,1024,,,True,arcade; machine; pixel; icon; retro; monochrome,"hero pixel object, tint red/black or on red card; stencil/mask layer; white-canvas object ring",object-ring; white-canvas-parade; pixel-to-real; retro-window,high,False,False,downloaded,"Derived: cairosvg render of px_sl_arcade_machine_001.svg, black on transparent.",True,True,attribution_required,7806,13f984d8e3946cc7b99f62c9628231ee8e0dcd6efda37fa7d793f3cebf307792,03_PIXEL_ART/px_sl_arcade_machine_001.svg,09_PREVIEWS/thumbs/Ad6ba9ed2.jpg,C,,,,
A9d00617e,03_PIXEL_ART/px_sl_arcade_machine_001.svg,03_PIXEL_ART,svg,,,"32px-grid chunky pixel icon: arcade machine (black, single color)",npm: @iconify-json/streamline-pixel (Streamline Pixel free icons),https://github.com/webalys-hq/streamline-vectors,"npm:@iconify-json/streamline-pixel@1.2.0 icons.json[""entertainment-events-hobbies-game-machines-arcade-1""]",Streamline (streamlinehq.com),CC-BY-4.0,https://creativecommons.org/licenses/by/4.0/,True,"Pixel free icons by Streamline (https://www.streamlinehq.com), CC BY 4.0. Indicate if changes were made.",svg,640,640,,,True,arcade; machine; pixel; icon; retro; monochrome,"hero pixel object, tint red/black or on red card; stencil/mask layer; white-canvas object ring",object-ring; white-canvas-parade; pixel-to-real; retro-window,high,False,False,downloaded,Extracted from Iconify JSON; fill set to #000000. Matching PNG render px_sl_arcade_machine_001.png (1024px).,True,True,attribution_required,872,bc561ce2e54e915f37ea8e6121db8f4823bc56078da4c9b6d515fdee3e0f5f6a,03_PIXEL_ART/px_sl_arcade_machine_001.png,09_PREVIEWS/thumbs/A9d00617e.jpg,C,,,,
Aa4c7a02d,03_PIXEL_ART/px_sl_banknote_001.png,03_PIXEL_ART,pixel_art,,,"32px-grid chunky pixel icon: banknote (black, single color) - 1024px PNG render",npm: @iconify-json/streamline-pixel (Streamline Pixel free icons),https://github.com/webalys-hq/streamline-vectors,"npm:@iconify-json/streamline-pixel@1.2.0 icons.json[""money-payments-accounting-bill-money-1""]",Streamline (streamlinehq.com),CC-BY-4.0,https://creativecommons.org/licenses/by/4.0/,True,"Pixel free icons by Streamline (https://www.streamlinehq.com), CC BY 4.0. Indicate if changes were made.",png,1024,1024,,,True,banknote; pixel; icon; retro; monochrome,"hero pixel object, tint red/black or on red card; stencil/mask layer; white-canvas object ring",object-ring; white-canvas-parade; pixel-to-real; retro-window,medium,False,False,downloaded,"Derived: cairosvg render of px_sl_banknote_001.svg, black on transparent.",True,True,attribution_required,7409,a620e2ab3c1b623197f956d453c14db0083f3f22585266a2443dc34b26c6644d,03_PIXEL_ART/px_sl_banknote_001.svg,09_PREVIEWS/thumbs/Aa4c7a02d.jpg,C,,,,
Af8b623bc,03_PIXEL_ART/px_sl_banknote_001.svg,03_PIXEL_ART,svg,,,"32px-grid chunky pixel icon: banknote (black, single color)",npm: @iconify-json/streamline-pixel (Streamline Pixel free icons),https://github.com/webalys-hq/streamline-vectors,"npm:@iconify-json/streamline-pixel@1.2.0 icons.json[""money-payments-accounting-bill-money-1""]",Streamline (streamlinehq.com),CC-BY-4.0,https://creativecommons.org/licenses/by/4.0/,True,"Pixel free icons by Streamline (https://www.streamlinehq.com), CC BY 4.0. Indicate if changes were made.",svg,640,640,,,True,banknote; pixel; icon; retro; monochrome,"hero pixel object, tint red/black or on red card; stencil/mask layer; white-canvas object ring",object-ring; white-canvas-parade; pixel-to-real; retro-window,medium,False,False,downloaded,Extracted from Iconify JSON; fill set to #000000. Matching PNG render px_sl_banknote_001.png (1024px).,True,True,attribution_required,1082,1cfb16f5b51f31ca72d6a413c3a768ffea98a5455adf9e0fddc7cb63c20b22f4,03_PIXEL_ART/px_sl_banknote_001.png,09_PREVIEWS/thumbs/Af8b623bc.jpg,C,,,,
A6f07611e,03_PIXEL_ART/px_sl_camera_001.png,03_PIXEL_ART,pixel_art,,,"32px-grid chunky pixel icon: retro camera (black, single color) - 1024px PNG render",npm: @iconify-json/streamline-pixel (Streamline Pixel free icons),https://github.com/webalys-hq/streamline-vectors,"npm:@iconify-json/streamline-pixel@1.2.0 icons.json[""photography-camera-1""]",Streamline (streamlinehq.com),CC-BY-4.0,https://creativecommons.org/licenses/by/4.0/,True,"Pixel free icons by Streamline (https://www.streamlinehq.com), CC BY 4.0. Indicate if changes were made.",png,1024,1024,,,True,camera; pixel; icon; retro; monochrome,"hero pixel object, tint red/black or on red card; stencil/mask layer; white-canvas object ring",object-ring; white-canvas-parade; pixel-to-real; retro-window,high,False,False,downloaded,"Derived: cairosvg render of px_sl_camera_001.svg, black on transparent.",True,True,attribution_required,7088,544b31d9938324f8258a59005390c6160536b6ddfeac38e7401f7b2d8be0b415,03_PIXEL_ART/px_sl_camera_001.svg,09_PREVIEWS/thumbs/A6f07611e.jpg,C,,,,
A07d4f14b,03_PIXEL_ART/px_sl_camera_001.svg,03_PIXEL_ART,svg,,,"32px-grid chunky pixel icon: retro camera (black, single color)",npm: @iconify-json/streamline-pixel (Streamline Pixel free icons),https://github.com/webalys-hq/streamline-vectors,"npm:@iconify-json/streamline-pixel@1.2.0 icons.json[""photography-camera-1""]",Streamline (streamlinehq.com),CC-BY-4.0,https://creativecommons.org/licenses/by/4.0/,True,"Pixel free icons by Streamline (https://www.streamlinehq.com), CC BY 4.0. Indicate if changes were made.",svg,640,640,,,True,camera; pixel; icon; retro; monochrome,"hero pixel object, tint red/black or on red card; stencil/mask layer; white-canvas object ring",object-ring; white-canvas-parade; pixel-to-real; retro-window,high,False,False,downloaded,Extracted from Iconify JSON; fill set to #000000. Matching PNG render px_sl_camera_001.png (1024px).,True,True,attribution_required,910,f982b31d98d63c6b932b5dd016b83bee9195df4b623b5e582c17e5e4067c0b0e,03_PIXEL_ART/px_sl_camera_001.png,09_PREVIEWS/thumbs/A07d4f14b.jpg,C,,,,
Afa39ff31,03_PIXEL_ART/px_sl_cash_coin_payment_001.png,03_PIXEL_ART,pixel_art,,,"32px-grid chunky pixel icon: cash and coin payment (black, single color) - 1024px PNG render",npm: @iconify-json/streamline-pixel (Streamline Pixel free icons),https://github.com/webalys-hq/streamline-vectors,"npm:@iconify-json/streamline-pixel@1.2.0 icons.json[""money-payments-cash-payment-coin""]",Streamline (streamlinehq.com),CC-BY-4.0,https://creativecommons.org/licenses/by/4.0/,True,"Pixel free icons by Streamline (https://www.streamlinehq.com), CC BY 4.0. Indicate if changes were made.",png,1024,1024,,,True,cash; coin; payment; pixel; icon; retro; monochrome,"hero pixel object, tint red/black or on red card; stencil/mask layer; white-canvas object ring",object-ring; white-canvas-parade; pixel-to-real; retro-window,medium,False,False,downloaded,"Derived: cairosvg render of px_sl_cash_coin_payment_001.svg, black on transparent.",True,True,attribution_required,7979,de3228c3c924b1c44d67e966894b19baa61f0414bce131ce3e3b6c6cc27c424b,03_PIXEL_ART/px_sl_cash_coin_payment_001.svg,09_PREVIEWS/thumbs/Afa39ff31.jpg,C,,,,
Abe17ea79,03_PIXEL_ART/px_sl_cash_coin_payment_001.svg,03_PIXEL_ART,svg,,,"32px-grid chunky pixel icon: cash and coin payment (black, single color)",npm: @iconify-json/streamline-pixel (Streamline Pixel free icons),https://github.com/webalys-hq/streamline-vectors,"npm:@iconify-json/streamline-pixel@1.2.0 icons.json[""money-payments-cash-payment-coin""]",Streamline (streamlinehq.com),CC-BY-4.0,https://creativecommons.org/licenses/by/4.0/,True,"Pixel free icons by Streamline (https://www.streamlinehq.com), CC BY 4.0. Indicate if changes were made.",svg,640,640,,,True,cash; coin; payment; pixel; icon; retro; monochrome,"hero pixel object, tint red/black or on red card; stencil/mask layer; white-canvas object ring",object-ring; white-canvas-parade; pixel-to-real; retro-window,medium,False,False,downloaded,Extracted from Iconify JSON; fill set to #000000. Matching PNG render px_sl_cash_coin_payment_001.png (1024px).,True,True,attribution_required,1105,58b232d2f8832f8c7b23adf45ba14006d02f4071cb0b9f11d4f3c5d7454a76f7,03_PIXEL_ART/px_sl_cash_coin_payment_001.png,09_PREVIEWS/thumbs/Abe17ea79.jpg,C,,,,
A910d7292,03_PIXEL_ART/px_sl_cassette_tape_001.png,03_PIXEL_ART,pixel_art,,,"32px-grid chunky pixel icon: cassette tape (black, single color) - 1024px PNG render",npm: @iconify-json/streamline-pixel (Streamline Pixel free icons),https://github.com/webalys-hq/streamline-vectors,"npm:@iconify-json/streamline-pixel@1.2.0 icons.json[""computers-devices-electronics-tape-cassette""]",Streamline (streamlinehq.com),CC-BY-4.0,https://creativecommons.org/licenses/by/4.0/,True,"Pixel free icons by Streamline (https://www.streamlinehq.com), CC BY 4.0. Indicate if changes were made.",png,1024,1024,,,True,cassette; tape; pixel; icon; retro; monochrome,"hero pixel object, tint red/black or on red card; stencil/mask layer; white-canvas object ring",object-ring; white-canvas-parade; pixel-to-real; retro-window,high,False,False,downloaded,"Derived: cairosvg render of px_sl_cassette_tape_001.svg, black on transparent.",True,True,attribution_required,6740,9f2c132f2a64e41c99ae221f2e1b2a386829148beab1594b7f7a331c33c8a89a,03_PIXEL_ART/px_sl_cassette_tape_001.svg,09_PREVIEWS/thumbs/A910d7292.jpg,C,,,,
A78464fc2,03_PIXEL_ART/px_sl_cassette_tape_001.svg,03_PIXEL_ART,svg,,,"32px-grid chunky pixel icon: cassette tape (black, single color)",npm: @iconify-json/streamline-pixel (Streamline Pixel free icons),https://github.com/webalys-hq/streamline-vectors,"npm:@iconify-json/streamline-pixel@1.2.0 icons.json[""computers-devices-electronics-tape-cassette""]",Streamline (streamlinehq.com),CC-BY-4.0,https://creativecommons.org/licenses/by/4.0/,True,"Pixel free icons by Streamline (https://www.streamlinehq.com), CC BY 4.0. Indicate if changes were made.",svg,640,640,,,True,cassette; tape; pixel; icon; retro; monochrome,"hero pixel object, tint red/black or on red card; stencil/mask layer; white-canvas object ring",object-ring; white-canvas-parade; pixel-to-real; retro-window,high,False,False,downloaded,Extracted from Iconify JSON; fill set to #000000. Matching PNG render px_sl_cassette_tape_001.png (1024px).,True,True,attribution_required,624,4b5064edffb3115d30f611369c51aadae162f26bf2554e28d98980db83b418d2,03_PIXEL_ART/px_sl_cassette_tape_001.png,09_PREVIEWS/thumbs/A78464fc2.jpg,C,,,,
Ae7d73992,03_PIXEL_ART/px_sl_cat_face_001.png,03_PIXEL_ART,pixel_art,,,"32px-grid chunky pixel icon: cat face (black, single color) - 1024px PNG render",npm: @iconify-json/streamline-pixel (Streamline Pixel free icons),https://github.com/webalys-hq/streamline-vectors,"npm:@iconify-json/streamline-pixel@1.2.0 icons.json[""pet-animals-cat""]",Streamline (streamlinehq.com),CC-BY-4.0,https://creativecommons.org/licenses/by/4.0/,True,"Pixel free icons by Streamline (https://www.streamlinehq.com), CC BY 4.0. Indicate if changes were made.",png,1024,1024,,,True,cat; face; pixel; icon; retro; monochrome,"hero pixel object, tint red/black or on red card; stencil/mask layer; white-canvas object ring",object-ring; white-canvas-parade; pixel-to-real; retro-window,high,False,False,downloaded,"Derived: cairosvg render of px_sl_cat_face_001.svg, black on transparent.",True,True,attribution_required,7739,7340da1e9584b39ce5a8aa1a32f98ac7740faabfa37ca4ddb296c1414fc8bfd1,03_PIXEL_ART/px_sl_cat_face_001.svg,09_PREVIEWS/thumbs/Ae7d73992.jpg,C,,,,
Acec194e1,03_PIXEL_ART/px_sl_cat_face_001.svg,03_PIXEL_ART,svg,,,"32px-grid chunky pixel icon: cat face (black, single color)",npm: @iconify-json/streamline-pixel (Streamline Pixel free icons),https://github.com/webalys-hq/streamline-vectors,"npm:@iconify-json/streamline-pixel@1.2.0 icons.json[""pet-animals-cat""]",Streamline (streamlinehq.com),CC-BY-4.0,https://creativecommons.org/licenses/by/4.0/,True,"Pixel free icons by Streamline (https://www.streamlinehq.com), CC BY 4.0. Indicate if changes were made.",svg,640,640,,,True,cat; face; pixel; icon; retro; monochrome,"hero pixel object, tint red/black or on red card; stencil/mask layer; white-canvas object ring",object-ring; white-canvas-parade; pixel-to-real; retro-window,high,False,False,downloaded,Extracted from Iconify JSON; fill set to #000000. Matching PNG render px_sl_cat_face_001.png (1024px).,True,True,attribution_required,1195,2dae6f7cb63c2006a21cf7975f350e1252af684f5cc7d3c63f6a0fdcec44d9e7,03_PIXEL_ART/px_sl_cat_face_001.png,09_PREVIEWS/thumbs/Acec194e1.jpg,C,,,,
Ae260bbdd,03_PIXEL_ART/px_sl_cd_disc_001.png,03_PIXEL_ART,pixel_art,,,"32px-grid chunky pixel icon: CD disc (black, single color) - 1024px PNG render",npm: @iconify-json/streamline-pixel (Streamline Pixel free icons),https://github.com/webalys-hq/streamline-vectors,"npm:@iconify-json/streamline-pixel@1.2.0 icons.json[""music-disk-cd-1""]",Streamline (streamlinehq.com),CC-BY-4.0,https://creativecommons.org/licenses/by/4.0/,True,"Pixel free icons by Streamline (https://www.streamlinehq.com), CC BY 4.0. Indicate if changes were made.",png,1024,1024,,,True,cd; disc; pixel; icon; retro; monochrome,"hero pixel object, tint red/black or on red card; stencil/mask layer; white-canvas object ring",object-ring; white-canvas-parade; pixel-to-real; retro-window,medium,False,False,downloaded,"Derived: cairosvg render of px_sl_cd_disc_001.svg, black on transparent.",True,True,attribution_required,8128,a8a096a1e9dc987e706a9dc154cbfeced1441c37eed1dad6dad33f02752cfe0b,03_PIXEL_ART/px_sl_cd_disc_001.svg,09_PREVIEWS/thumbs/Ae260bbdd.jpg,C,,,,
A0cbbcd7f,03_PIXEL_ART/px_sl_cd_disc_001.svg,03_PIXEL_ART,svg,,,"32px-grid chunky pixel icon: CD disc (black, single color)",npm: @iconify-json/streamline-pixel (Streamline Pixel free icons),https://github.com/webalys-hq/streamline-vectors,"npm:@iconify-json/streamline-pixel@1.2.0 icons.json[""music-disk-cd-1""]",Streamline (streamlinehq.com),CC-BY-4.0,https://creativecommons.org/licenses/by/4.0/,True,"Pixel free icons by Streamline (https://www.streamlinehq.com), CC BY 4.0. Indicate if changes were made.",svg,640,640,,,True,cd; disc; pixel; icon; retro; monochrome,"hero pixel object, tint red/black or on red card; stencil/mask layer; white-canvas object ring",object-ring; white-canvas-parade; pixel-to-real; retro-window,medium,False,False,downloaded,Extracted from Iconify JSON; fill set to #000000. Matching PNG render px_sl_cd_disc_001.png (1024px).,True,True,attribution_required,1158,ab6ad78ab298729cb1525b5654c11f720f37f0a9d5131f01f98fa2007447d1e6,03_PIXEL_ART/px_sl_cd_disc_001.png,09_PREVIEWS/thumbs/A0cbbcd7f.jpg,C,,,,
A3f7630c9,03_PIXEL_ART/px_sl_crt_television_001.png,03_PIXEL_ART,pixel_art,,,"32px-grid chunky pixel icon: CRT television (black, single color) - 1024px PNG render",npm: @iconify-json/streamline-pixel (Streamline Pixel free icons),https://github.com/webalys-hq/streamline-vectors,"npm:@iconify-json/streamline-pixel@1.2.0 icons.json[""computers-devices-electronics-television-vintage""]",Streamline (streamlinehq.com),CC-BY-4.0,https://creativecommons.org/licenses/by/4.0/,True,"Pixel free icons by Streamline (https://www.streamlinehq.com), CC BY 4.0. Indicate if changes were made.",png,1024,1024,,,True,crt; television; pixel; icon; retro; monochrome,"hero pixel object, tint red/black or on red card; stencil/mask layer; white-canvas object ring",object-ring; white-canvas-parade; pixel-to-real; retro-window,high,False,False,downloaded,"Derived: cairosvg render of px_sl_crt_television_001.svg, black on transparent.",True,True,attribution_required,7622,44f613e36b0a33452f94a471ebaa39400fc400df72920fe23a2094668fab135c,03_PIXEL_ART/px_sl_crt_television_001.svg,09_PREVIEWS/thumbs/A3f7630c9.jpg,C,,,,
A34fb3103,03_PIXEL_ART/px_sl_crt_television_001.svg,03_PIXEL_ART,svg,,,"32px-grid chunky pixel icon: CRT television (black, single color)",npm: @iconify-json/streamline-pixel (Streamline Pixel free icons),https://github.com/webalys-hq/streamline-vectors,"npm:@iconify-json/streamline-pixel@1.2.0 icons.json[""computers-devices-electronics-television-vintage""]",Streamline (streamlinehq.com),CC-BY-4.0,https://creativecommons.org/licenses/by/4.0/,True,"Pixel free icons by Streamline (https://www.streamlinehq.com), CC BY 4.0. Indicate if changes were made.",svg,640,640,,,True,crt; television; pixel; icon; retro; monochrome,"hero pixel object, tint red/black or on red card; stencil/mask layer; white-canvas object ring",object-ring; white-canvas-parade; pixel-to-real; retro-window,high,False,False,downloaded,Extracted from Iconify JSON; fill set to #000000. Matching PNG render px_sl_crt_television_001.png (1024px).,True,True,attribution_required,806,3cdaef9cfed5d2937bd60e74a05822a909da8344a11901af6f1c0ce17aefc6c0,03_PIXEL_ART/px_sl_crt_television_001.png,09_PREVIEWS/thumbs/A34fb3103.jpg,C,,,,
A73fec1e4,03_PIXEL_ART/px_sl_dice_001.png,03_PIXEL_ART,pixel_art,,,"32px-grid chunky pixel icon: dice (black, single color) - 1024px PNG render",npm: @iconify-json/streamline-pixel (Streamline Pixel free icons),https://github.com/webalys-hq/streamline-vectors,"npm:@iconify-json/streamline-pixel@1.2.0 icons.json[""entertainment-events-hobbies-board-game-dice""]",Streamline (streamlinehq.com),CC-BY-4.0,https://creativecommons.org/licenses/by/4.0/,True,"Pixel free icons by Streamline (https://www.streamlinehq.com), CC BY 4.0. Indicate if changes were made.",png,1024,1024,,,True,dice; pixel; icon; retro; monochrome,"hero pixel object, tint red/black or on red card; stencil/mask layer; white-canvas object ring",object-ring; white-canvas-parade; pixel-to-real; retro-window,medium,False,False,downloaded,"Derived: cairosvg render of px_sl_dice_001.svg, black on transparent.",True,True,attribution_required,7775,e4d320ba80769981af7da395a54bb63d32cc3346f5b5b5ee3730bbbfc81bcf3f,03_PIXEL_ART/px_sl_dice_001.svg,09_PREVIEWS/thumbs/A73fec1e4.jpg,C,,,,
A52587b90,03_PIXEL_ART/px_sl_dice_001.svg,03_PIXEL_ART,svg,,,"32px-grid chunky pixel icon: dice (black, single color)",npm: @iconify-json/streamline-pixel (Streamline Pixel free icons),https://github.com/webalys-hq/streamline-vectors,"npm:@iconify-json/streamline-pixel@1.2.0 icons.json[""entertainment-events-hobbies-board-game-dice""]",Streamline (streamlinehq.com),CC-BY-4.0,https://creativecommons.org/licenses/by/4.0/,True,"Pixel free icons by Streamline (https://www.streamlinehq.com), CC BY 4.0. Indicate if changes were made.",svg,640,640,,,True,dice; pixel; icon; retro; monochrome,"hero pixel object, tint red/black or on red card; stencil/mask layer; white-canvas object ring",object-ring; white-canvas-parade; pixel-to-real; retro-window,medium,False,False,downloaded,Extracted from Iconify JSON; fill set to #000000. Matching PNG render px_sl_dice_001.png (1024px).,True,True,attribution_required,909,c133fa22d7ec56277875df5dc9cdd20f561cbc702609308d6c691487ed541fd6,03_PIXEL_ART/px_sl_dice_001.png,09_PREVIEWS/thumbs/A52587b90.jpg,C,,,,
A305b38ee,03_PIXEL_ART/px_sl_dollar_coin_001.png,03_PIXEL_ART,pixel_art,,,"32px-grid chunky pixel icon: dollar coin (black, single color) - 1024px PNG render",npm: @iconify-json/streamline-pixel (Streamline Pixel free icons),https://github.com/webalys-hq/streamline-vectors,"npm:@iconify-json/streamline-pixel@1.2.0 icons.json[""business-money-coin-currency""]",Streamline (streamlinehq.com),CC-BY-4.0,https://creativecommons.org/licenses/by/4.0/,True,"Pixel free icons by Streamline (https://www.streamlinehq.com), CC BY 4.0. Indicate if changes were made.",png,1024,1024,,,True,dollar; coin; pixel; icon; retro; monochrome,"hero pixel object, tint red/black or on red card; stencil/mask layer; white-canvas object ring",object-ring; white-canvas-parade; pixel-to-real; retro-window,high,False,False,downloaded,"Derived: cairosvg render of px_sl_dollar_coin_001.svg, black on transparent.",True,True,attribution_required,7797,4bb1d59f3f855133b965b9a411c523bd551e257134f1389531c5d9c979127a0f,03_PIXEL_ART/px_sl_dollar_coin_001.svg,09_PREVIEWS/thumbs/A305b38ee.jpg,C,,,,
Aaa478ffc,03_PIXEL_ART/px_sl_dollar_coin_001.svg,03_PIXEL_ART,svg,,,"32px-grid chunky pixel icon: dollar coin (black, single color)",npm: @iconify-json/streamline-pixel (Streamline Pixel free icons),https://github.com/webalys-hq/streamline-vectors,"npm:@iconify-json/streamline-pixel@1.2.0 icons.json[""business-money-coin-currency""]",Streamline (streamlinehq.com),CC-BY-4.0,https://creativecommons.org/licenses/by/4.0/,True,"Pixel free icons by Streamline (https://www.streamlinehq.com), CC BY 4.0. Indicate if changes were made.",svg,640,640,,,True,dollar; coin; pixel; icon; retro; monochrome,"hero pixel object, tint red/black or on red card; stencil/mask layer; white-canvas object ring",object-ring; white-canvas-parade; pixel-to-real; retro-window,high,False,False,downloaded,Extracted from Iconify JSON; fill set to #000000. Matching PNG render px_sl_dollar_coin_001.png (1024px).,True,True,attribution_required,1357,78c3abfb9401c60006d01bcb1747ef7894deaee8c1008bc3193de3a3269d878b,03_PIXEL_ART/px_sl_dollar_coin_001.png,09_PREVIEWS/thumbs/Aaa478ffc.jpg,C,,,,
Ac1c35ec5,03_PIXEL_ART/px_sl_film_camera_001.png,03_PIXEL_ART,pixel_art,,,"32px-grid chunky pixel icon: film camera (black, single color) - 1024px PNG render",npm: @iconify-json/streamline-pixel (Streamline Pixel free icons),https://github.com/webalys-hq/streamline-vectors,"npm:@iconify-json/streamline-pixel@1.2.0 icons.json[""entertainment-events-hobbies-film-camrea""]",Streamline (streamlinehq.com),CC-BY-4.0,https://creativecommons.org/licenses/by/4.0/,True,"Pixel free icons by Streamline (https://www.streamlinehq.com), CC BY 4.0. Indicate if changes were made.",png,1024,1024,,,True,film; camera; pixel; icon; retro; monochrome,"hero pixel object, tint red/black or on red card; stencil/mask layer; white-canvas object ring",object-ring; white-canvas-parade; pixel-to-real; retro-window,medium,False,False,downloaded,"Derived: cairosvg render of px_sl_film_camera_001.svg, black on transparent.",True,True,attribution_required,7185,4fc0436630e3f01a21188963d9ac3df6aa7082fb69e5dba9f98d1f15080e9dd0,03_PIXEL_ART/px_sl_film_camera_001.svg,09_PREVIEWS/thumbs/Ac1c35ec5.jpg,C,,,,
Ab9f6796c,03_PIXEL_ART/px_sl_film_camera_001.svg,03_PIXEL_ART,svg,,,"32px-grid chunky pixel icon: film camera (black, single color)",npm: @iconify-json/streamline-pixel (Streamline Pixel free icons),https://github.com/webalys-hq/streamline-vectors,"npm:@iconify-json/streamline-pixel@1.2.0 icons.json[""entertainment-events-hobbies-film-camrea""]",Streamline (streamlinehq.com),CC-BY-4.0,https://creativecommons.org/licenses/by/4.0/,True,"Pixel free icons by Streamline (https://www.streamlinehq.com), CC BY 4.0. Indicate if changes were made.",svg,640,640,,,True,film; camera; pixel; icon; retro; monochrome,"hero pixel object, tint red/black or on red card; stencil/mask layer; white-canvas object ring",object-ring; white-canvas-parade; pixel-to-real; retro-window,medium,False,False,downloaded,Extracted from Iconify JSON; fill set to #000000. Matching PNG render px_sl_film_camera_001.png (1024px).,True,True,attribution_required,727,601c82c89500f94599e3187feb09ef0434e34eca3c9030e1b5c1e29ed15176f4,03_PIXEL_ART/px_sl_film_camera_001.png,09_PREVIEWS/thumbs/Ab9f6796c.jpg,C,,,,
A529ef086,03_PIXEL_ART/px_sl_film_roll_001.png,03_PIXEL_ART,pixel_art,,,"32px-grid chunky pixel icon: film roll (black, single color) - 1024px PNG render",npm: @iconify-json/streamline-pixel (Streamline Pixel free icons),https://github.com/webalys-hq/streamline-vectors,"npm:@iconify-json/streamline-pixel@1.2.0 icons.json[""entertainment-events-hobbies-film-roll""]",Streamline (streamlinehq.com),CC-BY-4.0,https://creativecommons.org/licenses/by/4.0/,True,"Pixel free icons by Streamline (https://www.streamlinehq.com), CC BY 4.0. Indicate if changes were made.",png,1024,1024,,,True,film; roll; pixel; icon; retro; monochrome,"hero pixel object, tint red/black or on red card; stencil/mask layer; white-canvas object ring",object-ring; white-canvas-parade; pixel-to-real; retro-window,medium,False,False,downloaded,"Derived: cairosvg render of px_sl_film_roll_001.svg, black on transparent.",True,True,attribution_required,7811,ccb63bb93c01e96b67df44065a732d9b00159bb85afbbe62ac30ec8822fb14b2,03_PIXEL_ART/px_sl_film_roll_001.svg,09_PREVIEWS/thumbs/A529ef086.jpg,C,,,,
A93d81bc1,03_PIXEL_ART/px_sl_film_roll_001.svg,03_PIXEL_ART,svg,,,"32px-grid chunky pixel icon: film roll (black, single color)",npm: @iconify-json/streamline-pixel (Streamline Pixel free icons),https://github.com/webalys-hq/streamline-vectors,"npm:@iconify-json/streamline-pixel@1.2.0 icons.json[""entertainment-events-hobbies-film-roll""]",Streamline (streamlinehq.com),CC-BY-4.0,https://creativecommons.org/licenses/by/4.0/,True,"Pixel free icons by Streamline (https://www.streamlinehq.com), CC BY 4.0. Indicate if changes were made.",svg,640,640,,,True,film; roll; pixel; icon; retro; monochrome,"hero pixel object, tint red/black or on red card; stencil/mask layer; white-canvas object ring",object-ring; white-canvas-parade; pixel-to-real; retro-window,medium,False,False,downloaded,Extracted from Iconify JSON; fill set to #000000. Matching PNG render px_sl_film_roll_001.png (1024px).,True,True,attribution_required,940,f9078e04f3398f39b5f816a462645747f2e0d8921f5f396540385b8c1a527adf,03_PIXEL_ART/px_sl_film_roll_001.png,09_PREVIEWS/thumbs/A93d81bc1.jpg,C,,,,
A72ca8193,03_PIXEL_ART/px_sl_floppy_disk_001.png,03_PIXEL_ART,pixel_art,,,"32px-grid chunky pixel icon: floppy disk (black, single color) - 1024px PNG render",npm: @iconify-json/streamline-pixel (Streamline Pixel free icons),https://github.com/webalys-hq/streamline-vectors,"npm:@iconify-json/streamline-pixel@1.2.0 icons.json[""interface-essential-floppy-disk""]",Streamline (streamlinehq.com),CC-BY-4.0,https://creativecommons.org/licenses/by/4.0/,True,"Pixel free icons by Streamline (https://www.streamlinehq.com), CC BY 4.0. Indicate if changes were made.",png,1024,1024,,,True,floppy; disk; pixel; icon; retro; monochrome,"hero pixel object, tint red/black or on red card; stencil/mask layer; white-canvas object ring",object-ring; white-canvas-parade; pixel-to-real; retro-window,high,False,False,downloaded,"Derived: cairosvg render of px_sl_floppy_disk_001.svg, black on transparent.",True,True,attribution_required,7284,fdffbdb95b4a8bb424f59cb569e8f2ccf9109f5fa0e278143e2144a1f1266f33,03_PIXEL_ART/px_sl_floppy_disk_001.svg,09_PREVIEWS/thumbs/A72ca8193.jpg,C,,,,
Ab56b79dc,03_PIXEL_ART/px_sl_floppy_disk_001.svg,03_PIXEL_ART,svg,,,"32px-grid chunky pixel icon: floppy disk (black, single color)",npm: @iconify-json/streamline-pixel (Streamline Pixel free icons),https://github.com/webalys-hq/streamline-vectors,"npm:@iconify-json/streamline-pixel@1.2.0 icons.json[""interface-essential-floppy-disk""]",Streamline (streamlinehq.com),CC-BY-4.0,https://creativecommons.org/licenses/by/4.0/,True,"Pixel free icons by Streamline (https://www.streamlinehq.com), CC BY 4.0. Indicate if changes were made.",svg,640,640,,,True,floppy; disk; pixel; icon; retro; monochrome,"hero pixel object, tint red/black or on red card; stencil/mask layer; white-canvas object ring",object-ring; white-canvas-parade; pixel-to-real; retro-window,high,False,False,downloaded,Extracted from Iconify JSON; fill set to #000000. Matching PNG render px_sl_floppy_disk_001.png (1024px).,True,True,attribution_required,557,394707aa4f4bd89f4f48c0cd370d119d067795c484c323d3ff9861e334113a16,03_PIXEL_ART/px_sl_floppy_disk_001.png,09_PREVIEWS/thumbs/Ab56b79dc.jpg,C,,,,
A30d7050a,03_PIXEL_ART/px_sl_graduation_cap_001.png,03_PIXEL_ART,pixel_art,,,"32px-grid chunky pixel icon: graduation cap (black, single color) - 1024px PNG render",npm: @iconify-json/streamline-pixel (Streamline Pixel free icons),https://github.com/webalys-hq/streamline-vectors,"npm:@iconify-json/streamline-pixel@1.2.0 icons.json[""school-science-graduation-cap""]",Streamline (streamlinehq.com),CC-BY-4.0,https://creativecommons.org/licenses/by/4.0/,True,"Pixel free icons by Streamline (https://www.streamlinehq.com), CC BY 4.0. Indicate if changes were made.",png,1024,1024,,,True,graduation; cap; pixel; icon; retro; monochrome,"hero pixel object, tint red/black or on red card; stencil/mask layer; white-canvas object ring",object-ring; white-canvas-parade; pixel-to-real; retro-window,medium,False,False,downloaded,"Derived: cairosvg render of px_sl_graduation_cap_001.svg, black on transparent.",True,True,attribution_required,7869,2f3324aba4ca1db265f701afc7327e0421252c1c6881567fcd165da735f3b352,03_PIXEL_ART/px_sl_graduation_cap_001.svg,09_PREVIEWS/thumbs/A30d7050a.jpg,C,,,,
A518b571c,03_PIXEL_ART/px_sl_graduation_cap_001.svg,03_PIXEL_ART,svg,,,"32px-grid chunky pixel icon: graduation cap (black, single color)",npm: @iconify-json/streamline-pixel (Streamline Pixel free icons),https://github.com/webalys-hq/streamline-vectors,"npm:@iconify-json/streamline-pixel@1.2.0 icons.json[""school-science-graduation-cap""]",Streamline (streamlinehq.com),CC-BY-4.0,https://creativecommons.org/licenses/by/4.0/,True,"Pixel free icons by Streamline (https://www.streamlinehq.com), CC BY 4.0. Indicate if changes were made.",svg,640,640,,,True,graduation; cap; pixel; icon; retro; monochrome,"hero pixel object, tint red/black or on red card; stencil/mask layer; white-canvas object ring",object-ring; white-canvas-parade; pixel-to-real; retro-window,medium,False,False,downloaded,Extracted from Iconify JSON; fill set to #000000. Matching PNG render px_sl_graduation_cap_001.png (1024px).,True,True,attribution_required,986,264128b5747b1f1710cf81823716098e893db024ab366f08791d309b47f5fac9,03_PIXEL_ART/px_sl_graduation_cap_001.png,09_PREVIEWS/thumbs/A518b571c.jpg,C,,,,
A3bc27dd4,03_PIXEL_ART/px_sl_headphones_listener_001.png,03_PIXEL_ART,pixel_art,,,"32px-grid chunky pixel icon: headphones on a listener (black, single color) - 1024px PNG render",npm: @iconify-json/streamline-pixel (Streamline Pixel free icons),https://github.com/webalys-hq/streamline-vectors,"npm:@iconify-json/streamline-pixel@1.2.0 icons.json[""music-headphones-human""]",Streamline (streamlinehq.com),CC-BY-4.0,https://creativecommons.org/licenses/by/4.0/,True,"Pixel free icons by Streamline (https://www.streamlinehq.com), CC BY 4.0. Indicate if changes were made.",png,1024,1024,,,True,headphones; listener; pixel; icon; retro; monochrome,"hero pixel object, tint red/black or on red card; stencil/mask layer; white-canvas object ring",object-ring; white-canvas-parade; pixel-to-real; retro-window,medium,False,False,downloaded,"Derived: cairosvg render of px_sl_headphones_listener_001.svg, black on transparent.",True,True,attribution_required,8105,915ea645a120ece9f94b1ba2aac444a21853fb21e419f9bd52656db8a725ed0c,03_PIXEL_ART/px_sl_headphones_listener_001.svg,09_PREVIEWS/thumbs/A3bc27dd4.jpg,C,,,,
A2b04724c,03_PIXEL_ART/px_sl_headphones_listener_001.svg,03_PIXEL_ART,svg,,,"32px-grid chunky pixel icon: headphones on a listener (black, single color)",npm: @iconify-json/streamline-pixel (Streamline Pixel free icons),https://github.com/webalys-hq/streamline-vectors,"npm:@iconify-json/streamline-pixel@1.2.0 icons.json[""music-headphones-human""]",Streamline (streamlinehq.com),CC-BY-4.0,https://creativecommons.org/licenses/by/4.0/,True,"Pixel free icons by Streamline (https://www.streamlinehq.com), CC BY 4.0. Indicate if changes were made.",svg,640,640,,,True,headphones; listener; pixel; icon; retro; monochrome,"hero pixel object, tint red/black or on red card; stencil/mask layer; white-canvas object ring",object-ring; white-canvas-parade; pixel-to-real; retro-window,medium,False,False,downloaded,Extracted from Iconify JSON; fill set to #000000. Matching PNG render px_sl_headphones_listener_001.png (1024px).,True,True,attribution_required,1116,0bb46dbd5119cb6ef93cfefeeba5ce6a0893044c79ea945deeae5aee9a9d32c7,03_PIXEL_ART/px_sl_headphones_listener_001.png,09_PREVIEWS/thumbs/A2b04724c.jpg,C,,,,
A1f952eeb,03_PIXEL_ART/px_sl_heart_favorite_001.png,03_PIXEL_ART,pixel_art,,,"32px-grid chunky pixel icon: heart (black, single color) - 1024px PNG render",npm: @iconify-json/streamline-pixel (Streamline Pixel free icons),https://github.com/webalys-hq/streamline-vectors,"npm:@iconify-json/streamline-pixel@1.2.0 icons.json[""interface-essential-heart-favorite""]",Streamline (streamlinehq.com),CC-BY-4.0,https://creativecommons.org/licenses/by/4.0/,True,"Pixel free icons by Streamline (https://www.streamlinehq.com), CC BY 4.0. Indicate if changes were made.",png,1024,1024,,,True,heart; favorite; pixel; icon; retro; monochrome,"hero pixel object, tint red/black or on red card; stencil/mask layer; white-canvas object ring",object-ring; white-canvas-parade; pixel-to-real; retro-window,high,False,False,downloaded,"Derived: cairosvg render of px_sl_heart_favorite_001.svg, black on transparent.",True,True,attribution_required,7014,83f0c2aef7055063b146eddc950215718f29354cfacd8d192ad5ef466d5e963f,03_PIXEL_ART/px_sl_heart_favorite_001.svg,09_PREVIEWS/thumbs/A1f952eeb.jpg,C,,,,
A4fec431c,03_PIXEL_ART/px_sl_heart_favorite_001.svg,03_PIXEL_ART,svg,,,"32px-grid chunky pixel icon: heart (black, single color)",npm: @iconify-json/streamline-pixel (Streamline Pixel free icons),https://github.com/webalys-hq/streamline-vectors,"npm:@iconify-json/streamline-pixel@1.2.0 icons.json[""interface-essential-heart-favorite""]",Streamline (streamlinehq.com),CC-BY-4.0,https://creativecommons.org/licenses/by/4.0/,True,"Pixel free icons by Streamline (https://www.streamlinehq.com), CC BY 4.0. Indicate if changes were made.",svg,640,640,,,True,heart; favorite; pixel; icon; retro; monochrome,"hero pixel object, tint red/black or on red card; stencil/mask layer; white-canvas object ring",object-ring; white-canvas-parade; pixel-to-real; retro-window,high,False,False,downloaded,Extracted from Iconify JSON; fill set to #000000. Matching PNG render px_sl_heart_favorite_001.png (1024px).,True,True,attribution_required,871,550bf5ddf3188e7653fde1353bfa0e59234a52332e40ea97211c7ccd1d71175b,03_PIXEL_ART/px_sl_heart_favorite_001.png,09_PREVIEWS/thumbs/A4fec431c.jpg,C,,,,
A13e5ae22,03_PIXEL_ART/px_sl_mobile_phone_001.png,03_PIXEL_ART,pixel_art,,,"32px-grid chunky pixel icon: mobile phone (black, single color) - 1024px PNG render",npm: @iconify-json/streamline-pixel (Streamline Pixel free icons),https://github.com/webalys-hq/streamline-vectors,"npm:@iconify-json/streamline-pixel@1.2.0 icons.json[""mobile-phone""]",Streamline (streamlinehq.com),CC-BY-4.0,https://creativecommons.org/licenses/by/4.0/,True,"Pixel free icons by Streamline (https://www.streamlinehq.com), CC BY 4.0. Indicate if changes were made.",png,1024,1024,,,True,mobile; phone; pixel; icon; retro; monochrome,"hero pixel object, tint red/black or on red card; stencil/mask layer; white-canvas object ring",object-ring; white-canvas-parade; pixel-to-real; retro-window,medium,False,False,downloaded,"Derived: cairosvg render of px_sl_mobile_phone_001.svg, black on transparent.",True,True,attribution_required,7564,1137ada249cbf4a3155644d63d9443236c618701c1f72abe7a6e6bfc99fef3e4,03_PIXEL_ART/px_sl_mobile_phone_001.svg,09_PREVIEWS/thumbs/A13e5ae22.jpg,C,,,,
Af2820fa5,03_PIXEL_ART/px_sl_mobile_phone_001.svg,03_PIXEL_ART,svg,,,"32px-grid chunky pixel icon: mobile phone (black, single color)",npm: @iconify-json/streamline-pixel (Streamline Pixel free icons),https://github.com/webalys-hq/streamline-vectors,"npm:@iconify-json/streamline-pixel@1.2.0 icons.json[""mobile-phone""]",Streamline (streamlinehq.com),CC-BY-4.0,https://creativecommons.org/licenses/by/4.0/,True,"Pixel free icons by Streamline (https://www.streamlinehq.com), CC BY 4.0. Indicate if changes were made.",svg,640,640,,,True,mobile; phone; pixel; icon; retro; monochrome,"hero pixel object, tint red/black or on red card; stencil/mask layer; white-canvas object ring",object-ring; white-canvas-parade; pixel-to-real; retro-window,medium,False,False,downloaded,Extracted from Iconify JSON; fill set to #000000. Matching PNG render px_sl_mobile_phone_001.png (1024px).,True,True,attribution_required,695,60116d05af7e670d2ed4eeef6ce4624b41957f58978ecaae151a965d16539a42,03_PIXEL_ART/px_sl_mobile_phone_001.png,09_PREVIEWS/thumbs/Af2820fa5.jpg,C,,,,
A534051c0,03_PIXEL_ART/px_sl_money_bag_001.png,03_PIXEL_ART,pixel_art,,,"32px-grid chunky pixel icon: money bag (black, single color) - 1024px PNG render",npm: @iconify-json/streamline-pixel (Streamline Pixel free icons),https://github.com/webalys-hq/streamline-vectors,"npm:@iconify-json/streamline-pixel@1.2.0 icons.json[""business-products-bag-money""]",Streamline (streamlinehq.com),CC-BY-4.0,https://creativecommons.org/licenses/by/4.0/,True,"Pixel free icons by Streamline (https://www.streamlinehq.com), CC BY 4.0. Indicate if changes were made.",png,1024,1024,,,True,money; bag; pixel; icon; retro; monochrome,"hero pixel object, tint red/black or on red card; stencil/mask layer; white-canvas object ring",object-ring; white-canvas-parade; pixel-to-real; retro-window,medium,False,False,downloaded,"Derived: cairosvg render of px_sl_money_bag_001.svg, black on transparent.",True,True,attribution_required,8246,288ae804f5e3afb107827e91d8ec256d9baffb54bb6bcf58f6cf3b57358a771f,03_PIXEL_ART/px_sl_money_bag_001.svg,09_PREVIEWS/thumbs/A534051c0.jpg,C,,,,
A66b5f22d,03_PIXEL_ART/px_sl_money_bag_001.svg,03_PIXEL_ART,svg,,,"32px-grid chunky pixel icon: money bag (black, single color)",npm: @iconify-json/streamline-pixel (Streamline Pixel free icons),https://github.com/webalys-hq/streamline-vectors,"npm:@iconify-json/streamline-pixel@1.2.0 icons.json[""business-products-bag-money""]",Streamline (streamlinehq.com),CC-BY-4.0,https://creativecommons.org/licenses/by/4.0/,True,"Pixel free icons by Streamline (https://www.streamlinehq.com), CC BY 4.0. Indicate if changes were made.",svg,640,640,,,True,money; bag; pixel; icon; retro; monochrome,"hero pixel object, tint red/black or on red card; stencil/mask layer; white-canvas object ring",object-ring; white-canvas-parade; pixel-to-real; retro-window,medium,False,False,downloaded,Extracted from Iconify JSON; fill set to #000000. Matching PNG render px_sl_money_bag_001.png (1024px).,True,True,attribution_required,1230,51ac1c8312b4b501e4fd13f546cf24693fa2834cc72185ea3e0a494f026d986c,03_PIXEL_ART/px_sl_money_bag_001.png,09_PREVIEWS/thumbs/A66b5f22d.jpg,C,,,,
A6cc4eae1,03_PIXEL_ART/px_sl_moon_stars_001.png,03_PIXEL_ART,pixel_art,,,"32px-grid chunky pixel icon: crescent moon and stars (black, single color) - 1024px PNG render",npm: @iconify-json/streamline-pixel (Streamline Pixel free icons),https://github.com/webalys-hq/streamline-vectors,"npm:@iconify-json/streamline-pixel@1.2.0 icons.json[""weather-cresent-moon-stars""]",Streamline (streamlinehq.com),CC-BY-4.0,https://creativecommons.org/licenses/by/4.0/,True,"Pixel free icons by Streamline (https://www.streamlinehq.com), CC BY 4.0. Indicate if changes were made.",png,1024,1024,,,True,moon; stars; pixel; icon; retro; monochrome,"hero pixel object, tint red/black or on red card; stencil/mask layer; white-canvas object ring",object-ring; white-canvas-parade; pixel-to-real; retro-window,medium,False,False,downloaded,"Derived: cairosvg render of px_sl_moon_stars_001.svg, black on transparent.",True,True,attribution_required,7836,4717ebefcb8ed6d7e1a514682afec87d2ea7c3d602996d9cb7be360fa912c48c,03_PIXEL_ART/px_sl_moon_stars_001.svg,09_PREVIEWS/thumbs/A6cc4eae1.jpg,C,,,,
Afa6b7a8d,03_PIXEL_ART/px_sl_moon_stars_001.svg,03_PIXEL_ART,svg,,,"32px-grid chunky pixel icon: crescent moon and stars (black, single color)",npm: @iconify-json/streamline-pixel (Streamline Pixel free icons),https://github.com/webalys-hq/streamline-vectors,"npm:@iconify-json/streamline-pixel@1.2.0 icons.json[""weather-cresent-moon-stars""]",Streamline (streamlinehq.com),CC-BY-4.0,https://creativecommons.org/licenses/by/4.0/,True,"Pixel free icons by Streamline (https://www.streamlinehq.com), CC BY 4.0. Indicate if changes were made.",svg,640,640,,,True,moon; stars; pixel; icon; retro; monochrome,"hero pixel object, tint red/black or on red card; stencil/mask layer; white-canvas object ring",object-ring; white-canvas-parade; pixel-to-real; retro-window,medium,False,False,downloaded,Extracted from Iconify JSON; fill set to #000000. Matching PNG render px_sl_moon_stars_001.png (1024px).,True,True,attribution_required,950,79c0cd45ad5eea1494afe548cd4656ea7bb3038fb100cc6a9170b3ab425c04bf,03_PIXEL_ART/px_sl_moon_stars_001.png,09_PREVIEWS/thumbs/Afa6b7a8d.jpg,C,,,,
A28963221,03_PIXEL_ART/px_sl_open_book_001.png,03_PIXEL_ART,pixel_art,,,"32px-grid chunky pixel icon: open book (black, single color) - 1024px PNG render",npm: @iconify-json/streamline-pixel (Streamline Pixel free icons),https://github.com/webalys-hq/streamline-vectors,"npm:@iconify-json/streamline-pixel@1.2.0 icons.json[""content-files-open-book""]",Streamline (streamlinehq.com),CC-BY-4.0,https://creativecommons.org/licenses/by/4.0/,True,"Pixel free icons by Streamline (https://www.streamlinehq.com), CC BY 4.0. Indicate if changes were made.",png,1024,1024,,,True,open; book; pixel; icon; retro; monochrome,"hero pixel object, tint red/black or on red card; stencil/mask layer; white-canvas object ring",object-ring; white-canvas-parade; pixel-to-real; retro-window,high,False,False,downloaded,"Derived: cairosvg render of px_sl_open_book_001.svg, black on transparent.",True,True,attribution_required,7269,4e62924efc6efe8dc934dd6f3af2f82f197bd42a59d9ce39398f0ebea58c9110,03_PIXEL_ART/px_sl_open_book_001.svg,09_PREVIEWS/thumbs/A28963221.jpg,C,,,,
A625f0386,03_PIXEL_ART/px_sl_open_book_001.svg,03_PIXEL_ART,svg,,,"32px-grid chunky pixel icon: open book (black, single color)",npm: @iconify-json/streamline-pixel (Streamline Pixel free icons),https://github.com/webalys-hq/streamline-vectors,"npm:@iconify-json/streamline-pixel@1.2.0 icons.json[""content-files-open-book""]",Streamline (streamlinehq.com),CC-BY-4.0,https://creativecommons.org/licenses/by/4.0/,True,"Pixel free icons by Streamline (https://www.streamlinehq.com), CC BY 4.0. Indicate if changes were made.",svg,640,640,,,True,open; book; pixel; icon; retro; monochrome,"hero pixel object, tint red/black or on red card; stencil/mask layer; white-canvas object ring",object-ring; white-canvas-parade; pixel-to-real; retro-window,high,False,False,downloaded,Extracted from Iconify JSON; fill set to #000000. Matching PNG render px_sl_open_book_001.png (1024px).,True,True,attribution_required,936,5c656d7cfc998d66e9237c60ce956f5e79ff6d01ee7d3ea769088068d5f640d7,03_PIXEL_ART/px_sl_open_book_001.png,09_PREVIEWS/thumbs/A625f0386.jpg,C,,,,
Aab6bdd3e,03_PIXEL_ART/px_sl_plant_in_soil_001.png,03_PIXEL_ART,pixel_art,,,"32px-grid chunky pixel icon: plant growing in soil (black, single color) - 1024px PNG render",npm: @iconify-json/streamline-pixel (Streamline Pixel free icons),https://github.com/webalys-hq/streamline-vectors,"npm:@iconify-json/streamline-pixel@1.2.0 icons.json[""ecology-plant-growth-soil-nature""]",Streamline (streamlinehq.com),CC-BY-4.0,https://creativecommons.org/licenses/by/4.0/,True,"Pixel free icons by Streamline (https://www.streamlinehq.com), CC BY 4.0. Indicate if changes were made.",png,1024,1024,,,True,plant; in; soil; pixel; icon; retro; monochrome,"hero pixel object, tint red/black or on red card; stencil/mask layer; white-canvas object ring",object-ring; white-canvas-parade; pixel-to-real; retro-window,high,False,False,downloaded,"Derived: cairosvg render of px_sl_plant_in_soil_001.svg, black on transparent.",True,True,attribution_required,8443,8102751dd7ed2e66c0864460232a9189c74a26c09771829de6e5050d93d91bec,03_PIXEL_ART/px_sl_plant_in_soil_001.svg,09_PREVIEWS/thumbs/Aab6bdd3e.jpg,C,,,,
A1db0e107,03_PIXEL_ART/px_sl_plant_in_soil_001.svg,03_PIXEL_ART,svg,,,"32px-grid chunky pixel icon: plant growing in soil (black, single color)",npm: @iconify-json/streamline-pixel (Streamline Pixel free icons),https://github.com/webalys-hq/streamline-vectors,"npm:@iconify-json/streamline-pixel@1.2.0 icons.json[""ecology-plant-growth-soil-nature""]",Streamline (streamlinehq.com),CC-BY-4.0,https://creativecommons.org/licenses/by/4.0/,True,"Pixel free icons by Streamline (https://www.streamlinehq.com), CC BY 4.0. Indicate if changes were made.",svg,640,640,,,True,plant; in; soil; pixel; icon; retro; monochrome,"hero pixel object, tint red/black or on red card; stencil/mask layer; white-canvas object ring",object-ring; white-canvas-parade; pixel-to-real; retro-window,high,False,False,downloaded,Extracted from Iconify JSON; fill set to #000000. Matching PNG render px_sl_plant_in_soil_001.png (1024px).,True,True,attribution_required,1459,0daefcfd0b7670f7ce037a5dacb0aa9f30993d7dcd47c9ac8928b62cc9c65664,03_PIXEL_ART/px_sl_plant_in_soil_001.png,09_PREVIEWS/thumbs/A1db0e107.jpg,C,,,,
Afe76ab91,03_PIXEL_ART/px_sl_rating_star_001.png,03_PIXEL_ART,pixel_art,,,"32px-grid chunky pixel icon: star (black, single color) - 1024px PNG render",npm: @iconify-json/streamline-pixel (Streamline Pixel free icons),https://github.com/webalys-hq/streamline-vectors,"npm:@iconify-json/streamline-pixel@1.2.0 icons.json[""social-rewards-rating-star-1""]",Streamline (streamlinehq.com),CC-BY-4.0,https://creativecommons.org/licenses/by/4.0/,True,"Pixel free icons by Streamline (https://www.streamlinehq.com), CC BY 4.0. Indicate if changes were made.",png,1024,1024,,,True,rating; star; pixel; icon; retro; monochrome,"hero pixel object, tint red/black or on red card; stencil/mask layer; white-canvas object ring",object-ring; white-canvas-parade; pixel-to-real; retro-window,medium,False,False,downloaded,"Derived: cairosvg render of px_sl_rating_star_001.svg, black on transparent.",True,True,attribution_required,8013,4305a9d8e7252202ee4e21f982a3f178956ec408db02e1d6ea0fed6ba446e15b,03_PIXEL_ART/px_sl_rating_star_001.svg,09_PREVIEWS/thumbs/Afe76ab91.jpg,C,,,,
Ae5d3d052,03_PIXEL_ART/px_sl_rating_star_001.svg,03_PIXEL_ART,svg,,,"32px-grid chunky pixel icon: star (black, single color)",npm: @iconify-json/streamline-pixel (Streamline Pixel free icons),https://github.com/webalys-hq/streamline-vectors,"npm:@iconify-json/streamline-pixel@1.2.0 icons.json[""social-rewards-rating-star-1""]",Streamline (streamlinehq.com),CC-BY-4.0,https://creativecommons.org/licenses/by/4.0/,True,"Pixel free icons by Streamline (https://www.streamlinehq.com), CC BY 4.0. Indicate if changes were made.",svg,640,640,,,True,rating; star; pixel; icon; retro; monochrome,"hero pixel object, tint red/black or on red card; stencil/mask layer; white-canvas object ring",object-ring; white-canvas-parade; pixel-to-real; retro-window,medium,False,False,downloaded,Extracted from Iconify JSON; fill set to #000000. Matching PNG render px_sl_rating_star_001.png (1024px).,True,True,attribution_required,1177,3f57d5a98ebc11f979866d782ce22bc847fd43fa9b3ffc48734ba70d5ff8fa8c,03_PIXEL_ART/px_sl_rating_star_001.png,09_PREVIEWS/thumbs/Ae5d3d052.jpg,C,,,,
A09a7270a,03_PIXEL_ART/px_sl_record_player_001.png,03_PIXEL_ART,pixel_art,,,"32px-grid chunky pixel icon: record player turntable (black, single color) - 1024px PNG render",npm: @iconify-json/streamline-pixel (Streamline Pixel free icons),https://github.com/webalys-hq/streamline-vectors,"npm:@iconify-json/streamline-pixel@1.2.0 icons.json[""entertainment-events-hobbies-record-player""]",Streamline (streamlinehq.com),CC-BY-4.0,https://creativecommons.org/licenses/by/4.0/,True,"Pixel free icons by Streamline (https://www.streamlinehq.com), CC BY 4.0. Indicate if changes were made.",png,1024,1024,,,True,record; player; pixel; icon; retro; monochrome,"hero pixel object, tint red/black or on red card; stencil/mask layer; white-canvas object ring",object-ring; white-canvas-parade; pixel-to-real; retro-window,high,False,False,downloaded,"Derived: cairosvg render of px_sl_record_player_001.svg, black on transparent.",True,True,attribution_required,7879,77364e2c8693cbb474d8abb32b9942830d22d74c7b93cee1c449f3bafd95523f,03_PIXEL_ART/px_sl_record_player_001.svg,09_PREVIEWS/thumbs/A09a7270a.jpg,C,,,,
Ae0777af1,03_PIXEL_ART/px_sl_record_player_001.svg,03_PIXEL_ART,svg,,,"32px-grid chunky pixel icon: record player turntable (black, single color)",npm: @iconify-json/streamline-pixel (Streamline Pixel free icons),https://github.com/webalys-hq/streamline-vectors,"npm:@iconify-json/streamline-pixel@1.2.0 icons.json[""entertainment-events-hobbies-record-player""]",Streamline (streamlinehq.com),CC-BY-4.0,https://creativecommons.org/licenses/by/4.0/,True,"Pixel free icons by Streamline (https://www.streamlinehq.com), CC BY 4.0. Indicate if changes were made.",svg,640,640,,,True,record; player; pixel; icon; retro; monochrome,"hero pixel object, tint red/black or on red card; stencil/mask layer; white-canvas object ring",object-ring; white-canvas-parade; pixel-to-real; retro-window,high,False,False,downloaded,Extracted from Iconify JSON; fill set to #000000. Matching PNG render px_sl_record_player_001.png (1024px).,True,True,attribution_required,886,e609ebd4b98f2e1f59b84a622c051bf6c588897f5749db14dfe5467202015d10,03_PIXEL_ART/px_sl_record_player_001.png,09_PREVIEWS/thumbs/Ae0777af1.jpg,C,,,,
A18b0ceca,03_PIXEL_ART/px_sl_sprouting_plant_001.png,03_PIXEL_ART,pixel_art,,,"32px-grid chunky pixel icon: sprouting plant with heart (black, single color) - 1024px PNG render",npm: @iconify-json/streamline-pixel (Streamline Pixel free icons),https://github.com/webalys-hq/streamline-vectors,"npm:@iconify-json/streamline-pixel@1.2.0 icons.json[""ecology-growth-plant""]",Streamline (streamlinehq.com),CC-BY-4.0,https://creativecommons.org/licenses/by/4.0/,True,"Pixel free icons by Streamline (https://www.streamlinehq.com), CC BY 4.0. Indicate if changes were made.",png,1024,1024,,,True,sprouting; plant; pixel; icon; retro; monochrome,"hero pixel object, tint red/black or on red card; stencil/mask layer; white-canvas object ring",object-ring; white-canvas-parade; pixel-to-real; retro-window,high,False,False,downloaded,"Derived: cairosvg render of px_sl_sprouting_plant_001.svg, black on transparent.",True,True,attribution_required,8392,ebf3f2ebb1caf56450dd74c91740f8a41c12761ef6dc95e0884b0808f019e4e5,03_PIXEL_ART/px_sl_sprouting_plant_001.svg,09_PREVIEWS/thumbs/A18b0ceca.jpg,C,,,,
A863964b4,03_PIXEL_ART/px_sl_sprouting_plant_001.svg,03_PIXEL_ART,svg,,,"32px-grid chunky pixel icon: sprouting plant with heart (black, single color)",npm: @iconify-json/streamline-pixel (Streamline Pixel free icons),https://github.com/webalys-hq/streamline-vectors,"npm:@iconify-json/streamline-pixel@1.2.0 icons.json[""ecology-growth-plant""]",Streamline (streamlinehq.com),CC-BY-4.0,https://creativecommons.org/licenses/by/4.0/,True,"Pixel free icons by Streamline (https://www.streamlinehq.com), CC BY 4.0. Indicate if changes were made.",svg,640,640,,,True,sprouting; plant; pixel; icon; retro; monochrome,"hero pixel object, tint red/black or on red card; stencil/mask layer; white-canvas object ring",object-ring; white-canvas-parade; pixel-to-real; retro-window,high,False,False,downloaded,Extracted from Iconify JSON; fill set to #000000. Matching PNG render px_sl_sprouting_plant_001.png (1024px).,True,True,attribution_required,1293,1f1de24227d75001d54cd746847b07dfbdf9054ea76d1671669c24cf757a5a91,03_PIXEL_ART/px_sl_sprouting_plant_001.png,09_PREVIEWS/thumbs/A863964b4.jpg,C,,,,
Af1f7eedf,03_PIXEL_ART/px_sl_stacked_books_001.png,03_PIXEL_ART,pixel_art,,,"32px-grid chunky pixel icon: stack of books (black, single color) - 1024px PNG render",npm: @iconify-json/streamline-pixel (Streamline Pixel free icons),https://github.com/webalys-hq/streamline-vectors,"npm:@iconify-json/streamline-pixel@1.2.0 icons.json[""content-files-books-1""]",Streamline (streamlinehq.com),CC-BY-4.0,https://creativecommons.org/licenses/by/4.0/,True,"Pixel free icons by Streamline (https://www.streamlinehq.com), CC BY 4.0. Indicate if changes were made.",png,1024,1024,,,True,stacked; books; pixel; icon; retro; monochrome,"hero pixel object, tint red/black or on red card; stencil/mask layer; white-canvas object ring",object-ring; white-canvas-parade; pixel-to-real; retro-window,high,False,False,downloaded,"Derived: cairosvg render of px_sl_stacked_books_001.svg, black on transparent.",True,True,attribution_required,8473,cfac02da506a9871f4053634a30cef75ae348ebcd555cce48e47934b99517a3d,03_PIXEL_ART/px_sl_stacked_books_001.svg,09_PREVIEWS/thumbs/Af1f7eedf.jpg,C,,,,
Aa1b0b695,03_PIXEL_ART/px_sl_stacked_books_001.svg,03_PIXEL_ART,svg,,,"32px-grid chunky pixel icon: stack of books (black, single color)",npm: @iconify-json/streamline-pixel (Streamline Pixel free icons),https://github.com/webalys-hq/streamline-vectors,"npm:@iconify-json/streamline-pixel@1.2.0 icons.json[""content-files-books-1""]",Streamline (streamlinehq.com),CC-BY-4.0,https://creativecommons.org/licenses/by/4.0/,True,"Pixel free icons by Streamline (https://www.streamlinehq.com), CC BY 4.0. Indicate if changes were made.",svg,640,640,,,True,stacked; books; pixel; icon; retro; monochrome,"hero pixel object, tint red/black or on red card; stencil/mask layer; white-canvas object ring",object-ring; white-canvas-parade; pixel-to-real; retro-window,high,False,False,downloaded,Extracted from Iconify JSON; fill set to #000000. Matching PNG render px_sl_stacked_books_001.png (1024px).,True,True,attribution_required,1336,eb79b1f6c1515cf5c3e4268c12a95e47fa8cfb92b1e16af17e6961bd4f011e6c,03_PIXEL_ART/px_sl_stacked_books_001.png,09_PREVIEWS/thumbs/Aa1b0b695.jpg,C,,,,
A4e644a5d,03_PIXEL_ART/px_sl_stereo_radio_001.png,03_PIXEL_ART,pixel_art,,,"32px-grid chunky pixel icon: stereo radio (black, single color) - 1024px PNG render",npm: @iconify-json/streamline-pixel (Streamline Pixel free icons),https://github.com/webalys-hq/streamline-vectors,"npm:@iconify-json/streamline-pixel@1.2.0 icons.json[""music-radio-stereo""]",Streamline (streamlinehq.com),CC-BY-4.0,https://creativecommons.org/licenses/by/4.0/,True,"Pixel free icons by Streamline (https://www.streamlinehq.com), CC BY 4.0. Indicate if changes were made.",png,1024,1024,,,True,stereo; radio; pixel; icon; retro; monochrome,"hero pixel object, tint red/black or on red card; stencil/mask layer; white-canvas object ring",object-ring; white-canvas-parade; pixel-to-real; retro-window,medium,False,False,downloaded,"Derived: cairosvg render of px_sl_stereo_radio_001.svg, black on transparent.",True,True,attribution_required,8547,25cbe27a50c83d035533a816cd1b73c329c5a311093b436b5c99fbd2e769dffa,03_PIXEL_ART/px_sl_stereo_radio_001.svg,09_PREVIEWS/thumbs/A4e644a5d.jpg,C,,,,
Ad793274a,03_PIXEL_ART/px_sl_stereo_radio_001.svg,03_PIXEL_ART,svg,,,"32px-grid chunky pixel icon: stereo radio (black, single color)",npm: @iconify-json/streamline-pixel (Streamline Pixel free icons),https://github.com/webalys-hq/streamline-vectors,"npm:@iconify-json/streamline-pixel@1.2.0 icons.json[""music-radio-stereo""]",Streamline (streamlinehq.com),CC-BY-4.0,https://creativecommons.org/licenses/by/4.0/,True,"Pixel free icons by Streamline (https://www.streamlinehq.com), CC BY 4.0. Indicate if changes were made.",svg,640,640,,,True,stereo; radio; pixel; icon; retro; monochrome,"hero pixel object, tint red/black or on red card; stencil/mask layer; white-canvas object ring",object-ring; white-canvas-parade; pixel-to-real; retro-window,medium,False,False,downloaded,Extracted from Iconify JSON; fill set to #000000. Matching PNG render px_sl_stereo_radio_001.png (1024px).,True,True,attribution_required,1524,92439d59d3ce453140fc1a512c487f02b59ae68e66d5570d8fe86155449869b2,03_PIXEL_ART/px_sl_stereo_radio_001.png,09_PREVIEWS/thumbs/Ad793274a.jpg,C,,,,
A110fead1,03_PIXEL_ART/px_sl_vintage_tv_001.png,03_PIXEL_ART,pixel_art,,,"32px-grid chunky pixel icon: vintage rabbit-ear TV (black, single color) - 1024px PNG render",npm: @iconify-json/streamline-pixel (Streamline Pixel free icons),https://github.com/webalys-hq/streamline-vectors,"npm:@iconify-json/streamline-pixel@1.2.0 icons.json[""video-movies-vintage-tv-1""]",Streamline (streamlinehq.com),CC-BY-4.0,https://creativecommons.org/licenses/by/4.0/,True,"Pixel free icons by Streamline (https://www.streamlinehq.com), CC BY 4.0. Indicate if changes were made.",png,1024,1024,,,True,vintage; tv; pixel; icon; retro; monochrome,"hero pixel object, tint red/black or on red card; stencil/mask layer; white-canvas object ring",object-ring; white-canvas-parade; pixel-to-real; retro-window,high,False,False,downloaded,"Derived: cairosvg render of px_sl_vintage_tv_001.svg, black on transparent.",True,True,attribution_required,7490,f3f244dce0f89b9683f78390c9cac4d265ebd604bfbc7ca4b2eb811d3e3ffd55,03_PIXEL_ART/px_sl_vintage_tv_001.svg,09_PREVIEWS/thumbs/A110fead1.jpg,C,,,,
Acf8d9afd,03_PIXEL_ART/px_sl_vintage_tv_001.svg,03_PIXEL_ART,svg,,,"32px-grid chunky pixel icon: vintage rabbit-ear TV (black, single color)",npm: @iconify-json/streamline-pixel (Streamline Pixel free icons),https://github.com/webalys-hq/streamline-vectors,"npm:@iconify-json/streamline-pixel@1.2.0 icons.json[""video-movies-vintage-tv-1""]",Streamline (streamlinehq.com),CC-BY-4.0,https://creativecommons.org/licenses/by/4.0/,True,"Pixel free icons by Streamline (https://www.streamlinehq.com), CC BY 4.0. Indicate if changes were made.",svg,640,640,,,True,vintage; tv; pixel; icon; retro; monochrome,"hero pixel object, tint red/black or on red card; stencil/mask layer; white-canvas object ring",object-ring; white-canvas-parade; pixel-to-real; retro-window,high,False,False,downloaded,Extracted from Iconify JSON; fill set to #000000. Matching PNG render px_sl_vintage_tv_001.png (1024px).,True,True,attribution_required,955,b2eba063c3da617c732b442f803f8b97accbf2a2026f479bb4d005a452a637e7,03_PIXEL_ART/px_sl_vintage_tv_001.png,09_PREVIEWS/thumbs/Acf8d9afd.jpg,C,,,,
A67019fdd,03_PIXEL_ART/px_sl_vinyl_record_001.png,03_PIXEL_ART,pixel_art,,,"32px-grid chunky pixel icon: vinyl record (black, single color) - 1024px PNG render",npm: @iconify-json/streamline-pixel (Streamline Pixel free icons),https://github.com/webalys-hq/streamline-vectors,"npm:@iconify-json/streamline-pixel@1.2.0 icons.json[""music-vinyl-record""]",Streamline (streamlinehq.com),CC-BY-4.0,https://creativecommons.org/licenses/by/4.0/,True,"Pixel free icons by Streamline (https://www.streamlinehq.com), CC BY 4.0. Indicate if changes were made.",png,1024,1024,,,True,vinyl; record; pixel; icon; retro; monochrome,"hero pixel object, tint red/black or on red card; stencil/mask layer; white-canvas object ring",object-ring; white-canvas-parade; pixel-to-real; retro-window,high,False,False,downloaded,"Derived: cairosvg render of px_sl_vinyl_record_001.svg, black on transparent.",True,True,attribution_required,8530,1b6e7928062b9c775bbb25ce6be3240233078b1d77a09d27c742fac198ac2cf3,03_PIXEL_ART/px_gif_vinyl_spin_001.gif; 03_PIXEL_ART/px_sl_vinyl_record_001.svg,09_PREVIEWS/thumbs/A67019fdd.jpg,C,,,,
A3684ab2d,03_PIXEL_ART/px_sl_vinyl_record_001.svg,03_PIXEL_ART,svg,,,"32px-grid chunky pixel icon: vinyl record (black, single color)",npm: @iconify-json/streamline-pixel (Streamline Pixel free icons),https://github.com/webalys-hq/streamline-vectors,"npm:@iconify-json/streamline-pixel@1.2.0 icons.json[""music-vinyl-record""]",Streamline (streamlinehq.com),CC-BY-4.0,https://creativecommons.org/licenses/by/4.0/,True,"Pixel free icons by Streamline (https://www.streamlinehq.com), CC BY 4.0. Indicate if changes were made.",svg,640,640,,,True,vinyl; record; pixel; icon; retro; monochrome,"hero pixel object, tint red/black or on red card; stencil/mask layer; white-canvas object ring",object-ring; white-canvas-parade; pixel-to-real; retro-window,high,False,False,downloaded,Extracted from Iconify JSON; fill set to #000000. Matching PNG render px_sl_vinyl_record_001.png (1024px).,True,True,attribution_required,1183,1d43f51ef12d253e86441f081a0beb55f5f8f93d75e2419a038f09dc3bf1934c,03_PIXEL_ART/px_gif_vinyl_spin_001.gif; 03_PIXEL_ART/px_sl_vinyl_record_001.png,09_PREVIEWS/thumbs/A3684ab2d.jpg,C,,,,
A282117cc,03_PIXEL_ART/px_sl_walkman_cassette_001.png,03_PIXEL_ART,pixel_art,,,"32px-grid chunky pixel icon: walkman cassette player (black, single color) - 1024px PNG render",npm: @iconify-json/streamline-pixel (Streamline Pixel free icons),https://github.com/webalys-hq/streamline-vectors,"npm:@iconify-json/streamline-pixel@1.2.0 icons.json[""music-walkman-cassette""]",Streamline (streamlinehq.com),CC-BY-4.0,https://creativecommons.org/licenses/by/4.0/,True,"Pixel free icons by Streamline (https://www.streamlinehq.com), CC BY 4.0. Indicate if changes were made.",png,1024,1024,,,True,walkman; cassette; pixel; icon; retro; monochrome,"hero pixel object, tint red/black or on red card; stencil/mask layer; white-canvas object ring",object-ring; white-canvas-parade; pixel-to-real; retro-window,high,False,False,downloaded,"Derived: cairosvg render of px_sl_walkman_cassette_001.svg, black on transparent.",True,True,attribution_required,7112,1c51cd6bbc45ff92abdc547b3a15bd3c55a5bcd33d800d41d5b68045cc36bde0,03_PIXEL_ART/px_sl_walkman_cassette_001.svg,09_PREVIEWS/thumbs/A282117cc.jpg,C,,,,
Aaff0fa75,03_PIXEL_ART/px_sl_walkman_cassette_001.svg,03_PIXEL_ART,svg,,,"32px-grid chunky pixel icon: walkman cassette player (black, single color)",npm: @iconify-json/streamline-pixel (Streamline Pixel free icons),https://github.com/webalys-hq/streamline-vectors,"npm:@iconify-json/streamline-pixel@1.2.0 icons.json[""music-walkman-cassette""]",Streamline (streamlinehq.com),CC-BY-4.0,https://creativecommons.org/licenses/by/4.0/,True,"Pixel free icons by Streamline (https://www.streamlinehq.com), CC BY 4.0. Indicate if changes were made.",svg,640,640,,,True,walkman; cassette; pixel; icon; retro; monochrome,"hero pixel object, tint red/black or on red card; stencil/mask layer; white-canvas object ring",object-ring; white-canvas-parade; pixel-to-real; retro-window,high,False,False,downloaded,Extracted from Iconify JSON; fill set to #000000. Matching PNG render px_sl_walkman_cassette_001.png (1024px).,True,True,attribution_required,958,448407a15fc0433820cb2e51991f21f37b7e9a0ef2068e9a7b2edba7bbf4cb93,03_PIXEL_ART/px_sl_walkman_cassette_001.png,09_PREVIEWS/thumbs/Aaff0fa75.jpg,C,,,,
Ad50d3dd0,03_PIXEL_ART/px_sparkles_mono_001.png,03_PIXEL_ART,icon,,,Monochrome black 48px pixel sparkles icon,GitHub: hackernoon/pixel-icon-library,https://github.com/hackernoon/pixel-icon-library,https://raw.githubusercontent.com/hackernoon/pixel-icon-library/main/icons/PNG/for-light-mode/48px/solid/sparkles-solid.png,HackerNoon,CC-BY-4.0,https://creativecommons.org/licenses/by/4.0/,True,"Pixel Icon Library by HackerNoon (https://pixeliconlibrary.com), CC BY 4.0; indicate changes if modified.",png,48,48,,,True,sparkles; star; pixel; icon; mono,stencil/mask silhouette; tint with signal red; scribble backdrop icon,white-canvas-parade; paper-collage; retro-window,high,False,False,downloaded,Black on transparent; recolor freely (changes must be indicated). README says CC BY 4.0 for icons; repo LICENSE file (MIT) covers non-icon files.,True,True,attribution_required,287,ca235ad8a25c9807671688846323fcb6c07faa3648b7c17068edb561768d7d06,,09_PREVIEWS/thumbs/Ad50d3dd0.jpg,C,,,,
Abd7745f7,03_PIXEL_ART/px_speaker_horn_001.png,03_PIXEL_ART,pixel_art,,,32px pixel yellow speaker horn with waveform,GitHub: SerenityOS/serenity,https://github.com/SerenityOS/serenity/tree/master/Base/res/icons/32x32,https://raw.githubusercontent.com/SerenityOS/serenity/master/Base/res/icons/32x32/app-sound-player.png,SerenityOS developers,BSD-2-Clause,https://github.com/SerenityOS/serenity/blob/master/LICENSE,True,"Copyright (c) 2018-2026, the SerenityOS developers. BSD 2-Clause: retain copyright notice and license text in redistributions.",png,32,32,,,True,speaker; sound; audio; pixel; 32px; retro os; serenityos,hero pixel object on off-white canvas; orbiting object ring; retro-window popup,object-ring; retro-window; white-canvas-parade; pixel-to-real,medium,False,True,downloaded,"Original 32x32 sprite, transparent bg. Retro-OS style (Win9x/Mac-like shading).",True,True,attribution_required,557,b1d7076cef76350d88dcfb20800f26d1d78c8fb73032e3f15e2816dfe4cae6ec,,09_PREVIEWS/thumbs/Abd7745f7.jpg,C,,,,
A6d753121,03_PIXEL_ART/px_spider_001.png,03_PIXEL_ART,pixel_art,,,32px pixel black spider with red marking,GitHub: SerenityOS/serenity,https://github.com/SerenityOS/serenity/tree/master/Base/res/icons/32x32,https://raw.githubusercontent.com/SerenityOS/serenity/master/Base/res/icons/32x32/app-spider.png,SerenityOS developers,BSD-2-Clause,https://github.com/SerenityOS/serenity/blob/master/LICENSE,True,"Copyright (c) 2018-2026, the SerenityOS developers. BSD 2-Clause: retain copyright notice and license text in redistributions.",png,32,32,,,True,spider; bug; pixel; 32px; retro os; serenityos,hero pixel object on off-white canvas; orbiting object ring; retro-window popup,object-ring; retro-window; white-canvas-parade; pixel-to-real,medium,False,True,downloaded,"Original 32x32 sprite, transparent bg. Retro-OS style (Win9x/Mac-like shading).",True,True,attribution_required,410,014de87fe25835eac26e9a09099453b869ab30e4efe2ed89b3619537c7f83dd9,,09_PREVIEWS/thumbs/A6d753121.jpg,C,,,,
A61d9b106,03_PIXEL_ART/px_spiky_mine_001.png,03_PIXEL_ART,pixel_art,,,32px pixel black spiked mine,GitHub: SerenityOS/serenity,https://github.com/SerenityOS/serenity/tree/master/Base/res/icons/32x32,https://raw.githubusercontent.com/SerenityOS/serenity/master/Base/res/icons/32x32/app-minesweeper.png,SerenityOS developers,BSD-2-Clause,https://github.com/SerenityOS/serenity/blob/master/LICENSE,True,"Copyright (c) 2018-2026, the SerenityOS developers. BSD 2-Clause: retain copyright notice and license text in redistributions.",png,32,32,,,True,mine; bomb; game; pixel; 32px; retro os; serenityos,hero pixel object on off-white canvas; orbiting object ring; retro-window popup,object-ring; retro-window; white-canvas-parade; pixel-to-real,medium,False,True,downloaded,"Original 32x32 sprite, transparent bg. Retro-OS style (Win9x/Mac-like shading).",True,True,attribution_required,355,0d7cc4e6021fea622ddb0fe40f73b5635d76d701a54ae5ca69e14e7cb93332a7,,09_PREVIEWS/thumbs/A61d9b106.jpg,C,,,,
A3c661a3a,03_PIXEL_ART/px_starfield_monitor_001.png,03_PIXEL_ART,pixel_art,,,32px pixel CRT monitor showing starfield,GitHub: SerenityOS/serenity,https://github.com/SerenityOS/serenity/tree/master/Base/res/icons/32x32,https://raw.githubusercontent.com/SerenityOS/serenity/master/Base/res/icons/32x32/app-starfield.png,SerenityOS developers,BSD-2-Clause,https://github.com/SerenityOS/serenity/blob/master/LICENSE,True,"Copyright (c) 2018-2026, the SerenityOS developers. BSD 2-Clause: retain copyright notice and license text in redistributions.",png,32,32,,,True,monitor; crt; space; stars; pixel; 32px; retro os; serenityos,hero pixel object on off-white canvas; orbiting object ring; retro-window popup,object-ring; retro-window; white-canvas-parade; pixel-to-real,medium,False,True,downloaded,"Original 32x32 sprite, transparent bg. Retro-OS style (Win9x/Mac-like shading).",True,True,attribution_required,227,474cb91341853b7ec053b730a9a51b0bee8aa861eb81dfa8c590917671323dd2,,09_PREVIEWS/thumbs/A3c661a3a.jpg,C,,,,
Af1992ef3,03_PIXEL_ART/px_steak_001.png,03_PIXEL_ART,pixel_art,,,"Pixel cooked steak (detailed ~48px shaded sprite, transparent bg)",GitHub: doficia/project-cordon-sprites,https://github.com/doficia/project-cordon-sprites,https://raw.githubusercontent.com/doficia/project-cordon-sprites/master/sprites/consumables/cooked-meat.png,Project Cordon community (doficia and contributors),CC0-1.0,https://github.com/doficia/project-cordon-sprites/blob/master/LICENSE.md,False,,png,128,128,,,True,steak; pixel; sprite; item,hero pixel object on off-white canvas; object ring / orbit; scatter across canvas,object-ring; white-canvas-parade; paper-collage,medium,False,False,downloaded,"Original sprite, no edits. Richer shading than 32px sets.",True,True,,1330,23526a5fe3563cfdcde9ff05ef5f236f3f410c500ba65e58a434be23b6ad5c31,,09_PREVIEWS/thumbs/Af1992ef3.jpg,C,,,,
Acccec62f,03_PIXEL_ART/px_steering_wheel_001.png,03_PIXEL_ART,pixel_art,,,32px pixel black steering wheel,GitHub: tstamborski/pixelart-icons,https://github.com/tstamborski/pixelart-icons,https://raw.githubusercontent.com/tstamborski/pixelart-icons/main/png/wheel32.png,Tomasz Stamborski (tstamborski),CC0-1.0,https://github.com/tstamborski/pixelart-icons/blob/main/LICENSE,False,,png,32,32,,,True,wheel; car; drive; pixel; sprite; retro,hero pixel object on off-white canvas; orbiting object ring; scatter across paper canvas,object-ring; white-canvas-parade; pixel-to-real; paper-collage,medium,False,True,downloaded,"Original sprite, hand-drawn in Aseprite, transparent bg.",True,True,,299,2129b441da18f88b2e789d91841d036c9542ec690bb8d09c50d67c9d86c227a3,,09_PREVIEWS/thumbs/Acccec62f.jpg,C,,,,
A11473325,03_PIXEL_ART/px_storm_cloud_001.png,03_PIXEL_ART,pixel_art,,,32px pixel thunderstorm cloud with lightning,GitHub: tstamborski/pixelart-icons,https://github.com/tstamborski/pixelart-icons,https://raw.githubusercontent.com/tstamborski/pixelart-icons/main/png/stormy32.png,Tomasz Stamborski (tstamborski),CC0-1.0,https://github.com/tstamborski/pixelart-icons/blob/main/LICENSE,False,,png,32,32,,,True,storm; lightning; weather; pixel; sprite; retro,hero pixel object on off-white canvas; orbiting object ring; scatter across paper canvas,object-ring; white-canvas-parade; pixel-to-real; paper-collage,medium,False,True,downloaded,"Original sprite, hand-drawn in Aseprite, transparent bg.",True,True,,464,48d0f7d8c9a66b9083df73f985360089ddabb767c766da5b4dab12076cbb1dda,,09_PREVIEWS/thumbs/A11473325.jpg,C,,,,
Af728e6dc,03_PIXEL_ART/px_sun_001.png,03_PIXEL_ART,pixel_art,,,32px pixel yellow sun,GitHub: tstamborski/pixelart-icons,https://github.com/tstamborski/pixelart-icons,https://raw.githubusercontent.com/tstamborski/pixelart-icons/main/png/sunny32.png,Tomasz Stamborski (tstamborski),CC0-1.0,https://github.com/tstamborski/pixelart-icons/blob/main/LICENSE,False,,png,32,32,,,True,sun; weather; pixel; sprite; retro,hero pixel object on off-white canvas; orbiting object ring; scatter across paper canvas,object-ring; white-canvas-parade; pixel-to-real; paper-collage,medium,False,True,downloaded,"Original sprite, hand-drawn in Aseprite, transparent bg.",True,True,,279,a56c2840918c9d332b96c790ec043c020006d00095f554e3736009d0d71c7f8d,,09_PREVIEWS/thumbs/Af728e6dc.jpg,C,,,,
A131b889f,03_PIXEL_ART/px_sun_cloud_001.png,03_PIXEL_ART,pixel_art,,,32px pixel sun behind a cloud,GitHub: SerenityOS/serenity,https://github.com/SerenityOS/serenity/tree/master/Base/res/icons/32x32,https://raw.githubusercontent.com/SerenityOS/serenity/master/Base/res/icons/32x32/app-weather.png,SerenityOS developers,BSD-2-Clause,https://github.com/SerenityOS/serenity/blob/master/LICENSE,True,"Copyright (c) 2018-2026, the SerenityOS developers. BSD 2-Clause: retain copyright notice and license text in redistributions.",png,32,32,,,True,weather; sun; cloud; pixel; 32px; retro os; serenityos,hero pixel object on off-white canvas; orbiting object ring; retro-window popup,object-ring; retro-window; white-canvas-parade; pixel-to-real,medium,False,True,downloaded,"Original 32x32 sprite, transparent bg. Retro-OS style (Win9x/Mac-like shading).",True,True,attribution_required,1019,a1011813a5803e9f483939c965bf5334d2b560bff9b19f72afa5f5194b876669,,09_PREVIEWS/thumbs/A131b889f.jpg,C,,,,
Ab0c17c47,03_PIXEL_ART/px_sun_cloud_x8_001.png,03_PIXEL_ART,pixel_art,,,"32px pixel sun behind a cloud (800% nearest-neighbor upscale, 256px)",GitHub: SerenityOS/serenity,https://github.com/SerenityOS/serenity/tree/master/Base/res/icons/32x32,https://raw.githubusercontent.com/SerenityOS/serenity/master/Base/res/icons/32x32/app-weather.png,SerenityOS developers,BSD-2-Clause,https://github.com/SerenityOS/serenity/blob/master/LICENSE,True,"Copyright (c) 2018-2026, the SerenityOS developers. BSD 2-Clause: retain copyright notice and license text in redistributions.",png,256,256,,,True,weather; sun; cloud; pixel; 32px; retro os; serenityos,hero pixel object on off-white canvas; orbiting object ring; retro-window popup,object-ring; retro-window; white-canvas-parade; pixel-to-real,medium,False,False,downloaded,Derived from px_sun_cloud_001.png (original 32x32); hard-edged nearest-neighbor 8x upscale.,True,True,attribution_required,1832,8d5e387e4b5b19ca28141b7d7d726ea881c30a9916f21f1c8631f6d181979136,,09_PREVIEWS/thumbs/Ab0c17c47.jpg,C,,,,
A4d2be132,03_PIXEL_ART/px_thermometer_001.png,03_PIXEL_ART,pixel_art,,,32px pixel thermometer,GitHub: tstamborski/pixelart-icons,https://github.com/tstamborski/pixelart-icons,https://raw.githubusercontent.com/tstamborski/pixelart-icons/main/png/thermometer32.png,Tomasz Stamborski (tstamborski),CC0-1.0,https://github.com/tstamborski/pixelart-icons/blob/main/LICENSE,False,,png,32,32,,,True,thermometer; temperature; pixel; sprite; retro,hero pixel object on off-white canvas; orbiting object ring; scatter across paper canvas,object-ring; white-canvas-parade; pixel-to-real; paper-collage,low,False,True,downloaded,"Original sprite, hand-drawn in Aseprite, transparent bg.",True,True,,185,5d85779b1074eb2a41f51690c8461956b2d7df983f613adefa194455bf837b29,,09_PREVIEWS/thumbs/A4d2be132.jpg,C,,,,
A35d2d589,03_PIXEL_ART/px_tnt_crate_001.png,03_PIXEL_ART,pixel_art,,,32px pixel TNT crate,GitHub: tstamborski/pixelart-icons,https://github.com/tstamborski/pixelart-icons,https://raw.githubusercontent.com/tstamborski/pixelart-icons/main/png/tnt32.png,Tomasz Stamborski (tstamborski),CC0-1.0,https://github.com/tstamborski/pixelart-icons/blob/main/LICENSE,False,,png,32,32,,,True,tnt; explosive; box; pixel; sprite; retro,hero pixel object on off-white canvas; orbiting object ring; scatter across paper canvas,object-ring; white-canvas-parade; pixel-to-real; paper-collage,medium,False,True,downloaded,"Original sprite, hand-drawn in Aseprite, transparent bg.",True,True,,313,38c9e31932769c40954d3c125f5165e56254023ecc2847486d261a65de2ed2de,,09_PREVIEWS/thumbs/A35d2d589.jpg,C,,,,
A6f3c30bb,03_PIXEL_ART/px_traffic_light_001.png,03_PIXEL_ART,pixel_art,,,32px pixel traffic light,GitHub: tstamborski/pixelart-icons,https://github.com/tstamborski/pixelart-icons,https://raw.githubusercontent.com/tstamborski/pixelart-icons/main/png/traffic-lights32.png,Tomasz Stamborski (tstamborski),CC0-1.0,https://github.com/tstamborski/pixelart-icons/blob/main/LICENSE,False,,png,32,32,,,True,traffic; light; pixel; sprite; retro,hero pixel object on off-white canvas; orbiting object ring; scatter across paper canvas,object-ring; white-canvas-parade; pixel-to-real; paper-collage,low,False,True,downloaded,"Original sprite, hand-drawn in Aseprite, transparent bg.",True,True,,338,022136ff4587b866de8eb55d54757ee538dfeabf9002c3b5cd1b31bac34684ef,,09_PREVIEWS/thumbs/A6f3c30bb.jpg,C,,,,
Aa446c9fd,03_PIXEL_ART/px_usb_stick_001.png,03_PIXEL_ART,pixel_art,,,32px pixel orange USB flash drive,GitHub: tstamborski/pixelart-icons,https://github.com/tstamborski/pixelart-icons,https://raw.githubusercontent.com/tstamborski/pixelart-icons/main/png/pendrive32.png,Tomasz Stamborski (tstamborski),CC0-1.0,https://github.com/tstamborski/pixelart-icons/blob/main/LICENSE,False,,png,32,32,,,True,usb; drive; pixel; sprite; retro,hero pixel object on off-white canvas; orbiting object ring; scatter across paper canvas,object-ring; white-canvas-parade; pixel-to-real; paper-collage,medium,False,True,downloaded,"Original sprite, hand-drawn in Aseprite, transparent bg.",True,True,,474,383d2a8ef4f4e74bab514d7887fd2b82733e4e6314e0efa414fc1d8babee1f0e,,09_PREVIEWS/thumbs/Aa446c9fd.jpg,C,,,,
A11f98972,03_PIXEL_ART/px_video_camera_mono_001.png,03_PIXEL_ART,icon,,,Monochrome black 48px pixel video camera icon,GitHub: hackernoon/pixel-icon-library,https://github.com/hackernoon/pixel-icon-library,https://raw.githubusercontent.com/hackernoon/pixel-icon-library/main/icons/PNG/for-light-mode/48px/solid/video-camera-solid.png,HackerNoon,CC-BY-4.0,https://creativecommons.org/licenses/by/4.0/,True,"Pixel Icon Library by HackerNoon (https://pixeliconlibrary.com), CC BY 4.0; indicate changes if modified.",png,48,48,,,True,video; camera; pixel; icon; mono,stencil/mask silhouette; tint with signal red; scribble backdrop icon,white-canvas-parade; paper-collage; retro-window,medium,False,False,downloaded,Black on transparent; recolor freely (changes must be indicated). README says CC BY 4.0 for icons; repo LICENSE file (MIT) covers non-icon files.,True,True,attribution_required,264,9905218a840af812a4a25289d3d6012a6d21c5e2f104f0de7796ad2b708c6769,,09_PREVIEWS/thumbs/A11f98972.jpg,C,,,,
Ac948317a,03_PIXEL_ART/px_water_bottle_001.png,03_PIXEL_ART,pixel_art,,,"Pixel water bottle (detailed ~48px shaded sprite, transparent bg)",GitHub: doficia/project-cordon-sprites,https://github.com/doficia/project-cordon-sprites,https://raw.githubusercontent.com/doficia/project-cordon-sprites/master/sprites/consumables/water-bottle.png,Project Cordon community (doficia and contributors),CC0-1.0,https://github.com/doficia/project-cordon-sprites/blob/master/LICENSE.md,False,,png,128,128,,,True,water; bottle; pixel; sprite; item,hero pixel object on off-white canvas; object ring / orbit; scatter across canvas,object-ring; white-canvas-parade; paper-collage,low,False,False,downloaded,"Original sprite, no edits. Richer shading than 32px sets.",True,True,,16731,d24fe2d758e0bcaed520b298aa1008b9fe8f26b3c42dfc2216d3793b8397190a,,09_PREVIEWS/thumbs/Ac948317a.jpg,C,,,,
A741e39ed,03_PIXEL_ART/px_wheat_001.png,03_PIXEL_ART,pixel_art,,,"Pixel wheat bundle (detailed ~48px shaded sprite, transparent bg)",GitHub: doficia/project-cordon-sprites,https://github.com/doficia/project-cordon-sprites,https://raw.githubusercontent.com/doficia/project-cordon-sprites/master/sprites/consumables/wheat.png,Project Cordon community (doficia and contributors),CC0-1.0,https://github.com/doficia/project-cordon-sprites/blob/master/LICENSE.md,False,,png,128,128,,,True,wheat; pixel; sprite; item,hero pixel object on off-white canvas; object ring / orbit; scatter across canvas,object-ring; white-canvas-parade; paper-collage,low,False,False,downloaded,"Original sprite, no edits. Richer shading than 32px sets.",True,True,,3645,c9feac828a27fa1db5da043d199c29f96b63bc9b75523bb8d504cf0db02554b9,,09_PREVIEWS/thumbs/A741e39ed.jpg,C,,,,
A4ef5ecd0,03_PIXEL_ART/px_white_eyes_001.png,03_PIXEL_ART,pixel_art,,,32px pixel pair of white eyes,GitHub: tstamborski/pixelart-icons,https://github.com/tstamborski/pixelart-icons,https://raw.githubusercontent.com/tstamborski/pixelart-icons/main/png/eyes32.png,Tomasz Stamborski (tstamborski),CC0-1.0,https://github.com/tstamborski/pixelart-icons/blob/main/LICENSE,False,,png,32,32,,,True,eyes; look; pixel; sprite; retro,hero pixel object on off-white canvas; orbiting object ring; scatter across paper canvas,object-ring; white-canvas-parade; pixel-to-real; paper-collage,medium,False,True,downloaded,"Original sprite, hand-drawn in Aseprite, transparent bg.",True,True,,239,867eca98e2ff351c8b9545947eeccfa1594dae9b49ffcd95f396e847cff8c101,,09_PREVIEWS/thumbs/A4ef5ecd0.jpg,C,,,,
A365753e5,03_PIXEL_ART/px_wine_bottle_glass_001.png,03_PIXEL_ART,pixel_art,,,32px pixel green wine bottle and glass,GitHub: tstamborski/pixelart-icons,https://github.com/tstamborski/pixelart-icons,https://raw.githubusercontent.com/tstamborski/pixelart-icons/main/png/wine32.png,Tomasz Stamborski (tstamborski),CC0-1.0,https://github.com/tstamborski/pixelart-icons/blob/main/LICENSE,False,,png,32,32,,,True,wine; drink; pixel; sprite; retro,hero pixel object on off-white canvas; orbiting object ring; scatter across paper canvas,object-ring; white-canvas-parade; pixel-to-real; paper-collage,medium,False,True,downloaded,"Original sprite, hand-drawn in Aseprite, transparent bg.",True,True,,366,962980a8a4c8cb31951b6e227add470f8480638481eb5b218d0e8c8dfff1d4f7,,09_PREVIEWS/thumbs/A365753e5.jpg,C,,,,
A7cdb1a23,03_PIXEL_ART/px_wood_log_001.png,03_PIXEL_ART,pixel_art,,,"Pixel wood log (detailed ~48px shaded sprite, transparent bg)",GitHub: doficia/project-cordon-sprites,https://github.com/doficia/project-cordon-sprites,https://raw.githubusercontent.com/doficia/project-cordon-sprites/master/sprites/materials/log.png,Project Cordon community (doficia and contributors),CC0-1.0,https://github.com/doficia/project-cordon-sprites/blob/master/LICENSE.md,False,,png,128,128,,,True,wood; log; pixel; sprite; item,hero pixel object on off-white canvas; object ring / orbit; scatter across canvas,object-ring; white-canvas-parade; paper-collage,low,False,False,downloaded,"Original sprite, no edits. Richer shading than 32px sets.",True,True,,760,967a6840925eef65976a5c52d3683f2188b7e097bd12fd7276e9f13fd45dc861,,09_PREVIEWS/thumbs/A7cdb1a23.jpg,C,,,,
A4547232a,03_PIXEL_ART/px_yellow_hard_hat_001.png,03_PIXEL_ART,pixel_art,,,"Pixel yellow hard hat (detailed ~48px shaded sprite, transparent bg)",GitHub: doficia/project-cordon-sprites,https://github.com/doficia/project-cordon-sprites,https://raw.githubusercontent.com/doficia/project-cordon-sprites/master/sprites/armors/hard-hat.png,Project Cordon community (doficia and contributors),CC0-1.0,https://github.com/doficia/project-cordon-sprites/blob/master/LICENSE.md,False,,png,128,128,,,True,yellow; hard; hat; pixel; sprite; item,hero pixel object on off-white canvas; object ring / orbit; scatter across canvas,object-ring; white-canvas-parade; paper-collage,medium,False,False,downloaded,"Original sprite, no edits. Richer shading than 32px sets.",True,True,,1230,8a878dd0d5f5313969fc510324023153fae24a8481d7cbd876accba80bd0f77e,,09_PREVIEWS/thumbs/A4547232a.jpg,C,,,,
A84041f01,03_PIXEL_ART/px_yellow_star_001.png,03_PIXEL_ART,pixel_art,,,32px pixel yellow 5-point star,GitHub: tstamborski/pixelart-icons,https://github.com/tstamborski/pixelart-icons,https://raw.githubusercontent.com/tstamborski/pixelart-icons/main/png/star-yellow32.png,Tomasz Stamborski (tstamborski),CC0-1.0,https://github.com/tstamborski/pixelart-icons/blob/main/LICENSE,False,,png,32,32,,,True,star; yellow; pixel; sprite; retro,hero pixel object on off-white canvas; orbiting object ring; scatter across paper canvas,object-ring; white-canvas-parade; pixel-to-real; paper-collage,high,False,True,downloaded,"Original sprite, hand-drawn in Aseprite, transparent bg.",True,True,,279,57f9e90f2d334293bd77127b66fbe6dec69ab2bcb9d0e0b84f09b51571e498f2,03_PIXEL_ART/px_yellow_star_x8_001.png,09_PREVIEWS/thumbs/A84041f01.jpg,C,,,,
A6681b9c8,03_PIXEL_ART/px_yellow_star_x8_001.png,03_PIXEL_ART,pixel_art,,,32px pixel yellow 5-point star (800% nearest-neighbor upscale),GitHub: tstamborski/pixelart-icons,https://github.com/tstamborski/pixelart-icons,https://raw.githubusercontent.com/tstamborski/pixelart-icons/main/png/star-yellow32.png,Tomasz Stamborski (tstamborski),CC0-1.0,https://github.com/tstamborski/pixelart-icons/blob/main/LICENSE,False,,png,256,256,,,True,star; yellow; pixel; sprite; retro,hero pixel object on off-white canvas; orbiting object ring; scatter across paper canvas,object-ring; white-canvas-parade; pixel-to-real; paper-collage,high,False,False,downloaded,Derived from px_yellow_star_001.png (original sprite); hard-edged nearest-neighbor 8x upscale.,True,True,,354,eec0b6bf2312ee5697f01a86c7c58ba3075abf60312de49e61e02e73562ea904,03_PIXEL_ART/px_yellow_star_001.png,09_PREVIEWS/thumbs/A6681b9c8.jpg,C,,,,
A9ef20a69,04_ILLUSTRATIONS/il_fluent3d_alien_monster_001.png,04_ILLUSTRATIONS,3d_object,,,"Glossy colorful 3D ""alien monster"" emoji object, 256px, transparent background",GitHub: microsoft/fluentui-emoji,https://github.com/microsoft/fluentui-emoji/tree/main/assets/Alien%20monster,https://raw.githubusercontent.com/microsoft/fluentui-emoji/main/assets/Alien%20monster/3D/alien_monster_3d.png,Microsoft Corporation,MIT,https://github.com/microsoft/fluentui-emoji/blob/main/LICENSE,False,,png,256,256,,,True,alien monster; 3d; emoji; object; fluent,floating object among pixel sprites; pixel-to-3D match-cut; scattered on white canvas,pixel-to-real; object-ring; white-canvas-parade; paper-collage,medium,False,True,downloaded,MIT license: keep copyright notice with distribution (Copyright (c) Microsoft Corporation). 256x256 PNG.,True,True,low_res,29492,b4c7568f82af02448cc9be488732e46a35417dc8954455983d72f05d568e9452,,09_PREVIEWS/thumbs/A9ef20a69.jpg,C,,,,
A5f55b2b5,04_ILLUSTRATIONS/il_fluent3d_billed_cap_001.png,04_ILLUSTRATIONS,3d_object,,,"Glossy colorful 3D ""billed cap"" emoji object, 256px, transparent background",GitHub: microsoft/fluentui-emoji,https://github.com/microsoft/fluentui-emoji/tree/main/assets/Billed%20cap,https://raw.githubusercontent.com/microsoft/fluentui-emoji/main/assets/Billed%20cap/3D/billed_cap_3d.png,Microsoft Corporation,MIT,https://github.com/microsoft/fluentui-emoji/blob/main/LICENSE,False,,png,256,256,,,True,billed cap; 3d; emoji; object; fluent,floating object among pixel sprites; pixel-to-3D match-cut; scattered on white canvas,pixel-to-real; object-ring; white-canvas-parade; paper-collage,high,False,True,downloaded,MIT license: keep copyright notice with distribution (Copyright (c) Microsoft Corporation). 256x256 PNG.,True,True,low_res,22608,c0bca67c099cd4199af0eeeebfae76721d96f84353b0020e9cd76438d6f69909,,09_PREVIEWS/thumbs/A5f55b2b5.jpg,C,,,,
A2e3fbe5f,04_ILLUSTRATIONS/il_fluent3d_books_001.png,04_ILLUSTRATIONS,3d_object,,,"Glossy colorful 3D ""books"" emoji object, 256px, transparent background",GitHub: microsoft/fluentui-emoji,https://github.com/microsoft/fluentui-emoji/tree/main/assets/Books,https://raw.githubusercontent.com/microsoft/fluentui-emoji/main/assets/Books/3D/books_3d.png,Microsoft Corporation,MIT,https://github.com/microsoft/fluentui-emoji/blob/main/LICENSE,False,,png,256,256,,,True,books; 3d; emoji; object; fluent,floating object among pixel sprites; pixel-to-3D match-cut; scattered on white canvas,pixel-to-real; object-ring; white-canvas-parade; paper-collage,high,False,True,downloaded,MIT license: keep copyright notice with distribution (Copyright (c) Microsoft Corporation). 256x256 PNG.,True,True,low_res,26332,36f75eaa1e1a849fc950f43962b447c206d96244858468240a6a81beaa97f7be,,09_PREVIEWS/thumbs/A2e3fbe5f.jpg,C,,,,
A1c1def73,04_ILLUSTRATIONS/il_fluent3d_cactus_001.png,04_ILLUSTRATIONS,3d_object,,,"Glossy colorful 3D ""cactus"" emoji object, 256px, transparent background",GitHub: microsoft/fluentui-emoji,https://github.com/microsoft/fluentui-emoji/tree/main/assets/Cactus,https://raw.githubusercontent.com/microsoft/fluentui-emoji/main/assets/Cactus/3D/cactus_3d.png,Microsoft Corporation,MIT,https://github.com/microsoft/fluentui-emoji/blob/main/LICENSE,False,,png,256,256,,,True,cactus; 3d; emoji; object; fluent,floating object among pixel sprites; pixel-to-3D match-cut; scattered on white canvas,pixel-to-real; object-ring; white-canvas-parade; paper-collage,medium,False,True,downloaded,MIT license: keep copyright notice with distribution (Copyright (c) Microsoft Corporation). 256x256 PNG.,True,True,low_res,38825,29b605a5fe3559f5830192a5d73df0685f7b3961c49a2df1150880444f99f436,,09_PREVIEWS/thumbs/A1c1def73.jpg,C,,,,
A40b65b8a,04_ILLUSTRATIONS/il_fluent3d_camera_001.png,04_ILLUSTRATIONS,3d_object,,,"Glossy colorful 3D ""camera"" emoji object, 256px, transparent background",GitHub: microsoft/fluentui-emoji,https://github.com/microsoft/fluentui-emoji/tree/main/assets/Camera,https://raw.githubusercontent.com/microsoft/fluentui-emoji/main/assets/Camera/3D/camera_3d.png,Microsoft Corporation,MIT,https://github.com/microsoft/fluentui-emoji/blob/main/LICENSE,False,,png,256,256,,,True,camera; 3d; emoji; object; fluent,floating object among pixel sprites; pixel-to-3D match-cut; scattered on white canvas,pixel-to-real; object-ring; white-canvas-parade; paper-collage,high,False,True,downloaded,MIT license: keep copyright notice with distribution (Copyright (c) Microsoft Corporation). 256x256 PNG.,True,True,low_res,35211,1b16f78a3feb212e66c0263b81d651347d702383e4a23f6e0211f83c79d3c7e3,,09_PREVIEWS/thumbs/A40b65b8a.jpg,C,,,,
A47ef948f,04_ILLUSTRATIONS/il_fluent3d_camera_with_flash_001.png,04_ILLUSTRATIONS,3d_object,,,"Glossy colorful 3D ""camera with flash"" emoji object, 256px, transparent background",GitHub: microsoft/fluentui-emoji,https://github.com/microsoft/fluentui-emoji/tree/main/assets/Camera%20with%20flash,https://raw.githubusercontent.com/microsoft/fluentui-emoji/main/assets/Camera%20with%20flash/3D/camera_with_flash_3d.png,Microsoft Corporation,MIT,https://github.com/microsoft/fluentui-emoji/blob/main/LICENSE,False,,png,256,256,,,True,camera with flash; 3d; emoji; object; fluent,floating object among pixel sprites; pixel-to-3D match-cut; scattered on white canvas,pixel-to-real; object-ring; white-canvas-parade; paper-collage,medium,False,True,downloaded,MIT license: keep copyright notice with distribution (Copyright (c) Microsoft Corporation). 256x256 PNG.,True,True,low_res,40783,fabe124e007add8f59f1312760b0f634deafe039e81a640f91e9dba3582d7a80,,09_PREVIEWS/thumbs/A47ef948f.jpg,C,,,,
A268fb973,04_ILLUSTRATIONS/il_fluent3d_cat_001.png,04_ILLUSTRATIONS,3d_object,,,"Glossy colorful 3D ""cat"" emoji object, 256px, transparent background",GitHub: microsoft/fluentui-emoji,https://github.com/microsoft/fluentui-emoji/tree/main/assets/Cat,https://raw.githubusercontent.com/microsoft/fluentui-emoji/main/assets/Cat/3D/cat_3d.png,Microsoft Corporation,MIT,https://github.com/microsoft/fluentui-emoji/blob/main/LICENSE,False,,png,256,256,,,True,cat; 3d; emoji; object; fluent,floating object among pixel sprites; pixel-to-3D match-cut; scattered on white canvas,pixel-to-real; object-ring; white-canvas-parade; paper-collage,high,False,True,downloaded,MIT license: keep copyright notice with distribution (Copyright (c) Microsoft Corporation). 256x256 PNG.,True,True,low_res,33603,5d3fcbbfb0be45d9be0ade47fe4eb1b97d33130fe67d46a8db697e434f13289b,,09_PREVIEWS/thumbs/A268fb973.jpg,C,,,,
Af75815b8,04_ILLUSTRATIONS/il_fluent3d_cherries_001.png,04_ILLUSTRATIONS,3d_object,,,"Glossy colorful 3D ""cherries"" emoji object, 256px, transparent background",GitHub: microsoft/fluentui-emoji,https://github.com/microsoft/fluentui-emoji/tree/main/assets/Cherries,https://raw.githubusercontent.com/microsoft/fluentui-emoji/main/assets/Cherries/3D/cherries_3d.png,Microsoft Corporation,MIT,https://github.com/microsoft/fluentui-emoji/blob/main/LICENSE,False,,png,256,256,,,True,cherries; 3d; emoji; object; fluent,floating object among pixel sprites; pixel-to-3D match-cut; scattered on white canvas,pixel-to-real; object-ring; white-canvas-parade; paper-collage,medium,False,True,downloaded,MIT license: keep copyright notice with distribution (Copyright (c) Microsoft Corporation). 256x256 PNG.,True,True,low_res,35858,3ebbdc0c13ab42cdf9b5ed27f444b17e92a01b08eac76a4c893c2210e86bca73,,09_PREVIEWS/thumbs/Af75815b8.jpg,C,,,,
Ab0cf13b6,04_ILLUSTRATIONS/il_fluent3d_clapper_board_001.png,04_ILLUSTRATIONS,3d_object,,,"Glossy colorful 3D ""clapper board"" emoji object, 256px, transparent background",GitHub: microsoft/fluentui-emoji,https://github.com/microsoft/fluentui-emoji/tree/main/assets/Clapper%20board,https://raw.githubusercontent.com/microsoft/fluentui-emoji/main/assets/Clapper%20board/3D/clapper_board_3d.png,Microsoft Corporation,MIT,https://github.com/microsoft/fluentui-emoji/blob/main/LICENSE,False,,png,256,256,,,True,clapper board; 3d; emoji; object; fluent,floating object among pixel sprites; pixel-to-3D match-cut; scattered on white canvas,pixel-to-real; object-ring; white-canvas-parade; paper-collage,high,False,True,downloaded,MIT license: keep copyright notice with distribution (Copyright (c) Microsoft Corporation). 256x256 PNG.,True,True,low_res,29193,1a6e2d6681865c8834b29576398f82045b170177e4e745d7bce210e80cc98561,,09_PREVIEWS/thumbs/Ab0cf13b6.jpg,C,,,,
Aa2b3f835,04_ILLUSTRATIONS/il_fluent3d_closed_book_001.png,04_ILLUSTRATIONS,3d_object,,,"Glossy colorful 3D ""closed book"" emoji object, 256px, transparent background",GitHub: microsoft/fluentui-emoji,https://github.com/microsoft/fluentui-emoji/tree/main/assets/Closed%20book,https://raw.githubusercontent.com/microsoft/fluentui-emoji/main/assets/Closed%20book/3D/closed_book_3d.png,Microsoft Corporation,MIT,https://github.com/microsoft/fluentui-emoji/blob/main/LICENSE,False,,png,256,256,,,True,closed book; 3d; emoji; object; fluent,floating object among pixel sprites; pixel-to-3D match-cut; scattered on white canvas,pixel-to-real; object-ring; white-canvas-parade; paper-collage,high,False,True,downloaded,MIT license: keep copyright notice with distribution (Copyright (c) Microsoft Corporation). 256x256 PNG.,True,True,low_res,18160,77ceecd9e23d277c145b70465287bb9cd9e119cb1352d53bfb10ed3e9fdcaf70,,09_PREVIEWS/thumbs/Aa2b3f835.jpg,C,,,,
A3c5cd31c,04_ILLUSTRATIONS/il_fluent3d_coin_001.png,04_ILLUSTRATIONS,3d_object,,,"Glossy colorful 3D ""coin"" emoji object, 256px, transparent background",GitHub: microsoft/fluentui-emoji,https://github.com/microsoft/fluentui-emoji/tree/main/assets/Coin,https://raw.githubusercontent.com/microsoft/fluentui-emoji/main/assets/Coin/3D/coin_3d.png,Microsoft Corporation,MIT,https://github.com/microsoft/fluentui-emoji/blob/main/LICENSE,False,,png,256,256,,,True,coin; 3d; emoji; object; fluent,floating object among pixel sprites; pixel-to-3D match-cut; scattered on white canvas,pixel-to-real; object-ring; white-canvas-parade; paper-collage,high,False,True,downloaded,MIT license: keep copyright notice with distribution (Copyright (c) Microsoft Corporation). 256x256 PNG.,True,True,low_res,35502,17e2a0c226342fe2cdd2612c56f5dd188870d1435076f47600313c04876f843b,,09_PREVIEWS/thumbs/A3c5cd31c.jpg,C,,,,
Af485204c,04_ILLUSTRATIONS/il_fluent3d_comet_001.png,04_ILLUSTRATIONS,3d_object,,,"Glossy colorful 3D ""comet"" emoji object, 256px, transparent background",GitHub: microsoft/fluentui-emoji,https://github.com/microsoft/fluentui-emoji/tree/main/assets/Comet,https://raw.githubusercontent.com/microsoft/fluentui-emoji/main/assets/Comet/3D/comet_3d.png,Microsoft Corporation,MIT,https://github.com/microsoft/fluentui-emoji/blob/main/LICENSE,False,,png,256,256,,,True,comet; 3d; emoji; object; fluent,floating object among pixel sprites; pixel-to-3D match-cut; scattered on white canvas,pixel-to-real; object-ring; white-canvas-parade; paper-collage,medium,False,True,downloaded,MIT license: keep copyright notice with distribution (Copyright (c) Microsoft Corporation). 256x256 PNG.,True,True,low_res,27472,542b2bcedfb07790ff373155f2655304fe72daa8cf92f7cb18f3a8210f51969d,,09_PREVIEWS/thumbs/Af485204c.jpg,C,,,,
A158661f9,04_ILLUSTRATIONS/il_fluent3d_crown_001.png,04_ILLUSTRATIONS,3d_object,,,"Glossy colorful 3D ""crown"" emoji object, 256px, transparent background",GitHub: microsoft/fluentui-emoji,https://github.com/microsoft/fluentui-emoji/tree/main/assets/Crown,https://raw.githubusercontent.com/microsoft/fluentui-emoji/main/assets/Crown/3D/crown_3d.png,Microsoft Corporation,MIT,https://github.com/microsoft/fluentui-emoji/blob/main/LICENSE,False,,png,256,256,,,True,crown; 3d; emoji; object; fluent,floating object among pixel sprites; pixel-to-3D match-cut; scattered on white canvas,pixel-to-real; object-ring; white-canvas-parade; paper-collage,medium,False,True,downloaded,MIT license: keep copyright notice with distribution (Copyright (c) Microsoft Corporation). 256x256 PNG.,True,True,low_res,32050,817095bb1423468afa155317ba04ca333957d51757a8d3326856ee8707c0edd6,,09_PREVIEWS/thumbs/A158661f9.jpg,C,,,,
A03644701,04_ILLUSTRATIONS/il_fluent3d_crystal_ball_001.png,04_ILLUSTRATIONS,3d_object,,,"Glossy colorful 3D ""crystal ball"" emoji object, 256px, transparent background",GitHub: microsoft/fluentui-emoji,https://github.com/microsoft/fluentui-emoji/tree/main/assets/Crystal%20ball,https://raw.githubusercontent.com/microsoft/fluentui-emoji/main/assets/Crystal%20ball/3D/crystal_ball_3d.png,Microsoft Corporation,MIT,https://github.com/microsoft/fluentui-emoji/blob/main/LICENSE,False,,png,256,256,,,True,crystal ball; 3d; emoji; object; fluent,floating object among pixel sprites; pixel-to-3D match-cut; scattered on white canvas,pixel-to-real; object-ring; white-canvas-parade; paper-collage,medium,False,True,downloaded,MIT license: keep copyright notice with distribution (Copyright (c) Microsoft Corporation). 256x256 PNG.,True,True,low_res,35475,f42c5484bea4f33f7ba8ee2b5c7e2a51d17a9fcec36f2ba92334f62b7f95eb43,,09_PREVIEWS/thumbs/A03644701.jpg,C,,,,
A4f0725c0,04_ILLUSTRATIONS/il_fluent3d_dollar_banknote_001.png,04_ILLUSTRATIONS,3d_object,,,"Glossy colorful 3D ""dollar banknote"" emoji object, 256px, transparent background",GitHub: microsoft/fluentui-emoji,https://github.com/microsoft/fluentui-emoji/tree/main/assets/Dollar%20banknote,https://raw.githubusercontent.com/microsoft/fluentui-emoji/main/assets/Dollar%20banknote/3D/dollar_banknote_3d.png,Microsoft Corporation,MIT,https://github.com/microsoft/fluentui-emoji/blob/main/LICENSE,False,,png,256,256,,,True,dollar banknote; 3d; emoji; object; fluent,floating object among pixel sprites; pixel-to-3D match-cut; scattered on white canvas,pixel-to-real; object-ring; white-canvas-parade; paper-collage,high,False,True,downloaded,MIT license: keep copyright notice with distribution (Copyright (c) Microsoft Corporation). 256x256 PNG.,True,True,low_res,29483,972991729e1ac8acc79b719184f760d41d5decb0f47812b2fab5ff608bebb86e,,09_PREVIEWS/thumbs/A4f0725c0.jpg,C,,,,
Aa19d535d,04_ILLUSTRATIONS/il_fluent3d_fire_001.png,04_ILLUSTRATIONS,3d_object,,,"Glossy colorful 3D ""fire"" emoji object, 256px, transparent background",GitHub: microsoft/fluentui-emoji,https://github.com/microsoft/fluentui-emoji/tree/main/assets/Fire,https://raw.githubusercontent.com/microsoft/fluentui-emoji/main/assets/Fire/3D/fire_3d.png,Microsoft Corporation,MIT,https://github.com/microsoft/fluentui-emoji/blob/main/LICENSE,False,,png,256,256,,,True,fire; 3d; emoji; object; fluent,floating object among pixel sprites; pixel-to-3D match-cut; scattered on white canvas,pixel-to-real; object-ring; white-canvas-parade; paper-collage,medium,False,True,downloaded,MIT license: keep copyright notice with distribution (Copyright (c) Microsoft Corporation). 256x256 PNG.,True,True,low_res,26826,d56355132d73df1741edcf37cb4e21ad54f1c46eeb76fa17224607abf4128c3f,,09_PREVIEWS/thumbs/Aa19d535d.jpg,C,,,,
A185b71d7,04_ILLUSTRATIONS/il_fluent3d_floppy_disk_001.png,04_ILLUSTRATIONS,3d_object,,,"Glossy colorful 3D ""floppy disk"" emoji object, 256px, transparent background",GitHub: microsoft/fluentui-emoji,https://github.com/microsoft/fluentui-emoji/tree/main/assets/Floppy%20disk,https://raw.githubusercontent.com/microsoft/fluentui-emoji/main/assets/Floppy%20disk/3D/floppy_disk_3d.png,Microsoft Corporation,MIT,https://github.com/microsoft/fluentui-emoji/blob/main/LICENSE,False,,png,256,256,,,True,floppy disk; 3d; emoji; object; fluent,floating object among pixel sprites; pixel-to-3D match-cut; scattered on white canvas,pixel-to-real; object-ring; white-canvas-parade; paper-collage,high,False,True,downloaded,MIT license: keep copyright notice with distribution (Copyright (c) Microsoft Corporation). 256x256 PNG.,True,True,low_res,33285,6c0bf4706265b25d742ce2159e68e191036760765c2f7361dc1898d19836e8ab,,09_PREVIEWS/thumbs/A185b71d7.jpg,C,,,,
A81d269eb,04_ILLUSTRATIONS/il_fluent3d_flying_saucer_001.png,04_ILLUSTRATIONS,3d_object,,,"Glossy colorful 3D ""flying saucer"" emoji object, 256px, transparent background",GitHub: microsoft/fluentui-emoji,https://github.com/microsoft/fluentui-emoji/tree/main/assets/Flying%20saucer,https://raw.githubusercontent.com/microsoft/fluentui-emoji/main/assets/Flying%20saucer/3D/flying_saucer_3d.png,Microsoft Corporation,MIT,https://github.com/microsoft/fluentui-emoji/blob/main/LICENSE,False,,png,256,256,,,True,flying saucer; 3d; emoji; object; fluent,floating object among pixel sprites; pixel-to-3D match-cut; scattered on white canvas,pixel-to-real; object-ring; white-canvas-parade; paper-collage,medium,False,True,downloaded,MIT license: keep copyright notice with distribution (Copyright (c) Microsoft Corporation). 256x256 PNG.,True,True,low_res,32415,13e744b9e055c03fe4a5ca89d46ed17d8f33e169c4d928870e0d6886c77e61c7,,09_PREVIEWS/thumbs/A81d269eb.jpg,C,,,,
A72ad28e8,04_ILLUSTRATIONS/il_fluent3d_game_die_001.png,04_ILLUSTRATIONS,3d_object,,,"Glossy colorful 3D ""game die"" emoji object, 256px, transparent background",GitHub: microsoft/fluentui-emoji,https://github.com/microsoft/fluentui-emoji/tree/main/assets/Game%20die,https://raw.githubusercontent.com/microsoft/fluentui-emoji/main/assets/Game%20die/3D/game_die_3d.png,Microsoft Corporation,MIT,https://github.com/microsoft/fluentui-emoji/blob/main/LICENSE,False,,png,256,256,,,True,game die; 3d; emoji; object; fluent,floating object among pixel sprites; pixel-to-3D match-cut; scattered on white canvas,pixel-to-real; object-ring; white-canvas-parade; paper-collage,medium,False,True,downloaded,MIT license: keep copyright notice with distribution (Copyright (c) Microsoft Corporation). 256x256 PNG.,True,True,low_res,37318,454d51562973cf3af447db64832905d8f3fc3bbc7508c5a8bf79d2771edbbe4c,,09_PREVIEWS/thumbs/A72ad28e8.jpg,C,,,,
Aa41c0e13,04_ILLUSTRATIONS/il_fluent3d_gem_stone_001.png,04_ILLUSTRATIONS,3d_object,,,"Glossy colorful 3D ""gem stone"" emoji object, 256px, transparent background",GitHub: microsoft/fluentui-emoji,https://github.com/microsoft/fluentui-emoji/tree/main/assets/Gem%20stone,https://raw.githubusercontent.com/microsoft/fluentui-emoji/main/assets/Gem%20stone/3D/gem_stone_3d.png,Microsoft Corporation,MIT,https://github.com/microsoft/fluentui-emoji/blob/main/LICENSE,False,,png,256,256,,,True,gem stone; 3d; emoji; object; fluent,floating object among pixel sprites; pixel-to-3D match-cut; scattered on white canvas,pixel-to-real; object-ring; white-canvas-parade; paper-collage,medium,False,True,downloaded,MIT license: keep copyright notice with distribution (Copyright (c) Microsoft Corporation). 256x256 PNG.,True,True,low_res,18806,50dd4109b524203fc9e208e24498f6f468c54f104b4eb41e914dec203e841820,,09_PREVIEWS/thumbs/Aa41c0e13.jpg,C,,,,
A78078ac5,04_ILLUSTRATIONS/il_fluent3d_ghost_001.png,04_ILLUSTRATIONS,3d_object,,,"Glossy colorful 3D ""ghost"" emoji object, 256px, transparent background",GitHub: microsoft/fluentui-emoji,https://github.com/microsoft/fluentui-emoji/tree/main/assets/Ghost,https://raw.githubusercontent.com/microsoft/fluentui-emoji/main/assets/Ghost/3D/ghost_3d.png,Microsoft Corporation,MIT,https://github.com/microsoft/fluentui-emoji/blob/main/LICENSE,False,,png,256,256,,,True,ghost; 3d; emoji; object; fluent,floating object among pixel sprites; pixel-to-3D match-cut; scattered on white canvas,pixel-to-real; object-ring; white-canvas-parade; paper-collage,medium,False,True,downloaded,MIT license: keep copyright notice with distribution (Copyright (c) Microsoft Corporation). 256x256 PNG.,True,True,low_res,33215,2a07c00a4af13532717a201e201b7219f02ce91232ea86abd7e74cbf1b5fb42f,,09_PREVIEWS/thumbs/A78078ac5.jpg,C,,,,
Ac2a70611,04_ILLUSTRATIONS/il_fluent3d_heart_with_arrow_001.png,04_ILLUSTRATIONS,3d_object,,,"Glossy colorful 3D ""heart with arrow"" emoji object, 256px, transparent background",GitHub: microsoft/fluentui-emoji,https://github.com/microsoft/fluentui-emoji/tree/main/assets/Heart%20with%20arrow,https://raw.githubusercontent.com/microsoft/fluentui-emoji/main/assets/Heart%20with%20arrow/3D/heart_with_arrow_3d.png,Microsoft Corporation,MIT,https://github.com/microsoft/fluentui-emoji/blob/main/LICENSE,False,,png,256,256,,,True,heart with arrow; 3d; emoji; object; fluent,floating object among pixel sprites; pixel-to-3D match-cut; scattered on white canvas,pixel-to-real; object-ring; white-canvas-parade; paper-collage,medium,False,True,downloaded,MIT license: keep copyright notice with distribution (Copyright (c) Microsoft Corporation). 256x256 PNG.,True,True,low_res,35217,c77ac23723a738b4c2c289dc9c3ea2f36453075edaf1c08a94004ba73d648640,,09_PREVIEWS/thumbs/Ac2a70611.jpg,C,,,,
A56a60085,04_ILLUSTRATIONS/il_fluent3d_ice_cream_001.png,04_ILLUSTRATIONS,3d_object,,,"Glossy colorful 3D ""ice cream"" emoji object, 256px, transparent background",GitHub: microsoft/fluentui-emoji,https://github.com/microsoft/fluentui-emoji/tree/main/assets/Ice%20cream,https://raw.githubusercontent.com/microsoft/fluentui-emoji/main/assets/Ice%20cream/3D/ice_cream_3d.png,Microsoft Corporation,MIT,https://github.com/microsoft/fluentui-emoji/blob/main/LICENSE,False,,png,256,256,,,True,ice cream; 3d; emoji; object; fluent,floating object among pixel sprites; pixel-to-3D match-cut; scattered on white canvas,pixel-to-real; object-ring; white-canvas-parade; paper-collage,medium,False,True,downloaded,MIT license: keep copyright notice with distribution (Copyright (c) Microsoft Corporation). 256x256 PNG.,True,True,low_res,34802,cbe49b092b8e38d86e353595c8c1ccfc8d7b9803307e893b43cfb970c113275f,,09_PREVIEWS/thumbs/A56a60085.jpg,C,,,,
A3d2afbc0,04_ILLUSTRATIONS/il_fluent3d_joystick_001.png,04_ILLUSTRATIONS,3d_object,,,"Glossy colorful 3D ""joystick"" emoji object, 256px, transparent background",GitHub: microsoft/fluentui-emoji,https://github.com/microsoft/fluentui-emoji/tree/main/assets/Joystick,https://raw.githubusercontent.com/microsoft/fluentui-emoji/main/assets/Joystick/3D/joystick_3d.png,Microsoft Corporation,MIT,https://github.com/microsoft/fluentui-emoji/blob/main/LICENSE,False,,png,256,256,,,True,joystick; 3d; emoji; object; fluent,floating object among pixel sprites; pixel-to-3D match-cut; scattered on white canvas,pixel-to-real; object-ring; white-canvas-parade; paper-collage,high,False,True,downloaded,MIT license: keep copyright notice with distribution (Copyright (c) Microsoft Corporation). 256x256 PNG.,True,True,low_res,35777,bd09340c1f65269351e469798f30124902785b128073d86e2c20e7945f56b3c2,,09_PREVIEWS/thumbs/A3d2afbc0.jpg,C,,,,
A193bcc38,04_ILLUSTRATIONS/il_fluent3d_light_bulb_001.png,04_ILLUSTRATIONS,3d_object,,,"Glossy colorful 3D ""light bulb"" emoji object, 256px, transparent background",GitHub: microsoft/fluentui-emoji,https://github.com/microsoft/fluentui-emoji/tree/main/assets/Light%20bulb,https://raw.githubusercontent.com/microsoft/fluentui-emoji/main/assets/Light%20bulb/3D/light_bulb_3d.png,Microsoft Corporation,MIT,https://github.com/microsoft/fluentui-emoji/blob/main/LICENSE,False,,png,256,256,,,True,light bulb; 3d; emoji; object; fluent,floating object among pixel sprites; pixel-to-3D match-cut; scattered on white canvas,pixel-to-real; object-ring; white-canvas-parade; paper-collage,medium,False,True,downloaded,MIT license: keep copyright notice with distribution (Copyright (c) Microsoft Corporation). 256x256 PNG.,True,True,low_res,22450,df7b09aa18301507e6fb8c279df66d9afa465b6fed3e63d2efa84dacebdbbf79,,09_PREVIEWS/thumbs/A193bcc38.jpg,C,,,,
A59f2ccb0,04_ILLUSTRATIONS/il_fluent3d_money_bag_001.png,04_ILLUSTRATIONS,3d_object,,,"Glossy colorful 3D ""money bag"" emoji object, 256px, transparent background",GitHub: microsoft/fluentui-emoji,https://github.com/microsoft/fluentui-emoji/tree/main/assets/Money%20bag,https://raw.githubusercontent.com/microsoft/fluentui-emoji/main/assets/Money%20bag/3D/money_bag_3d.png,Microsoft Corporation,MIT,https://github.com/microsoft/fluentui-emoji/blob/main/LICENSE,False,,png,256,256,,,True,money bag; 3d; emoji; object; fluent,floating object among pixel sprites; pixel-to-3D match-cut; scattered on white canvas,pixel-to-real; object-ring; white-canvas-parade; paper-collage,high,False,True,downloaded,MIT license: keep copyright notice with distribution (Copyright (c) Microsoft Corporation). 256x256 PNG.,True,True,low_res,34132,cec19b9cf0beac5bbd27a07dcbe1e68c54b04112b4641165705ccb920f230292,,09_PREVIEWS/thumbs/A59f2ccb0.jpg,C,,,,
A4d18a684,04_ILLUSTRATIONS/il_fluent3d_movie_camera_001.png,04_ILLUSTRATIONS,3d_object,,,"Glossy colorful 3D ""movie camera"" emoji object, 256px, transparent background",GitHub: microsoft/fluentui-emoji,https://github.com/microsoft/fluentui-emoji/tree/main/assets/Movie%20camera,https://raw.githubusercontent.com/microsoft/fluentui-emoji/main/assets/Movie%20camera/3D/movie_camera_3d.png,Microsoft Corporation,MIT,https://github.com/microsoft/fluentui-emoji/blob/main/LICENSE,False,,png,256,256,,,True,movie camera; 3d; emoji; object; fluent,floating object among pixel sprites; pixel-to-3D match-cut; scattered on white canvas,pixel-to-real; object-ring; white-canvas-parade; paper-collage,medium,False,True,downloaded,MIT license: keep copyright notice with distribution (Copyright (c) Microsoft Corporation). 256x256 PNG.,True,True,low_res,34661,1a62dfdbca5a6a9e90aeacd9a0b3781ff588f4cb96025155fb55829f4020dd0c,,09_PREVIEWS/thumbs/A4d18a684.jpg,C,,,,
A9b2b6042,04_ILLUSTRATIONS/il_fluent3d_mushroom_001.png,04_ILLUSTRATIONS,3d_object,,,"Glossy colorful 3D ""mushroom"" emoji object, 256px, transparent background",GitHub: microsoft/fluentui-emoji,https://github.com/microsoft/fluentui-emoji/tree/main/assets/Mushroom,https://raw.githubusercontent.com/microsoft/fluentui-emoji/main/assets/Mushroom/3D/mushroom_3d.png,Microsoft Corporation,MIT,https://github.com/microsoft/fluentui-emoji/blob/main/LICENSE,False,,png,256,256,,,True,mushroom; 3d; emoji; object; fluent,floating object among pixel sprites; pixel-to-3D match-cut; scattered on white canvas,pixel-to-real; object-ring; white-canvas-parade; paper-collage,medium,False,True,downloaded,MIT license: keep copyright notice with distribution (Copyright (c) Microsoft Corporation). 256x256 PNG.,True,True,low_res,23272,cd3d240093294db7a66b3aa9570b558405d0d31dc31604fe1be46c9b4e0f836a,,09_PREVIEWS/thumbs/A9b2b6042.jpg,C,,,,
A6e0cf926,04_ILLUSTRATIONS/il_fluent3d_musical_notes_001.png,04_ILLUSTRATIONS,3d_object,,,"Glossy colorful 3D ""musical notes"" emoji object, 256px, transparent background",GitHub: microsoft/fluentui-emoji,https://github.com/microsoft/fluentui-emoji/tree/main/assets/Musical%20notes,https://raw.githubusercontent.com/microsoft/fluentui-emoji/main/assets/Musical%20notes/3D/musical_notes_3d.png,Microsoft Corporation,MIT,https://github.com/microsoft/fluentui-emoji/blob/main/LICENSE,False,,png,256,256,,,True,musical notes; 3d; emoji; object; fluent,floating object among pixel sprites; pixel-to-3D match-cut; scattered on white canvas,pixel-to-real; object-ring; white-canvas-parade; paper-collage,medium,False,True,downloaded,MIT license: keep copyright notice with distribution (Copyright (c) Microsoft Corporation). 256x256 PNG.,True,True,low_res,29610,72bd5c2870b7bcad31bb591a789107c92825b7dd844006366e6fc4e1fa31ab36,,09_PREVIEWS/thumbs/A6e0cf926.jpg,C,,,,
A54ba348b,04_ILLUSTRATIONS/il_fluent3d_optical_disk_001.png,04_ILLUSTRATIONS,3d_object,,,"Glossy colorful 3D ""optical disk"" emoji object, 256px, transparent background",GitHub: microsoft/fluentui-emoji,https://github.com/microsoft/fluentui-emoji/tree/main/assets/Optical%20disk,https://raw.githubusercontent.com/microsoft/fluentui-emoji/main/assets/Optical%20disk/3D/optical_disk_3d.png,Microsoft Corporation,MIT,https://github.com/microsoft/fluentui-emoji/blob/main/LICENSE,False,,png,256,256,,,True,optical disk; 3d; emoji; object; fluent,floating object among pixel sprites; pixel-to-3D match-cut; scattered on white canvas,pixel-to-real; object-ring; white-canvas-parade; paper-collage,high,False,True,downloaded,MIT license: keep copyright notice with distribution (Copyright (c) Microsoft Corporation). 256x256 PNG.,True,True,low_res,34877,b8b5e8802e0cc28160316282aa584e241a9eeaedbcadf1a031677c5883a5a9fc,,09_PREVIEWS/thumbs/A54ba348b.jpg,C,,,,
A85594314,04_ILLUSTRATIONS/il_fluent3d_pizza_001.png,04_ILLUSTRATIONS,3d_object,,,"Glossy colorful 3D ""pizza"" emoji object, 256px, transparent background",GitHub: microsoft/fluentui-emoji,https://github.com/microsoft/fluentui-emoji/tree/main/assets/Pizza,https://raw.githubusercontent.com/microsoft/fluentui-emoji/main/assets/Pizza/3D/pizza_3d.png,Microsoft Corporation,MIT,https://github.com/microsoft/fluentui-emoji/blob/main/LICENSE,False,,png,256,256,,,True,pizza; 3d; emoji; object; fluent,floating object among pixel sprites; pixel-to-3D match-cut; scattered on white canvas,pixel-to-real; object-ring; white-canvas-parade; paper-collage,medium,False,True,downloaded,MIT license: keep copyright notice with distribution (Copyright (c) Microsoft Corporation). 256x256 PNG.,True,True,low_res,31368,beb2d1ac000003d96711ea8364815641442523285fa59007dd5b589059c74b9a,,09_PREVIEWS/thumbs/A85594314.jpg,C,,,,
Af1f61042,04_ILLUSTRATIONS/il_fluent3d_potted_plant_001.png,04_ILLUSTRATIONS,3d_object,,,"Glossy colorful 3D ""potted plant"" emoji object, 256px, transparent background",GitHub: microsoft/fluentui-emoji,https://github.com/microsoft/fluentui-emoji/tree/main/assets/Potted%20plant,https://raw.githubusercontent.com/microsoft/fluentui-emoji/main/assets/Potted%20plant/3D/potted_plant_3d.png,Microsoft Corporation,MIT,https://github.com/microsoft/fluentui-emoji/blob/main/LICENSE,False,,png,256,256,,,True,potted plant; 3d; emoji; object; fluent,floating object among pixel sprites; pixel-to-3D match-cut; scattered on white canvas,pixel-to-real; object-ring; white-canvas-parade; paper-collage,high,False,True,downloaded,MIT license: keep copyright notice with distribution (Copyright (c) Microsoft Corporation). 256x256 PNG.,True,True,low_res,31501,c7356d6e738b2267ba1c6eb862ed4d46ddea9f5e786e07eb129b0cf9ad4e7516,,09_PREVIEWS/thumbs/Af1f61042.jpg,C,,,,
Aa75d8bde,04_ILLUSTRATIONS/il_fluent3d_radio_001.png,04_ILLUSTRATIONS,3d_object,,,"Glossy colorful 3D ""radio"" emoji object, 256px, transparent background",GitHub: microsoft/fluentui-emoji,https://github.com/microsoft/fluentui-emoji/tree/main/assets/Radio,https://raw.githubusercontent.com/microsoft/fluentui-emoji/main/assets/Radio/3D/radio_3d.png,Microsoft Corporation,MIT,https://github.com/microsoft/fluentui-emoji/blob/main/LICENSE,False,,png,256,256,,,True,radio; 3d; emoji; object; fluent,floating object among pixel sprites; pixel-to-3D match-cut; scattered on white canvas,pixel-to-real; object-ring; white-canvas-parade; paper-collage,high,False,True,downloaded,MIT license: keep copyright notice with distribution (Copyright (c) Microsoft Corporation). 256x256 PNG.,True,True,low_res,32260,026f123284db1a4d770e4c82f14012884704179e99ae70ae16d3db8f32a00dfb,,09_PREVIEWS/thumbs/Aa75d8bde.jpg,C,,,,
A25112213,04_ILLUSTRATIONS/il_fluent3d_rainbow_001.png,04_ILLUSTRATIONS,3d_object,,,"Glossy colorful 3D ""rainbow"" emoji object, 256px, transparent background",GitHub: microsoft/fluentui-emoji,https://github.com/microsoft/fluentui-emoji/tree/main/assets/Rainbow,https://raw.githubusercontent.com/microsoft/fluentui-emoji/main/assets/Rainbow/3D/rainbow_3d.png,Microsoft Corporation,MIT,https://github.com/microsoft/fluentui-emoji/blob/main/LICENSE,False,,png,256,256,,,True,rainbow; 3d; emoji; object; fluent,floating object among pixel sprites; pixel-to-3D match-cut; scattered on white canvas,pixel-to-real; object-ring; white-canvas-parade; paper-collage,medium,False,True,downloaded,MIT license: keep copyright notice with distribution (Copyright (c) Microsoft Corporation). 256x256 PNG.,True,True,low_res,34967,81c60a96369047dd287b9fb54d02d29fe1e9b7fe3f00924330037e861b1fbd81,,09_PREVIEWS/thumbs/A25112213.jpg,C,,,,
A005bd280,04_ILLUSTRATIONS/il_fluent3d_red_heart_001.png,04_ILLUSTRATIONS,3d_object,,,"Glossy colorful 3D ""red heart"" emoji object, 256px, transparent background",GitHub: microsoft/fluentui-emoji,https://github.com/microsoft/fluentui-emoji/tree/main/assets/Red%20heart,https://raw.githubusercontent.com/microsoft/fluentui-emoji/main/assets/Red%20heart/3D/red_heart_3d.png,Microsoft Corporation,MIT,https://github.com/microsoft/fluentui-emoji/blob/main/LICENSE,False,,png,256,256,,,True,red heart; 3d; emoji; object; fluent,floating object among pixel sprites; pixel-to-3D match-cut; scattered on white canvas,pixel-to-real; object-ring; white-canvas-parade; paper-collage,high,False,True,downloaded,MIT license: keep copyright notice with distribution (Copyright (c) Microsoft Corporation). 256x256 PNG.,True,True,low_res,29389,7218cb9f08ed1ef38fcd83fe699a1125d07f50725f4c87a68cb7c9f4efb3c32b,,09_PREVIEWS/thumbs/A005bd280.jpg,C,,,,
A9c901d3e,04_ILLUSTRATIONS/il_fluent3d_robot_001.png,04_ILLUSTRATIONS,3d_object,,,"Glossy colorful 3D ""robot"" emoji object, 256px, transparent background",GitHub: microsoft/fluentui-emoji,https://github.com/microsoft/fluentui-emoji/tree/main/assets/Robot,https://raw.githubusercontent.com/microsoft/fluentui-emoji/main/assets/Robot/3D/robot_3d.png,Microsoft Corporation,MIT,https://github.com/microsoft/fluentui-emoji/blob/main/LICENSE,False,,png,256,256,,,True,robot; 3d; emoji; object; fluent,floating object among pixel sprites; pixel-to-3D match-cut; scattered on white canvas,pixel-to-real; object-ring; white-canvas-parade; paper-collage,medium,False,True,downloaded,MIT license: keep copyright notice with distribution (Copyright (c) Microsoft Corporation). 256x256 PNG.,True,True,low_res,43362,3f9b5a00b53c8bddda36b6a3f68d00718d9d7d8c04f986a3248e55ae93a7961b,,09_PREVIEWS/thumbs/A9c901d3e.jpg,C,,,,
Acf89d08d,04_ILLUSTRATIONS/il_fluent3d_rocket_001.png,04_ILLUSTRATIONS,3d_object,,,"Glossy colorful 3D ""rocket"" emoji object, 256px, transparent background",GitHub: microsoft/fluentui-emoji,https://github.com/microsoft/fluentui-emoji/tree/main/assets/Rocket,https://raw.githubusercontent.com/microsoft/fluentui-emoji/main/assets/Rocket/3D/rocket_3d.png,Microsoft Corporation,MIT,https://github.com/microsoft/fluentui-emoji/blob/main/LICENSE,False,,png,256,256,,,True,rocket; 3d; emoji; object; fluent,floating object among pixel sprites; pixel-to-3D match-cut; scattered on white canvas,pixel-to-real; object-ring; white-canvas-parade; paper-collage,medium,False,True,downloaded,MIT license: keep copyright notice with distribution (Copyright (c) Microsoft Corporation). 256x256 PNG.,True,True,low_res,36274,4636925a1dfc76a45dc83c08b983699d39143a0978f794a4e2dfb6cbffdcd7ab,,09_PREVIEWS/thumbs/Acf89d08d.jpg,C,,,,
A6e0aad2d,04_ILLUSTRATIONS/il_fluent3d_skateboard_001.png,04_ILLUSTRATIONS,3d_object,,,"Glossy colorful 3D ""skateboard"" emoji object, 256px, transparent background",GitHub: microsoft/fluentui-emoji,https://github.com/microsoft/fluentui-emoji/tree/main/assets/Skateboard,https://raw.githubusercontent.com/microsoft/fluentui-emoji/main/assets/Skateboard/3D/skateboard_3d.png,Microsoft Corporation,MIT,https://github.com/microsoft/fluentui-emoji/blob/main/LICENSE,False,,png,256,256,,,True,skateboard; 3d; emoji; object; fluent,floating object among pixel sprites; pixel-to-3D match-cut; scattered on white canvas,pixel-to-real; object-ring; white-canvas-parade; paper-collage,high,False,True,downloaded,MIT license: keep copyright notice with distribution (Copyright (c) Microsoft Corporation). 256x256 PNG.,True,True,low_res,28334,8c439ecc92b82a8fee366ecd907092d44aec34a9d676721bdd889260398f8076,,09_PREVIEWS/thumbs/A6e0aad2d.jpg,C,,,,
Af822f307,04_ILLUSTRATIONS/il_fluent3d_sparkles_001.png,04_ILLUSTRATIONS,3d_object,,,"Glossy colorful 3D ""sparkles"" emoji object, 256px, transparent background",GitHub: microsoft/fluentui-emoji,https://github.com/microsoft/fluentui-emoji/tree/main/assets/Sparkles,https://raw.githubusercontent.com/microsoft/fluentui-emoji/main/assets/Sparkles/3D/sparkles_3d.png,Microsoft Corporation,MIT,https://github.com/microsoft/fluentui-emoji/blob/main/LICENSE,False,,png,256,256,,,True,sparkles; 3d; emoji; object; fluent,floating object among pixel sprites; pixel-to-3D match-cut; scattered on white canvas,pixel-to-real; object-ring; white-canvas-parade; paper-collage,medium,False,True,downloaded,MIT license: keep copyright notice with distribution (Copyright (c) Microsoft Corporation). 256x256 PNG.,True,True,low_res,21948,e4490c9ff74a3fd73a8f99c760d65b6ed51b8a3e4ad28da137fec050b77e1058,,09_PREVIEWS/thumbs/Af822f307.jpg,C,,,,
A8dbd35e9,04_ILLUSTRATIONS/il_fluent3d_star_001.png,04_ILLUSTRATIONS,3d_object,,,"Glossy colorful 3D ""star"" emoji object, 256px, transparent background",GitHub: microsoft/fluentui-emoji,https://github.com/microsoft/fluentui-emoji/tree/main/assets/Star,https://raw.githubusercontent.com/microsoft/fluentui-emoji/main/assets/Star/3D/star_3d.png,Microsoft Corporation,MIT,https://github.com/microsoft/fluentui-emoji/blob/main/LICENSE,False,,png,256,256,,,True,star; 3d; emoji; object; fluent,floating object among pixel sprites; pixel-to-3D match-cut; scattered on white canvas,pixel-to-real; object-ring; white-canvas-parade; paper-collage,medium,False,True,downloaded,MIT license: keep copyright notice with distribution (Copyright (c) Microsoft Corporation). 256x256 PNG.,True,True,low_res,24449,b935cdf502b69054bc2b08e7ba4e4eaba6499564a2041dd77d6291e21bf8cfe8,,09_PREVIEWS/thumbs/A8dbd35e9.jpg,C,,,,
A480892e9,04_ILLUSTRATIONS/il_fluent3d_sunflower_001.png,04_ILLUSTRATIONS,3d_object,,,"Glossy colorful 3D ""sunflower"" emoji object, 256px, transparent background",GitHub: microsoft/fluentui-emoji,https://github.com/microsoft/fluentui-emoji/tree/main/assets/Sunflower,https://raw.githubusercontent.com/microsoft/fluentui-emoji/main/assets/Sunflower/3D/sunflower_3d.png,Microsoft Corporation,MIT,https://github.com/microsoft/fluentui-emoji/blob/main/LICENSE,False,,png,256,256,,,True,sunflower; 3d; emoji; object; fluent,floating object among pixel sprites; pixel-to-3D match-cut; scattered on white canvas,pixel-to-real; object-ring; white-canvas-parade; paper-collage,medium,False,True,downloaded,MIT license: keep copyright notice with distribution (Copyright (c) Microsoft Corporation). 256x256 PNG.,True,True,low_res,35269,14eb41f2cb9afa1387e9b925a9458d8fc768be3bd32210e3064fb7f320e123ca,,09_PREVIEWS/thumbs/A480892e9.jpg,C,,,,
A13005125,04_ILLUSTRATIONS/il_fluent3d_telephone_001.png,04_ILLUSTRATIONS,3d_object,,,"Glossy colorful 3D ""telephone"" emoji object, 256px, transparent background",GitHub: microsoft/fluentui-emoji,https://github.com/microsoft/fluentui-emoji/tree/main/assets/Telephone,https://raw.githubusercontent.com/microsoft/fluentui-emoji/main/assets/Telephone/3D/telephone_3d.png,Microsoft Corporation,MIT,https://github.com/microsoft/fluentui-emoji/blob/main/LICENSE,False,,png,256,256,,,True,telephone; 3d; emoji; object; fluent,floating object among pixel sprites; pixel-to-3D match-cut; scattered on white canvas,pixel-to-real; object-ring; white-canvas-parade; paper-collage,medium,False,True,downloaded,MIT license: keep copyright notice with distribution (Copyright (c) Microsoft Corporation). 256x256 PNG.,True,True,low_res,37557,b74cc6352ad309fb0a6148419d1d224f7c49ff68047d7a00bfc5ef76daeedc1e,,09_PREVIEWS/thumbs/A13005125.jpg,C,,,,
A9f227239,04_ILLUSTRATIONS/il_fluent3d_television_001.png,04_ILLUSTRATIONS,3d_object,,,"Glossy colorful 3D ""television"" emoji object, 256px, transparent background",GitHub: microsoft/fluentui-emoji,https://github.com/microsoft/fluentui-emoji/tree/main/assets/Television,https://raw.githubusercontent.com/microsoft/fluentui-emoji/main/assets/Television/3D/television_3d.png,Microsoft Corporation,MIT,https://github.com/microsoft/fluentui-emoji/blob/main/LICENSE,False,,png,256,256,,,True,television; 3d; emoji; object; fluent,floating object among pixel sprites; pixel-to-3D match-cut; scattered on white canvas,pixel-to-real; object-ring; white-canvas-parade; paper-collage,high,False,True,downloaded,MIT license: keep copyright notice with distribution (Copyright (c) Microsoft Corporation). 256x256 PNG.,True,True,low_res,29790,a6b7ba810428f99aed9c59b89ce16727ee61d3b61b2434977a0836ef6a7c12f2,,09_PREVIEWS/thumbs/A9f227239.jpg,C,,,,
A5f2952a3,04_ILLUSTRATIONS/il_fluent3d_trophy_001.png,04_ILLUSTRATIONS,3d_object,,,"Glossy colorful 3D ""trophy"" emoji object, 256px, transparent background",GitHub: microsoft/fluentui-emoji,https://github.com/microsoft/fluentui-emoji/tree/main/assets/Trophy,https://raw.githubusercontent.com/microsoft/fluentui-emoji/main/assets/Trophy/3D/trophy_3d.png,Microsoft Corporation,MIT,https://github.com/microsoft/fluentui-emoji/blob/main/LICENSE,False,,png,256,256,,,True,trophy; 3d; emoji; object; fluent,floating object among pixel sprites; pixel-to-3D match-cut; scattered on white canvas,pixel-to-real; object-ring; white-canvas-parade; paper-collage,medium,False,True,downloaded,MIT license: keep copyright notice with distribution (Copyright (c) Microsoft Corporation). 256x256 PNG.,True,True,low_res,31910,7c4a9805f354eb2aec35063a95a4043306efc726324c0d128883f24497857bbc,,09_PREVIEWS/thumbs/A5f2952a3.jpg,C,,,,
A0034f1ef,04_ILLUSTRATIONS/il_fluent3d_video_game_001.png,04_ILLUSTRATIONS,3d_object,,,"Glossy colorful 3D ""video game"" emoji object, 256px, transparent background",GitHub: microsoft/fluentui-emoji,https://github.com/microsoft/fluentui-emoji/tree/main/assets/Video%20game,https://raw.githubusercontent.com/microsoft/fluentui-emoji/main/assets/Video%20game/3D/video_game_3d.png,Microsoft Corporation,MIT,https://github.com/microsoft/fluentui-emoji/blob/main/LICENSE,False,,png,256,256,,,True,video game; 3d; emoji; object; fluent,floating object among pixel sprites; pixel-to-3D match-cut; scattered on white canvas,pixel-to-real; object-ring; white-canvas-parade; paper-collage,high,False,True,downloaded,MIT license: keep copyright notice with distribution (Copyright (c) Microsoft Corporation). 256x256 PNG.,True,True,low_res,31507,4b01e22089defe553717d49624e673cb5492ecdd9c6a8eddb7e6ba12d400c0da,,09_PREVIEWS/thumbs/A0034f1ef.jpg,C,,,,
A2ece20d9,04_ILLUSTRATIONS/il_fluent3d_videocassette_001.png,04_ILLUSTRATIONS,3d_object,,,"Glossy colorful 3D ""videocassette"" emoji object, 256px, transparent background",GitHub: microsoft/fluentui-emoji,https://github.com/microsoft/fluentui-emoji/tree/main/assets/Videocassette,https://raw.githubusercontent.com/microsoft/fluentui-emoji/main/assets/Videocassette/3D/videocassette_3d.png,Microsoft Corporation,MIT,https://github.com/microsoft/fluentui-emoji/blob/main/LICENSE,False,,png,256,256,,,True,videocassette; 3d; emoji; object; fluent,floating object among pixel sprites; pixel-to-3D match-cut; scattered on white canvas,pixel-to-real; object-ring; white-canvas-parade; paper-collage,high,False,True,downloaded,MIT license: keep copyright notice with distribution (Copyright (c) Microsoft Corporation). 256x256 PNG.,True,True,low_res,24700,c9633af782098de1ba209b8fc18a8ba60839a0f606e0257bab0ecfe397f17c5d,,09_PREVIEWS/thumbs/A2ece20d9.jpg,C,,,,
A0731dd2c,04_ILLUSTRATIONS/il_fluent3d_yo-yo_001.png,04_ILLUSTRATIONS,3d_object,,,"Glossy colorful 3D ""yo-yo"" emoji object, 256px, transparent background",GitHub: microsoft/fluentui-emoji,https://github.com/microsoft/fluentui-emoji/tree/main/assets/Yo-yo,https://raw.githubusercontent.com/microsoft/fluentui-emoji/main/assets/Yo-yo/3D/yo-yo_3d.png,Microsoft Corporation,MIT,https://github.com/microsoft/fluentui-emoji/blob/main/LICENSE,False,,png,256,256,,,True,yo-yo; 3d; emoji; object; fluent,floating object among pixel sprites; pixel-to-3D match-cut; scattered on white canvas,pixel-to-real; object-ring; white-canvas-parade; paper-collage,medium,False,True,downloaded,MIT license: keep copyright notice with distribution (Copyright (c) Microsoft Corporation). 256x256 PNG.,True,True,low_res,33480,974e4d17241a6987774dac63f9fe4bf7635a8961ed078f433a68bdbe373a7894,,09_PREVIEWS/thumbs/A0731dd2c.jpg,C,,,,
A91bac424,04_ILLUSTRATIONS/il_gif_rainbow_heart_bounce_001.gif,04_ILLUSTRATIONS,gif,,,"Animated rainbow-gradient heart, bouncing loop, transparent GIF (not pixel art)",GitHub: loadingio/rainbow-heart,https://github.com/loadingio/rainbow-heart,https://raw.githubusercontent.com/loadingio/rainbow-heart/master/dist/gif/transparent/bounce-black.gif,loading.io,CC0-1.0,https://github.com/loadingio/rainbow-heart#license,False,,gif,200,200,0.9,,True,heart; rainbow; animated; gif; loop,love beat motif; sticker overlay; loop on canvas,loop-bg; white-canvas-parade; paper-collage,medium,False,True,downloaded,README: released under CC0 by loading.io. GIF transparency is 1-bit (jagged edges); -black variant intended for light backgrounds. Duration not measured.,True,True,low_res,104365,722fd4ee1065dcffbdf20fd6e752e70a2095fe8c6e8a79cdf311788697cd066a,,09_PREVIEWS/thumbs/A91bac424.jpg,C,,30,,
A18a4774d,04_ILLUSTRATIONS/il_gif_rainbow_heart_heartbeat_001.gif,04_ILLUSTRATIONS,gif,,,"Animated rainbow-gradient heart, beating loop, transparent GIF (not pixel art)",GitHub: loadingio/rainbow-heart,https://github.com/loadingio/rainbow-heart,https://raw.githubusercontent.com/loadingio/rainbow-heart/master/dist/gif/transparent/heartbeat-black.gif,loading.io,CC0-1.0,https://github.com/loadingio/rainbow-heart#license,False,,gif,200,200,0.9,,True,heart; rainbow; animated; gif; loop,love beat motif; sticker overlay; loop on canvas,loop-bg; white-canvas-parade; paper-collage,medium,False,True,downloaded,README: released under CC0 by loading.io. GIF transparency is 1-bit (jagged edges); -black variant intended for light backgrounds. Duration not measured.,True,True,low_res,94484,829f942a8cf6366ced18afd70705c24294eefdfacc12b17e43405213aa88bec6,,09_PREVIEWS/thumbs/A18a4774d.jpg,C,,30,,
Ae094fcec,04_ILLUSTRATIONS/il_gif_rainbow_heart_rubber_001.gif,04_ILLUSTRATIONS,gif,,,"Animated rainbow-gradient heart, rubber-band stretching loop, transparent GIF (not pixel art)",GitHub: loadingio/rainbow-heart,https://github.com/loadingio/rainbow-heart,https://raw.githubusercontent.com/loadingio/rainbow-heart/master/dist/gif/transparent/rubber-black.gif,loading.io,CC0-1.0,https://github.com/loadingio/rainbow-heart#license,False,,gif,200,200,0.9,,True,heart; rainbow; animated; gif; loop,love beat motif; sticker overlay; loop on canvas,loop-bg; white-canvas-parade; paper-collage,medium,False,True,downloaded,README: released under CC0 by loading.io. GIF transparency is 1-bit (jagged edges); -black variant intended for light backgrounds. Duration not measured.,True,True,low_res,104722,79799b9381669cbd6c6a037854e00dc1fceed002de5b2a30246a11d0e2d337bd,,09_PREVIEWS/thumbs/Ae094fcec.jpg,C,,30,,
A50623d44,04_ILLUSTRATIONS/il_gif_rainbow_heart_spin_001.gif,04_ILLUSTRATIONS,gif,,,"Animated rainbow-gradient heart, spinning loop, transparent GIF (not pixel art)",GitHub: loadingio/rainbow-heart,https://github.com/loadingio/rainbow-heart,https://raw.githubusercontent.com/loadingio/rainbow-heart/master/dist/gif/transparent/spin-black.gif,loading.io,CC0-1.0,https://github.com/loadingio/rainbow-heart#license,False,,gif,200,200,0.9,,True,heart; rainbow; animated; gif; loop,love beat motif; sticker overlay; loop on canvas,loop-bg; white-canvas-parade; paper-collage,medium,False,True,downloaded,README: released under CC0 by loading.io. GIF transparency is 1-bit (jagged edges); -black variant intended for light backgrounds. Duration not measured.,True,True,low_res,99718,5e90b54e6fd8906afd1e5b292666b849d72646ce59df48f28928b03b51188217,,09_PREVIEWS/thumbs/A50623d44.jpg,C,,30,,
A59487059,04_ILLUSTRATIONS/il_gif_rainbow_heart_tick_001.gif,04_ILLUSTRATIONS,gif,,,"Animated rainbow-gradient heart, ticking pulse loop, transparent GIF (not pixel art)",GitHub: loadingio/rainbow-heart,https://github.com/loadingio/rainbow-heart,https://raw.githubusercontent.com/loadingio/rainbow-heart/master/dist/gif/transparent/tick-black.gif,loading.io,CC0-1.0,https://github.com/loadingio/rainbow-heart#license,False,,gif,200,200,0.9,,True,heart; rainbow; animated; gif; loop,love beat motif; sticker overlay; loop on canvas,loop-bg; white-canvas-parade; paper-collage,medium,False,True,downloaded,README: released under CC0 by loading.io. GIF transparency is 1-bit (jagged edges); -black variant intended for light backgrounds. Duration not measured.,True,True,low_res,102344,7ed740e7b8085c7e36352afe6d8c467a844159f5d025561d57feec10225c920a,,09_PREVIEWS/thumbs/A59487059.jpg,C,,30,,
Acfa79b4c,04_ILLUSTRATIONS/il_hex_blue_tent_camp_001.png,04_ILLUSTRATIONS,illustration,,,Isometric flat-color hex tile illustration: blue tent camp,npm: kenney-hexagon-pack (Kenney Hexagon Pack),https://www.npmjs.com/package/kenney-hexagon-pack,npm:kenney-hexagon-pack@1.0.0 assets/2x/tile159@2x.png,Kenney Vleugels (kenney.nl),CC0-1.0,https://creativecommons.org/publicdomain/zero/1.0/,False,,png,240,281,,,True,isometric; hex; tile; building; kenney,isometric diorama accent; tiny-world scatter on canvas,white-canvas-parade; paper-collage; object-ring,low,False,True,downloaded,"240px-wide 2x PNG, transparent bg. Pack license.txt: CC0.",True,True,low_res,22860,eb9583511af1c8e8896ef3c342b28a5c5da28d31119873f02fcfc632981236a3,,09_PREVIEWS/thumbs/Acfa79b4c.jpg,C,,,,
A543ea7b1,04_ILLUSTRATIONS/il_hex_desert_camp_001.png,04_ILLUSTRATIONS,illustration,,,Isometric flat-color hex tile illustration: desert camp,npm: kenney-hexagon-pack (Kenney Hexagon Pack),https://www.npmjs.com/package/kenney-hexagon-pack,npm:kenney-hexagon-pack@1.0.0 assets/2x/tile156@2x.png,Kenney Vleugels (kenney.nl),CC0-1.0,https://creativecommons.org/publicdomain/zero/1.0/,False,,png,240,281,,,True,isometric; hex; tile; building; kenney,isometric diorama accent; tiny-world scatter on canvas,white-canvas-parade; paper-collage; object-ring,low,False,True,downloaded,"240px-wide 2x PNG, transparent bg. Pack license.txt: CC0.",True,True,low_res,18620,0f4faec5814c8f82b6c1601aefd4ebf016f14e02e23d55679f7573747591c501,,09_PREVIEWS/thumbs/A543ea7b1.jpg,C,,,,
A467049fd,04_ILLUSTRATIONS/il_hex_glass_skyscraper_001.png,04_ILLUSTRATIONS,illustration,,,Isometric flat-color hex tile illustration: glass skyscraper,npm: kenney-hexagon-pack (Kenney Hexagon Pack),https://www.npmjs.com/package/kenney-hexagon-pack,npm:kenney-hexagon-pack@1.0.0 assets/2x/tile162@2x.png,Kenney Vleugels (kenney.nl),CC0-1.0,https://creativecommons.org/publicdomain/zero/1.0/,False,,png,240,281,,,True,isometric; hex; tile; building; kenney,isometric diorama accent; tiny-world scatter on canvas,white-canvas-parade; paper-collage; object-ring,low,False,True,downloaded,"240px-wide 2x PNG, transparent bg. Pack license.txt: CC0.",True,True,low_res,17446,fab22554a945ef0470a67df3a2d960961a121fcb8be977a1c2a1f6a90d18a626,,09_PREVIEWS/thumbs/A467049fd.jpg,C,,,,
Acda9896a,04_ILLUSTRATIONS/il_hex_mine_rocks_001.png,04_ILLUSTRATIONS,illustration,,,Isometric flat-color hex tile illustration: mine rocks,npm: kenney-hexagon-pack (Kenney Hexagon Pack),https://www.npmjs.com/package/kenney-hexagon-pack,npm:kenney-hexagon-pack@1.0.0 assets/2x/tile160@2x.png,Kenney Vleugels (kenney.nl),CC0-1.0,https://creativecommons.org/publicdomain/zero/1.0/,False,,png,240,281,,,True,isometric; hex; tile; building; kenney,isometric diorama accent; tiny-world scatter on canvas,white-canvas-parade; paper-collage; object-ring,low,False,True,downloaded,"240px-wide 2x PNG, transparent bg. Pack license.txt: CC0.",True,True,low_res,19660,7c469f149d70d311edaff75596235a49ec7eb0c01e680d869d3b40da3c1f1f6c,,09_PREVIEWS/thumbs/Acda9896a.jpg,C,,,,
Ad561f678,04_ILLUSTRATIONS/il_hex_office_tower_001.png,04_ILLUSTRATIONS,illustration,,,Isometric flat-color hex tile illustration: office tower,npm: kenney-hexagon-pack (Kenney Hexagon Pack),https://www.npmjs.com/package/kenney-hexagon-pack,npm:kenney-hexagon-pack@1.0.0 assets/2x/tile161@2x.png,Kenney Vleugels (kenney.nl),CC0-1.0,https://creativecommons.org/publicdomain/zero/1.0/,False,,png,240,281,,,True,isometric; hex; tile; building; kenney,isometric diorama accent; tiny-world scatter on canvas,white-canvas-parade; paper-collage; object-ring,low,False,True,downloaded,"240px-wide 2x PNG, transparent bg. Pack license.txt: CC0.",True,True,low_res,15788,f7ca4f39f462bb0e89f47a9a7e1363a28174c84cf2ac4b87a9c48148c4d0e753,,09_PREVIEWS/thumbs/Ad561f678.jpg,C,,,,
A005836c3,04_ILLUSTRATIONS/il_hex_stone_house_001.png,04_ILLUSTRATIONS,illustration,,,Isometric flat-color hex tile illustration: stone house,npm: kenney-hexagon-pack (Kenney Hexagon Pack),https://www.npmjs.com/package/kenney-hexagon-pack,npm:kenney-hexagon-pack@1.0.0 assets/2x/tile157@2x.png,Kenney Vleugels (kenney.nl),CC0-1.0,https://creativecommons.org/publicdomain/zero/1.0/,False,,png,240,281,,,True,isometric; hex; tile; building; kenney,isometric diorama accent; tiny-world scatter on canvas,white-canvas-parade; paper-collage; object-ring,low,False,True,downloaded,"240px-wide 2x PNG, transparent bg. Pack license.txt: CC0.",True,True,low_res,23214,fa3932fd89b6704da0220caf2097244a7c58d1e5ff4d23dbf2a418716cba3115,,09_PREVIEWS/thumbs/A005836c3.jpg,C,,,,
Ac1014b30,04_ILLUSTRATIONS/il_shape_asterisk_001.png,04_ILLUSTRATIONS,illustration,,,Chunky asterisk burst - 1024px PNG render,npm: @iconify-json/ph (Phosphor Icons),https://github.com/phosphor-icons/core,"npm:@iconify-json/ph@1.2.2 icons.json[""asterisk-simple-fill""]",Phosphor Icons (Helena Zhang & Tobias Fried),MIT,https://github.com/phosphor-icons/core/blob/main/LICENSE,False,,png,1024,1024,,,True,asterisk; shape; abstract; svg,recolor signal red / cyan flare; scatter as accent shapes; scribble overlay or wipe mask,star-flare; scatter-letters; paper-collage; white-canvas-parade,medium,False,False,downloaded,Derived: cairosvg render of il_shape_asterisk_001.svg. MIT: keep Phosphor copyright notice.,True,True,,31696,230ee74ce6c6ed018bdcad1dcfd82a6a0ce7220b2c69dfc130b360da6889315d,04_ILLUSTRATIONS/il_shape_asterisk_001.svg,09_PREVIEWS/thumbs/Ac1014b30.jpg,C,,,,
A30bd6c5b,04_ILLUSTRATIONS/il_shape_asterisk_001.svg,04_ILLUSTRATIONS,svg,,,"Chunky asterisk burst - single-color vector (black), recolor to red/orange/cyan",npm: @iconify-json/ph (Phosphor Icons),https://github.com/phosphor-icons/core,"npm:@iconify-json/ph@1.2.2 icons.json[""asterisk-simple-fill""]",Phosphor Icons (Helena Zhang & Tobias Fried),MIT,https://github.com/phosphor-icons/core/blob/main/LICENSE,False,,svg,640,640,,,True,asterisk; shape; abstract; svg,recolor signal red / cyan flare; scatter as accent shapes; scribble overlay or wipe mask,star-flare; scatter-letters; paper-collage; white-canvas-parade,medium,False,False,downloaded,Extracted from Iconify JSON; fill #000000. PNG render il_shape_asterisk_001.png at 1024px.,True,True,,383,f04467cdac5544baeddbbc9b731fe3fbb93fb82e3d9d849639fc694db085c4f9,04_ILLUSTRATIONS/il_shape_asterisk_001.png,09_PREVIEWS/thumbs/A30bd6c5b.jpg,C,,,,
A088c01c9,04_ILLUSTRATIONS/il_shape_confetti_001.png,04_ILLUSTRATIONS,illustration,,,Confetti party popper - 1024px PNG render,npm: @iconify-json/ph (Phosphor Icons),https://github.com/phosphor-icons/core,"npm:@iconify-json/ph@1.2.2 icons.json[""confetti-fill""]",Phosphor Icons (Helena Zhang & Tobias Fried),MIT,https://github.com/phosphor-icons/core/blob/main/LICENSE,False,,png,1024,1024,,,True,confetti; shape; abstract; svg,recolor signal red / cyan flare; scatter as accent shapes; scribble overlay or wipe mask,star-flare; scatter-letters; paper-collage; white-canvas-parade,medium,False,False,downloaded,Derived: cairosvg render of il_shape_confetti_001.svg. MIT: keep Phosphor copyright notice.,True,True,,25055,c997c4e51adec11049492ade86eae16afb21f9d65dc0eeea3afec2f9a59b8e2c,04_ILLUSTRATIONS/il_shape_confetti_001.svg,09_PREVIEWS/thumbs/A088c01c9.jpg,C,,,,
Ac3868c07,04_ILLUSTRATIONS/il_shape_confetti_001.svg,04_ILLUSTRATIONS,svg,,,"Confetti party popper - single-color vector (black), recolor to red/orange/cyan",npm: @iconify-json/ph (Phosphor Icons),https://github.com/phosphor-icons/core,"npm:@iconify-json/ph@1.2.2 icons.json[""confetti-fill""]",Phosphor Icons (Helena Zhang & Tobias Fried),MIT,https://github.com/phosphor-icons/core/blob/main/LICENSE,False,,svg,640,640,,,True,confetti; shape; abstract; svg,recolor signal red / cyan flare; scatter as accent shapes; scribble overlay or wipe mask,star-flare; scatter-letters; paper-collage; white-canvas-parade,medium,False,False,downloaded,Extracted from Iconify JSON; fill #000000. PNG render il_shape_confetti_001.png at 1024px.,True,True,,686,ab83706e8a9e83a3815ae2bc5585dade2fe0922a8f8aca920ad32256fc4f223b,04_ILLUSTRATIONS/il_shape_confetti_001.png,09_PREVIEWS/thumbs/Ac3868c07.jpg,C,,,,
Acf09ea73,04_ILLUSTRATIONS/il_shape_flower_001.png,04_ILLUSTRATIONS,illustration,,,Solid flower/blob shape - 1024px PNG render,npm: @iconify-json/ph (Phosphor Icons),https://github.com/phosphor-icons/core,"npm:@iconify-json/ph@1.2.2 icons.json[""flower-fill""]",Phosphor Icons (Helena Zhang & Tobias Fried),MIT,https://github.com/phosphor-icons/core/blob/main/LICENSE,False,,png,1024,1024,,,True,flower; shape; abstract; svg,recolor signal red / cyan flare; scatter as accent shapes; scribble overlay or wipe mask,star-flare; scatter-letters; paper-collage; white-canvas-parade,medium,False,False,downloaded,Derived: cairosvg render of il_shape_flower_001.svg. MIT: keep Phosphor copyright notice.,True,True,,26581,b1d331ca5c5afd205d5ce6fcc5105a4eab6bbeaa17d9fa19b09e967b3e41e0de,04_ILLUSTRATIONS/il_shape_flower_001.svg,09_PREVIEWS/thumbs/Acf09ea73.jpg,C,,,,
A2d534878,04_ILLUSTRATIONS/il_shape_flower_001.svg,04_ILLUSTRATIONS,svg,,,"Solid flower/blob shape - single-color vector (black), recolor to red/orange/cyan",npm: @iconify-json/ph (Phosphor Icons),https://github.com/phosphor-icons/core,"npm:@iconify-json/ph@1.2.2 icons.json[""flower-fill""]",Phosphor Icons (Helena Zhang & Tobias Fried),MIT,https://github.com/phosphor-icons/core/blob/main/LICENSE,False,,svg,640,640,,,True,flower; shape; abstract; svg,recolor signal red / cyan flare; scatter as accent shapes; scribble overlay or wipe mask,star-flare; scatter-letters; paper-collage; white-canvas-parade,medium,False,False,downloaded,Extracted from Iconify JSON; fill #000000. PNG render il_shape_flower_001.png at 1024px.,True,True,,645,914b4f75be2ed17ad0dd39f4c0d5f5d92b983cbd14f7ddd2cf989040b590e76f,04_ILLUSTRATIONS/il_shape_flower_001.png,09_PREVIEWS/thumbs/A2d534878.jpg,C,,,,
A7cc782a9,04_ILLUSTRATIONS/il_shape_hexagon_001.png,04_ILLUSTRATIONS,illustration,,,Solid hexagon - 1024px PNG render,npm: @iconify-json/ph (Phosphor Icons),https://github.com/phosphor-icons/core,"npm:@iconify-json/ph@1.2.2 icons.json[""hexagon-fill""]",Phosphor Icons (Helena Zhang & Tobias Fried),MIT,https://github.com/phosphor-icons/core/blob/main/LICENSE,False,,png,1024,1024,,,True,hexagon; shape; abstract; svg,recolor signal red / cyan flare; scatter as accent shapes; scribble overlay or wipe mask,star-flare; scatter-letters; paper-collage; white-canvas-parade,low,False,False,downloaded,Derived: cairosvg render of il_shape_hexagon_001.svg. MIT: keep Phosphor copyright notice.,True,True,,16768,bcf12e4d78dcd9a2b987204b71ff0acae0957fdfe1938643f8abe62a49e8df8a,04_ILLUSTRATIONS/il_shape_hexagon_001.svg,09_PREVIEWS/thumbs/A7cc782a9.jpg,C,,,,
A1090ed82,04_ILLUSTRATIONS/il_shape_hexagon_001.svg,04_ILLUSTRATIONS,svg,,,"Solid hexagon - single-color vector (black), recolor to red/orange/cyan",npm: @iconify-json/ph (Phosphor Icons),https://github.com/phosphor-icons/core,"npm:@iconify-json/ph@1.2.2 icons.json[""hexagon-fill""]",Phosphor Icons (Helena Zhang & Tobias Fried),MIT,https://github.com/phosphor-icons/core/blob/main/LICENSE,False,,svg,640,640,,,True,hexagon; shape; abstract; svg,recolor signal red / cyan flare; scatter as accent shapes; scribble overlay or wipe mask,star-flare; scatter-letters; paper-collage; white-canvas-parade,low,False,False,downloaded,Extracted from Iconify JSON; fill #000000. PNG render il_shape_hexagon_001.png at 1024px.,True,True,,312,ad767d00651e64be2202c7c758b6a38bb9ff50c4023ca435714f7876f6b5ce87,04_ILLUSTRATIONS/il_shape_hexagon_001.png,09_PREVIEWS/thumbs/A1090ed82.jpg,C,,,,
A5f1da1fe,04_ILLUSTRATIONS/il_shape_lightning_001.png,04_ILLUSTRATIONS,illustration,,,Solid lightning bolt - 1024px PNG render,npm: @iconify-json/ph (Phosphor Icons),https://github.com/phosphor-icons/core,"npm:@iconify-json/ph@1.2.2 icons.json[""lightning-fill""]",Phosphor Icons (Helena Zhang & Tobias Fried),MIT,https://github.com/phosphor-icons/core/blob/main/LICENSE,False,,png,1024,1024,,,True,lightning; shape; abstract; svg,recolor signal red / cyan flare; scatter as accent shapes; scribble overlay or wipe mask,star-flare; scatter-letters; paper-collage; white-canvas-parade,medium,False,False,downloaded,Derived: cairosvg render of il_shape_lightning_001.svg. MIT: keep Phosphor copyright notice.,True,True,,19506,ce73f668b5566144f063c5fceb7213e3d63c8a8ac77ad2320c6a6d6dc1400614,04_ILLUSTRATIONS/il_shape_lightning_001.svg,09_PREVIEWS/thumbs/A5f1da1fe.jpg,C,,,,
A1de7de50,04_ILLUSTRATIONS/il_shape_lightning_001.svg,04_ILLUSTRATIONS,svg,,,"Solid lightning bolt - single-color vector (black), recolor to red/orange/cyan",npm: @iconify-json/ph (Phosphor Icons),https://github.com/phosphor-icons/core,"npm:@iconify-json/ph@1.2.2 icons.json[""lightning-fill""]",Phosphor Icons (Helena Zhang & Tobias Fried),MIT,https://github.com/phosphor-icons/core/blob/main/LICENSE,False,,svg,640,640,,,True,lightning; shape; abstract; svg,recolor signal red / cyan flare; scatter as accent shapes; scribble overlay or wipe mask,star-flare; scatter-letters; paper-collage; white-canvas-parade,medium,False,False,downloaded,Extracted from Iconify JSON; fill #000000. PNG render il_shape_lightning_001.png at 1024px.,True,True,,270,0dcd02c964aa478afb445a85659cc3af926201ce56971dc164eac36824998675,04_ILLUSTRATIONS/il_shape_lightning_001.png,09_PREVIEWS/thumbs/A1de7de50.jpg,C,,,,
A32a2b84d,04_ILLUSTRATIONS/il_shape_scribble_001.png,04_ILLUSTRATIONS,illustration,,,Zig-zag pen scribble line - 1024px PNG render,npm: @iconify-json/ph (Phosphor Icons),https://github.com/phosphor-icons/core,"npm:@iconify-json/ph@1.2.2 icons.json[""scribble""]",Phosphor Icons (Helena Zhang & Tobias Fried),MIT,https://github.com/phosphor-icons/core/blob/main/LICENSE,False,,png,1024,1024,,,True,scribble; shape; abstract; svg,recolor signal red / cyan flare; scatter as accent shapes; scribble overlay or wipe mask,star-flare; scatter-letters; paper-collage; white-canvas-parade,medium,False,False,downloaded,Derived: cairosvg render of il_shape_scribble_001.svg. MIT: keep Phosphor copyright notice.,True,True,,24604,cb0e79704a457d932f7bcbc86c5d4764735421442029bd008418b2be7fe26b18,04_ILLUSTRATIONS/il_shape_scribble_001.svg,09_PREVIEWS/thumbs/A32a2b84d.jpg,C,,,,
Ac4f91f0b,04_ILLUSTRATIONS/il_shape_scribble_001.svg,04_ILLUSTRATIONS,svg,,,"Zig-zag pen scribble line - single-color vector (black), recolor to red/orange/cyan",npm: @iconify-json/ph (Phosphor Icons),https://github.com/phosphor-icons/core,"npm:@iconify-json/ph@1.2.2 icons.json[""scribble""]",Phosphor Icons (Helena Zhang & Tobias Fried),MIT,https://github.com/phosphor-icons/core/blob/main/LICENSE,False,,svg,640,640,,,True,scribble; shape; abstract; svg,recolor signal red / cyan flare; scatter as accent shapes; scribble overlay or wipe mask,star-flare; scatter-letters; paper-collage; white-canvas-parade,medium,False,False,downloaded,Extracted from Iconify JSON; fill #000000. PNG render il_shape_scribble_001.png at 1024px.,True,True,,550,3de81aca9c9442d766de22ddfa811a580aa0fb776d8a2017ae83377202115f1b,04_ILLUSTRATIONS/il_shape_scribble_001.png,09_PREVIEWS/thumbs/Ac4f91f0b.jpg,C,,,,
Abbecf882,04_ILLUSTRATIONS/il_shape_scribble_loop_001.png,04_ILLUSTRATIONS,illustration,,,Looping pen scribble line (outline) - 1024px PNG render,npm: @iconify-json/ph (Phosphor Icons),https://github.com/phosphor-icons/core,"npm:@iconify-json/ph@1.2.2 icons.json[""scribble-loop""]",Phosphor Icons (Helena Zhang & Tobias Fried),MIT,https://github.com/phosphor-icons/core/blob/main/LICENSE,False,,png,1024,1024,,,True,scribble; loop; shape; abstract; svg,recolor signal red / cyan flare; scatter as accent shapes; scribble overlay or wipe mask,star-flare; scatter-letters; paper-collage; white-canvas-parade,high,False,False,downloaded,Derived: cairosvg render of il_shape_scribble_loop_001.svg. MIT: keep Phosphor copyright notice.,True,True,,27707,375251687328cac5987393b101928c10d428eb63e0db9b6d54d348e4fcc48d47,04_ILLUSTRATIONS/il_shape_scribble_loop_001.svg,09_PREVIEWS/thumbs/Abbecf882.jpg,C,,,,
Af884a537,04_ILLUSTRATIONS/il_shape_scribble_loop_001.svg,04_ILLUSTRATIONS,svg,,,"Looping pen scribble line (outline) - single-color vector (black), recolor to red/orange/cyan",npm: @iconify-json/ph (Phosphor Icons),https://github.com/phosphor-icons/core,"npm:@iconify-json/ph@1.2.2 icons.json[""scribble-loop""]",Phosphor Icons (Helena Zhang & Tobias Fried),MIT,https://github.com/phosphor-icons/core/blob/main/LICENSE,False,,svg,640,640,,,True,scribble; loop; shape; abstract; svg,recolor signal red / cyan flare; scatter as accent shapes; scribble overlay or wipe mask,star-flare; scatter-letters; paper-collage; white-canvas-parade,high,False,False,downloaded,Extracted from Iconify JSON; fill #000000. PNG render il_shape_scribble_loop_001.png at 1024px.,True,True,,766,f4cbd48a8bd3ad9dbcd64459155610f3a33414c66dcf3c900690935d98bc3009,04_ILLUSTRATIONS/il_shape_scribble_loop_001.png,09_PREVIEWS/thumbs/Af884a537.jpg,C,,,,
A3cd4413a,04_ILLUSTRATIONS/il_shape_scribble_loop_bold_001.png,04_ILLUSTRATIONS,illustration,,,Bold looping pen scribble line - 1024px PNG render,npm: @iconify-json/ph (Phosphor Icons),https://github.com/phosphor-icons/core,"npm:@iconify-json/ph@1.2.2 icons.json[""scribble-loop-bold""]",Phosphor Icons (Helena Zhang & Tobias Fried),MIT,https://github.com/phosphor-icons/core/blob/main/LICENSE,False,,png,1024,1024,,,True,scribble; loop; bold; shape; abstract; svg,recolor signal red / cyan flare; scatter as accent shapes; scribble overlay or wipe mask,star-flare; scatter-letters; paper-collage; white-canvas-parade,high,False,False,downloaded,Derived: cairosvg render of il_shape_scribble_loop_bold_001.svg. MIT: keep Phosphor copyright notice.,True,True,,28633,a2682c80e1e98b4eebaec41ebc70d9a89cd1824cde170494550dd9fda279c547,04_ILLUSTRATIONS/il_shape_scribble_loop_bold_001.svg,09_PREVIEWS/thumbs/A3cd4413a.jpg,C,,,,
Ae78afc80,04_ILLUSTRATIONS/il_shape_scribble_loop_bold_001.svg,04_ILLUSTRATIONS,svg,,,"Bold looping pen scribble line - single-color vector (black), recolor to red/orange/cyan",npm: @iconify-json/ph (Phosphor Icons),https://github.com/phosphor-icons/core,"npm:@iconify-json/ph@1.2.2 icons.json[""scribble-loop-bold""]",Phosphor Icons (Helena Zhang & Tobias Fried),MIT,https://github.com/phosphor-icons/core/blob/main/LICENSE,False,,svg,640,640,,,True,scribble; loop; bold; shape; abstract; svg,recolor signal red / cyan flare; scatter as accent shapes; scribble overlay or wipe mask,star-flare; scatter-letters; paper-collage; white-canvas-parade,high,False,False,downloaded,Extracted from Iconify JSON; fill #000000. PNG render il_shape_scribble_loop_bold_001.png at 1024px.,True,True,,741,982a2484056c5397aa24256146f655462d55c85fc5d55c549f1f83e260145dfd,04_ILLUSTRATIONS/il_shape_scribble_loop_bold_001.png,09_PREVIEWS/thumbs/Ae78afc80.jpg,C,,,,
A269ebfd1,04_ILLUSTRATIONS/il_shape_sparkle_001.png,04_ILLUSTRATIONS,illustration,,,Solid sparkle shape (big + small 4-point stars) - 1024px PNG render,npm: @iconify-json/ph (Phosphor Icons),https://github.com/phosphor-icons/core,"npm:@iconify-json/ph@1.2.2 icons.json[""sparkle-fill""]",Phosphor Icons (Helena Zhang & Tobias Fried),MIT,https://github.com/phosphor-icons/core/blob/main/LICENSE,False,,png,1024,1024,,,True,sparkle; shape; abstract; svg,recolor signal red / cyan flare; scatter as accent shapes; scribble overlay or wipe mask,star-flare; scatter-letters; paper-collage; white-canvas-parade,high,False,False,downloaded,Derived: cairosvg render of il_shape_sparkle_001.svg. MIT: keep Phosphor copyright notice.,True,True,,22299,ec2f48bb5966696867f568bc00fbe865d7769bb1cff737ac272cb27481ee13db,04_ILLUSTRATIONS/il_shape_sparkle_001.svg,09_PREVIEWS/thumbs/A269ebfd1.jpg,C,,,,
A72c0576e,04_ILLUSTRATIONS/il_shape_sparkle_001.svg,04_ILLUSTRATIONS,svg,,,"Solid sparkle shape (big + small 4-point stars) - single-color vector (black), recolor to red/orange/cyan",npm: @iconify-json/ph (Phosphor Icons),https://github.com/phosphor-icons/core,"npm:@iconify-json/ph@1.2.2 icons.json[""sparkle-fill""]",Phosphor Icons (Helena Zhang & Tobias Fried),MIT,https://github.com/phosphor-icons/core/blob/main/LICENSE,False,,svg,640,640,,,True,sparkle; shape; abstract; svg,recolor signal red / cyan flare; scatter as accent shapes; scribble overlay or wipe mask,star-flare; scatter-letters; paper-collage; white-canvas-parade,high,False,False,downloaded,Extracted from Iconify JSON; fill #000000. PNG render il_shape_sparkle_001.png at 1024px.,True,True,,509,4379f5b8472b3aef129b36aa53febf54d002930cd0e815c0b253c4a930582809,04_ILLUSTRATIONS/il_shape_sparkle_001.png,09_PREVIEWS/thumbs/A72c0576e.jpg,C,,,,
Aca6a8dbf,04_ILLUSTRATIONS/il_shape_spiral_001.png,04_ILLUSTRATIONS,illustration,,,Solid spiral - 1024px PNG render,npm: @iconify-json/ph (Phosphor Icons),https://github.com/phosphor-icons/core,"npm:@iconify-json/ph@1.2.2 icons.json[""spiral-fill""]",Phosphor Icons (Helena Zhang & Tobias Fried),MIT,https://github.com/phosphor-icons/core/blob/main/LICENSE,False,,png,1024,1024,,,True,spiral; shape; abstract; svg,recolor signal red / cyan flare; scatter as accent shapes; scribble overlay or wipe mask,star-flare; scatter-letters; paper-collage; white-canvas-parade,medium,False,False,downloaded,Derived: cairosvg render of il_shape_spiral_001.svg. MIT: keep Phosphor copyright notice.,True,True,,35201,32325ca150fa2d10291f1eea5c8c1deb61e9f6ebd7703d439c2bf19e3adb16c8,04_ILLUSTRATIONS/il_shape_spiral_001.svg,09_PREVIEWS/thumbs/Aca6a8dbf.jpg,C,,,,
A77e4c77b,04_ILLUSTRATIONS/il_shape_spiral_001.svg,04_ILLUSTRATIONS,svg,,,"Solid spiral - single-color vector (black), recolor to red/orange/cyan",npm: @iconify-json/ph (Phosphor Icons),https://github.com/phosphor-icons/core,"npm:@iconify-json/ph@1.2.2 icons.json[""spiral-fill""]",Phosphor Icons (Helena Zhang & Tobias Fried),MIT,https://github.com/phosphor-icons/core/blob/main/LICENSE,False,,svg,640,640,,,True,spiral; shape; abstract; svg,recolor signal red / cyan flare; scatter as accent shapes; scribble overlay or wipe mask,star-flare; scatter-letters; paper-collage; white-canvas-parade,medium,False,False,downloaded,Extracted from Iconify JSON; fill #000000. PNG render il_shape_spiral_001.png at 1024px.,True,True,,502,5d2beac108bed10831d8541abc6b498ae0d697d3c21c2eeac516f34e80f9b6c2,04_ILLUSTRATIONS/il_shape_spiral_001.png,09_PREVIEWS/thumbs/A77e4c77b.jpg,C,,,,
Ae3663d91,04_ILLUSTRATIONS/il_shape_star4_flare_001.png,04_ILLUSTRATIONS,illustration,,,Solid 4-point star (flare/sparkle shape) - 1024px PNG render,npm: @iconify-json/ph (Phosphor Icons),https://github.com/phosphor-icons/core,"npm:@iconify-json/ph@1.2.2 icons.json[""star-four-fill""]",Phosphor Icons (Helena Zhang & Tobias Fried),MIT,https://github.com/phosphor-icons/core/blob/main/LICENSE,False,,png,1024,1024,,,True,star4; flare; shape; abstract; svg,recolor signal red / cyan flare; scatter as accent shapes; scribble overlay or wipe mask,star-flare; scatter-letters; paper-collage; white-canvas-parade,high,False,False,downloaded,Derived: cairosvg render of il_shape_star4_flare_001.svg. MIT: keep Phosphor copyright notice.,True,True,,18067,d744cee5e5cfa4aaa4ba4308f05193171edb81c3777d94c6cda3ca130e4aa312,04_ILLUSTRATIONS/il_shape_star4_flare_001.svg,09_PREVIEWS/thumbs/Ae3663d91.jpg,C,,,,
A99b63f81,04_ILLUSTRATIONS/il_shape_star4_flare_001.svg,04_ILLUSTRATIONS,svg,,,"Solid 4-point star (flare/sparkle shape) - single-color vector (black), recolor to red/orange/cyan",npm: @iconify-json/ph (Phosphor Icons),https://github.com/phosphor-icons/core,"npm:@iconify-json/ph@1.2.2 icons.json[""star-four-fill""]",Phosphor Icons (Helena Zhang & Tobias Fried),MIT,https://github.com/phosphor-icons/core/blob/main/LICENSE,False,,svg,640,640,,,True,star4; flare; shape; abstract; svg,recolor signal red / cyan flare; scatter as accent shapes; scribble overlay or wipe mask,star-flare; scatter-letters; paper-collage; white-canvas-parade,high,False,False,downloaded,Extracted from Iconify JSON; fill #000000. PNG render il_shape_star4_flare_001.png at 1024px.,True,True,,319,59204a71ee05cb3326bd489fbf3ff13e266e39edede6950b92b85100ec7f2a65,04_ILLUSTRATIONS/il_shape_star4_flare_001.png,09_PREVIEWS/thumbs/A99b63f81.jpg,C,,,,
Adfe19eee,04_ILLUSTRATIONS/il_shape_star5_001.png,04_ILLUSTRATIONS,illustration,,,Solid 5-point star - 1024px PNG render,npm: @iconify-json/ph (Phosphor Icons),https://github.com/phosphor-icons/core,"npm:@iconify-json/ph@1.2.2 icons.json[""star-fill""]",Phosphor Icons (Helena Zhang & Tobias Fried),MIT,https://github.com/phosphor-icons/core/blob/main/LICENSE,False,,png,1024,1024,,,True,star5; shape; abstract; svg,recolor signal red / cyan flare; scatter as accent shapes; scribble overlay or wipe mask,star-flare; scatter-letters; paper-collage; white-canvas-parade,medium,False,False,downloaded,Derived: cairosvg render of il_shape_star5_001.svg. MIT: keep Phosphor copyright notice.,True,True,,21627,7a035c893e92c40f55d66079973e4753f089c84d562e60c8a186d31eef0bcc11,04_ILLUSTRATIONS/il_shape_star5_001.svg,09_PREVIEWS/thumbs/Adfe19eee.jpg,C,,,,
A842abc47,04_ILLUSTRATIONS/il_shape_star5_001.svg,04_ILLUSTRATIONS,svg,,,"Solid 5-point star - single-color vector (black), recolor to red/orange/cyan",npm: @iconify-json/ph (Phosphor Icons),https://github.com/phosphor-icons/core,"npm:@iconify-json/ph@1.2.2 icons.json[""star-fill""]",Phosphor Icons (Helena Zhang & Tobias Fried),MIT,https://github.com/phosphor-icons/core/blob/main/LICENSE,False,,svg,640,640,,,True,star5; shape; abstract; svg,recolor signal red / cyan flare; scatter as accent shapes; scribble overlay or wipe mask,star-flare; scatter-letters; paper-collage; white-canvas-parade,medium,False,False,downloaded,Extracted from Iconify JSON; fill #000000. PNG render il_shape_star5_001.png at 1024px.,True,True,,377,0a554cd500c90636270acff783281d69e4de6e2acfcc7e753674b745e44f6953,04_ILLUSTRATIONS/il_shape_star5_001.png,09_PREVIEWS/thumbs/A842abc47.jpg,C,,,,
A273ae313,04_ILLUSTRATIONS/il_shape_wavy_seal_001.png,04_ILLUSTRATIONS,illustration,,,Wavy-edged seal blob shape - 1024px PNG render,npm: @iconify-json/ph (Phosphor Icons),https://github.com/phosphor-icons/core,"npm:@iconify-json/ph@1.2.2 icons.json[""seal-fill""]",Phosphor Icons (Helena Zhang & Tobias Fried),MIT,https://github.com/phosphor-icons/core/blob/main/LICENSE,False,,png,1024,1024,,,True,wavy; seal; shape; abstract; svg,recolor signal red / cyan flare; scatter as accent shapes; scribble overlay or wipe mask,star-flare; scatter-letters; paper-collage; white-canvas-parade,medium,False,False,downloaded,Derived: cairosvg render of il_shape_wavy_seal_001.svg. MIT: keep Phosphor copyright notice.,True,True,,20393,8cd99724a2a534d0ed93ec44fa11c5b843b79b5309ed9cac0b6e5fcbbaa0b03a,04_ILLUSTRATIONS/il_shape_wavy_seal_001.svg,09_PREVIEWS/thumbs/A273ae313.jpg,C,,,,
Af1cdf726,04_ILLUSTRATIONS/il_shape_wavy_seal_001.svg,04_ILLUSTRATIONS,svg,,,"Wavy-edged seal blob shape - single-color vector (black), recolor to red/orange/cyan",npm: @iconify-json/ph (Phosphor Icons),https://github.com/phosphor-icons/core,"npm:@iconify-json/ph@1.2.2 icons.json[""seal-fill""]",Phosphor Icons (Helena Zhang & Tobias Fried),MIT,https://github.com/phosphor-icons/core/blob/main/LICENSE,False,,svg,640,640,,,True,wavy; seal; shape; abstract; svg,recolor signal red / cyan flare; scatter as accent shapes; scribble overlay or wipe mask,star-flare; scatter-letters; paper-collage; white-canvas-parade,medium,False,False,downloaded,Extracted from Iconify JSON; fill #000000. PNG render il_shape_wavy_seal_001.png at 1024px.,True,True,,1025,63a9f03862d79e67c83ff9c998bc6b3ceaf4296d964eb8c7d39411cf6c7893b5,04_ILLUSTRATIONS/il_shape_wavy_seal_001.png,09_PREVIEWS/thumbs/Af1cdf726.jpg,C,,,,
A33cd9c1b,05_MUSIC/mu_flan_tropical_breeze_011.ogg,05_MUSIC,music,Tropical Breeze,Flan,Tropical Breeze - light bouncy tropical synth/marimba-style loop,GitHub: supertux/supertux,https://github.com/supertux/supertux/blob/master/data/music/tropical/tropicalbreeze.ogg,https://raw.githubusercontent.com/supertux/supertux/master/data/music/tropical/tropicalbreeze.ogg,Flan,CC-BY-SA 4.0,https://github.com/supertux/supertux/blob/master/data/music/tropical/tropicalbreeze.music,True,"""Tropical Breeze"" by Flan, from SuperTux (supertux.org), licensed CC-BY-SA 4.0.",ogg,,,73.147,103.4,,tropical; bouncy; light; marimba,upbeat scenes; feel-good montage,loop-bg; paper-collage,medium,False,False,downloaded,"FIT: Sunny, youthful and light; plays well for upbeat sections at ~103 BPM. BPM is an estimate (spectral-flux autocorrelation, 70-180 range); may be half/double time. Loopable game track (loop points in source .music file). License verified in per-track .music file in repo (CC-BY-SA 4.0). ShareAlike: derivatives of the music (edits/remixes) must be CC-BY-SA; check before using in a commercial video.",True,True,attribution_required; license_restrictions,963679,ab0f63042aec2b0484c0accd45a2bc5497e2ba0590a758b8ec504def9681a3ac,,09_PREVIEWS/thumbs/A33cd9c1b.jpg,D,2,,,44100
Ad69e1e2d,05_MUSIC/mu_hydrogene_i_am_not_clumsy_021.mp3,05_MUSIC,music,I am not clumsy,HydroGene,"I am not clumsy - short, funny stumbling 8-bit chiptune (39 s)",GitHub: simunpat/Catacombs,https://github.com/simunpat/Catacombs/blob/HEAD/Assets/Catacombs/Audio/Music/18%20High%20Quality%208-bit%20Musics/13.%20I%20am%20not%20clumsy.mp3,https://raw.githubusercontent.com/simunpat/Catacombs/HEAD/Assets/Catacombs/Audio/Music/18%20High%20Quality%208-bit%20Musics/13.%20I%20am%20not%20clumsy.mp3,HydroGene,CC0-1.0,https://creativecommons.org/publicdomain/zero/1.0/,False,,mp3,,,39.314,112.3,,chiptune; comedic; short,short spot bed; gag cue,beat-sync-montage,medium,False,False,downloaded,"FIT: Short comedic cue; fits a 30-45 s spot or stinger. BPM is an estimate (spectral-flux autocorrelation); may be half/double time. CC0 claim verified from the repo README (Danish credits section: 'High Quality 8-bit / Chiptune Musics' by HydroGene, CC0, itch.io). Original 320/192 kbps MP3 unmodified; the repo README is the only license evidence (itch page not reachable).",True,True,license_caveat,1572627,f182ced3fc7689549aa6ba8a4195433e12701477185f67f6e72af069bcbbf147,,09_PREVIEWS/thumbs/Ad69e1e2d.jpg,D,2,,,44100
Aec1b8bb8,05_MUSIC/mu_hydrogene_jester_theme_020.mp3,05_MUSIC,music,Jester Theme,HydroGene,"Jester Theme - quirky, mischievous 8-bit chiptune",GitHub: simunpat/Catacombs,https://github.com/simunpat/Catacombs/blob/HEAD/Assets/Catacombs/Audio/Music/18%20High%20Quality%208-bit%20Musics/10.%20Jester%20Theme.mp3,https://raw.githubusercontent.com/simunpat/Catacombs/HEAD/Assets/Catacombs/Audio/Music/18%20High%20Quality%208-bit%20Musics/10.%20Jester%20Theme.mp3,HydroGene,CC0-1.0,https://creativecommons.org/publicdomain/zero/1.0/,False,,mp3,,,65.123,117.5,,chiptune; quirky; mischievous,playful gag sections,glitch-transition; scatter-letters,high,False,False,downloaded,"FIT: Mischievous, unusual melodic character suits an experimental, playful tone. BPM is an estimate (spectral-flux autocorrelation); may be half/double time. CC0 claim verified from the repo README (Danish credits section: 'High Quality 8-bit / Chiptune Musics' by HydroGene, CC0, itch.io). Original 320/192 kbps MP3 unmodified; the repo README is the only license evidence (itch page not reachable).",True,True,license_caveat,2604986,53527ee8d7b09bc33975351e0fc56c18015cecbb8dcc0675f1dfb14db984bf21,,09_PREVIEWS/thumbs/Aec1b8bb8.jpg,D,2,,,44100
A7d54a03b,05_MUSIC/mu_hydrogene_monstervania_1_018.mp3,05_MUSIC,music,MonsterVania #1,HydroGene,MonsterVania #1 - jaunty 8-bit chiptune with a bouncy bass line,GitHub: simunpat/Catacombs,https://github.com/simunpat/Catacombs/blob/HEAD/Assets/Catacombs/Audio/Music/18%20High%20Quality%208-bit%20Musics/07.%20MonsterVania%20%231.mp3,https://raw.githubusercontent.com/simunpat/Catacombs/HEAD/Assets/Catacombs/Audio/Music/18%20High%20Quality%208-bit%20Musics/07.%20MonsterVania%20%231.mp3,HydroGene,CC0-1.0,https://creativecommons.org/publicdomain/zero/1.0/,False,,mp3,,,120.033,89.1,,chiptune; 8-bit; bouncy; castlevania-style,VO bed; main montage track,beat-sync-montage; loop-bg,high,False,False,downloaded,"FIT: ~89 BPM est., matching the reference 86-90 BPM bed almost exactly; chiptune character for the pixel art. BPM is an estimate (spectral-flux autocorrelation); may be half/double time. CC0 claim verified from the repo README (Danish credits section: 'High Quality 8-bit / Chiptune Musics' by HydroGene, CC0, itch.io). Original 320/192 kbps MP3 unmodified; the repo README is the only license evidence (itch page not reachable).",True,True,license_caveat,2880853,f9269a3c2445a30bd518b44f8feaefe2aca35758e06aaf71efcbe1e6f1d8bdf6,,09_PREVIEWS/thumbs/A7d54a03b.jpg,D,2,,,44100
A432ce675,05_MUSIC/mu_hydrogene_rush_point_019.mp3,05_MUSIC,music,Rush Point,HydroGene,"Rush Point - fast-feeling 8-bit chiptune, 2.5 min",GitHub: simunpat/Catacombs,https://github.com/simunpat/Catacombs/blob/HEAD/Assets/Catacombs/Audio/Music/18%20High%20Quality%208-bit%20Musics/15.%20Rush%20Point.mp3,https://raw.githubusercontent.com/simunpat/Catacombs/HEAD/Assets/Catacombs/Audio/Music/18%20High%20Quality%208-bit%20Musics/15.%20Rush%20Point.mp3,HydroGene,CC0-1.0,https://creativecommons.org/publicdomain/zero/1.0/,False,,mp3,,,150.909,92.3,,chiptune; 8-bit; fast; energetic,fast montage; object collision beats,beat-sync-montage; glitch-transition,high,False,False,downloaded,"FIT: Energetic chip lead over ~92 BPM (likely 184 double-time feel) for fast montage sections. BPM is an estimate (spectral-flux autocorrelation); may be half/double time. CC0 claim verified from the repo README (Danish credits section: 'High Quality 8-bit / Chiptune Musics' by HydroGene, CC0, itch.io). Original 320/192 kbps MP3 unmodified; the repo README is the only license evidence (itch page not reachable).",True,True,license_caveat,6036431,e8db6f6a3133662deccfb779b4ce4f497c9a6294f135fc2632aa71c31f416b25,,09_PREVIEWS/thumbs/A432ce675.jpg,D,2,,,44100
Ad4ba7e89,05_MUSIC/mu_hydrogene_slay_the_evil_016.mp3,05_MUSIC,music,Slay The Evil,HydroGene,Slay The Evil - punchy NES-style chiptune with driving bass and lead,GitHub: simunpat/Catacombs,https://github.com/simunpat/Catacombs/blob/HEAD/Assets/Catacombs/Audio/Music/18%20High%20Quality%208-bit%20Musics/01.%20Slay%20The%20Evil.mp3,https://raw.githubusercontent.com/simunpat/Catacombs/HEAD/Assets/Catacombs/Audio/Music/18%20High%20Quality%208-bit%20Musics/01.%20Slay%20The%20Evil.mp3,HydroGene,CC0-1.0,https://creativecommons.org/publicdomain/zero/1.0/,False,,mp3,,,82.338,112.3,,chiptune; 8-bit; nes; energetic,pixel-art montage; fast cuts,beat-sync-montage; retro-window,high,False,False,downloaded,"FIT: Authentic 8-bit chiptune; pairs with pixel art and fast cuts; CC0 so no attribution burden. BPM is an estimate (spectral-flux autocorrelation); may be half/double time. CC0 claim verified from the repo README (Danish credits section: 'High Quality 8-bit / Chiptune Musics' by HydroGene, CC0, itch.io). Original 320/192 kbps MP3 unmodified; the repo README is the only license evidence (itch page not reachable).",True,True,license_caveat,3293574,5190ef472856ea8fcd595f9237dbd0d1933288da92469aa864ca685bad3d8d93,,09_PREVIEWS/thumbs/Ad4ba7e89.jpg,D,2,,,44100
A4906c0a6,05_MUSIC/mu_hydrogene_space_adventure_017.mp3,05_MUSIC,music,Space Adventure,HydroGene,"Space Adventure - bouncy, spacey 8-bit chiptune at an easy mid tempo",GitHub: simunpat/Catacombs,https://github.com/simunpat/Catacombs/blob/HEAD/Assets/Catacombs/Audio/Music/18%20High%20Quality%208-bit%20Musics/08.%20Space%20Adventure.mp3,https://raw.githubusercontent.com/simunpat/Catacombs/HEAD/Assets/Catacombs/Audio/Music/18%20High%20Quality%208-bit%20Musics/08.%20Space%20Adventure.mp3,HydroGene,CC0-1.0,https://creativecommons.org/publicdomain/zero/1.0/,False,,mp3,,,82.338,92.3,,chiptune; 8-bit; space; playful,VO bed; pixel object parade,beat-sync-montage; loop-bg,high,False,False,downloaded,"FIT: ~92 BPM est. sits in the reference 86-90 zone; playful chip melody that can sit under VO. BPM is an estimate (spectral-flux autocorrelation); may be half/double time. CC0 claim verified from the repo README (Danish credits section: 'High Quality 8-bit / Chiptune Musics' by HydroGene, CC0, itch.io). Original 320/192 kbps MP3 unmodified; the repo README is the only license evidence (itch page not reachable).",True,True,license_caveat,1976181,f8a232f6fc5a52d1ea85705447617a1d6132e63d993d63ad542c253f1b614b93,,09_PREVIEWS/thumbs/A4906c0a6.jpg,D,2,,,44100
Ae594b9f2,05_MUSIC/mu_junkala_underwick_area1_026.ogg,05_MUSIC,music,Underwick Area 1 (Junkala chiptune),Juhani Junkala (SubspaceAudio),Underwick Area 1 (Junkala chiptune) - tight 8-bit chiptune loop,GitHub: dbackowski/underwick,https://github.com/dbackowski/underwick/blob/HEAD/audio/area1.ogg,https://raw.githubusercontent.com/dbackowski/underwick/HEAD/audio/area1.ogg,Juhani Junkala (SubspaceAudio),CC0-1.0,https://creativecommons.org/publicdomain/zero/1.0/,False,,ogg,,,41.143,92.3,,junkala; chiptune; 8-bit; cc0,pixel montage; beat-synced cuts,beat-sync-montage; retro-window,high,False,False,downloaded,"FIT: Pure 8-bit game chiptune ~92 BPM est., right for pixel art. BPM is an estimate (spectral-flux autocorrelation); may be half/double time. License evidence: underwick README Credits section says music by Juhani Junkala under CC0 from 'Chiptune Adventures' and 'Retro Game Music Pack' (OpenGameArt); the repo does not say which pack this file belongs to, original track name unknown. OGG as shipped in repo.",True,True,,587551,c29035219b8dc74c170d49f97b13dbda877f456ad394f3ee40b1bbcd0822a849,,09_PREVIEWS/thumbs/Ae594b9f2.jpg,D,2,,,44100
Abab5cabc,05_MUSIC/mu_junkala_underwick_area3_027.ogg,05_MUSIC,music,Underwick Area 3 (Junkala chiptune),Juhani Junkala (SubspaceAudio),Underwick Area 3 (Junkala chiptune) - 8-bit chiptune loop at ~89 BPM,GitHub: dbackowski/underwick,https://github.com/dbackowski/underwick/blob/HEAD/audio/area3.ogg,https://raw.githubusercontent.com/dbackowski/underwick/HEAD/audio/area3.ogg,Juhani Junkala (SubspaceAudio),CC0-1.0,https://creativecommons.org/publicdomain/zero/1.0/,False,,ogg,,,74.254,89.1,,junkala; chiptune; 8-bit; cc0,pixel montage; beat-synced cuts,beat-sync-montage; retro-window,high,False,False,downloaded,"FIT: ~89 BPM est. (reference zone) with authentic chip sound. BPM is an estimate (spectral-flux autocorrelation); may be half/double time. License evidence: underwick README Credits section says music by Juhani Junkala under CC0 from 'Chiptune Adventures' and 'Retro Game Music Pack' (OpenGameArt); the repo does not say which pack this file belongs to, original track name unknown. OGG as shipped in repo.",True,True,,1151801,1e0514d06cfefae576d6b47b4255154354b48689b6129a2611d018c536302cac,,09_PREVIEWS/thumbs/Abab5cabc.jpg,D,2,,,44100
A25bd9dfe,05_MUSIC/mu_junkala_underwick_title_028.ogg,05_MUSIC,music,Underwick Title (Junkala chiptune),Juhani Junkala (SubspaceAudio),Underwick Title (Junkala chiptune) - 11 s chiptune title sting,GitHub: dbackowski/underwick,https://github.com/dbackowski/underwick/blob/HEAD/audio/title.ogg,https://raw.githubusercontent.com/dbackowski/underwick/HEAD/audio/title.ogg,Juhani Junkala (SubspaceAudio),CC0-1.0,https://creativecommons.org/publicdomain/zero/1.0/,False,,ogg,,,11.294,112.3,,junkala; chiptune; 8-bit; cc0,pixel montage; beat-synced cuts,beat-sync-montage; retro-window,medium,False,False,downloaded,"FIT: Short title sting / logo hit. BPM is an estimate (spectral-flux autocorrelation); may be half/double time. License evidence: underwick README Credits section says music by Juhani Junkala under CC0 from 'Chiptune Adventures' and 'Retro Game Music Pack' (OpenGameArt); the repo does not say which pack this file belongs to, original track name unknown. OGG as shipped in repo.",True,True,,181115,4e9ea2bf180b6d4fbe2c7b0b75446de3ea028c76ddeb849ac79d4642f09c97fd,,09_PREVIEWS/thumbs/A25bd9dfe.jpg,D,2,,,44100
A71995539,05_MUSIC/mu_komiku_ancient_heavy_tech_donjon_023.ogg,05_MUSIC,music,Ancient Heavy Tech Donjon,Komiku,"Ancient Heavy Tech Donjon - moody rhythmic chip-electronic groove, 3:53",GitHub: kaz3tv/roguelike,https://github.com/kaz3tv/roguelike/blob/HEAD/assets/audio/bgm/dungeon_1.ogg,https://raw.githubusercontent.com/kaz3tv/roguelike/HEAD/assets/audio/bgm/dungeon_1.ogg,Komiku,CC0-1.0,https://creativecommons.org/publicdomain/zero/1.0/,False,,ogg,,,233.0,89.1,,komiku; chiptune; groove; rhythmic,VO bed; loop-able montage underscore,loop-bg; beat-sync-montage,high,False,False,downloaded,"FIT: ~89 BPM est. matches reference tempo; rhythmic chip bed with texture. BPM is an estimate (spectral-flux autocorrelation); may be half/double time. Original title 'Ancient Heavy Tech Donjon', album 'It's time for adventure! vol 5' (Free Music Archive, CC0). License evidence: repo assets/audio/CREDITS.md states Komiku, CC0 1.0 per FMA album pages. CAVEAT: file is the repo author's ~100 kbps OGG re-encode of Komiku's 320 kbps MP3, not the pristine original.",True,True,,3210882,e3252bee51392fd5c332872124bdbcced7dc214218b27a50f851fb83911b0627,,09_PREVIEWS/thumbs/A71995539.jpg,D,2,,,44100
Af2519f88,05_MUSIC/mu_komiku_opening_022.ogg,05_MUSIC,music,Opening,Komiku,Opening - bright chip-flavoured adventure opening,GitHub: kaz3tv/roguelike,https://github.com/kaz3tv/roguelike/blob/HEAD/assets/audio/bgm/title.ogg,https://raw.githubusercontent.com/kaz3tv/roguelike/HEAD/assets/audio/bgm/title.ogg,Komiku,CC0-1.0,https://creativecommons.org/publicdomain/zero/1.0/,False,,ogg,,,121.462,129.2,,komiku; chiptune; adventure; playful,VO bed; loop-able montage underscore,beat-sync-montage,high,False,False,downloaded,"FIT: Komiku's playful chip/adventure feel, CC0. BPM is an estimate (spectral-flux autocorrelation); may be half/double time. Original title 'Opening', album 'It's time for adventure! vol 4' (Free Music Archive, CC0). License evidence: repo assets/audio/CREDITS.md states Komiku, CC0 1.0 per FMA album pages. CAVEAT: file is the repo author's ~100 kbps OGG re-encode of Komiku's 320 kbps MP3, not the pristine original.",True,True,,1537817,e44ec79abb6a120bebdc86f509ce4f0003c10da995dc626bbd2adc9d21253b93,,09_PREVIEWS/thumbs/Af2519f88.jpg,D,2,,,44100
A57c75dd2,05_MUSIC/mu_komiku_remember_this_shadow_024.ogg,05_MUSIC,music,Remember this shadow,Komiku,Remember this shadow - mellow chip-synth piece,GitHub: kaz3tv/roguelike,https://github.com/kaz3tv/roguelike/blob/HEAD/assets/audio/bgm/dungeon_3.ogg,https://raw.githubusercontent.com/kaz3tv/roguelike/HEAD/assets/audio/bgm/dungeon_3.ogg,Komiku,CC0-1.0,https://creativecommons.org/publicdomain/zero/1.0/,False,,ogg,,,213.129,86.1,,komiku; mellow; chip; ambient,VO bed; loop-able montage underscore,loop-bg; white-canvas-parade,high,False,False,downloaded,"FIT: ~86 BPM est., exactly the reference bed tempo; mellow synth under VO. BPM is an estimate (spectral-flux autocorrelation); may be half/double time. Original title 'Remember this shadow', album 'It's time for adventure! vol 2' (Free Music Archive, CC0). License evidence: repo assets/audio/CREDITS.md states Komiku, CC0 1.0 per FMA album pages. CAVEAT: file is the repo author's ~100 kbps OGG re-encode of Komiku's 320 kbps MP3, not the pristine original.",True,True,,2734509,b10a908791eefbdb4aea0b62610991ae389ca0f29cbe22a4286e60629e6439e6,,09_PREVIEWS/thumbs/A57c75dd2.jpg,D,2,,,44100
A14953b29,05_MUSIC/mu_komiku_victory_025.ogg,05_MUSIC,music,Victory,Komiku,Victory - upbeat triumphant chip tune,GitHub: kaz3tv/roguelike,https://github.com/kaz3tv/roguelike/blob/HEAD/assets/audio/bgm/clear.ogg,https://raw.githubusercontent.com/kaz3tv/roguelike/HEAD/assets/audio/bgm/clear.ogg,Komiku,CC0-1.0,https://creativecommons.org/publicdomain/zero/1.0/,False,,ogg,,,235.0,99.4,,komiku; victory; upbeat; chip,VO bed; loop-able montage underscore,beat-sync-montage,medium,False,False,downloaded,"FIT: Upbeat, triumphant payoff cue for the final act. BPM is an estimate (spectral-flux autocorrelation); may be half/double time. Original title 'Victory', album 'It's time for adventure! vol 2' (Free Music Archive, CC0). License evidence: repo assets/audio/CREDITS.md states Komiku, CC0 1.0 per FMA album pages. CAVEAT: file is the repo author's ~100 kbps OGG re-encode of Komiku's 320 kbps MP3, not the pristine original.",True,True,,2856082,55ca2028f3c96e5c219a4434acc39084f95375e69f4cf33bd988737e74c29711,,09_PREVIEWS/thumbs/A14953b29.jpg,D,2,,,44100
A6edef2f6,05_MUSIC/mu_kpone_crushed_ice_cocktail_015.ogg,05_MUSIC,music,Crushed Ice Cocktail,K-Pone (Martin Strohmeier),Crushed Ice Cocktail - lounge-style electronic downtempo with playful keys,GitHub: openclonk/openclonk,https://github.com/openclonk/openclonk/blob/master/planet/Music.ocg/%40CrushedIceCocktail.ogg,https://raw.githubusercontent.com/openclonk/openclonk/master/planet/Music.ocg/%40CrushedIceCocktail.ogg,K-Pone (Martin Strohmeier),CC-BY-3.0,https://github.com/openclonk/openclonk/blob/master/planet/Music.ocg/authors.txt,True,"""Crushed Ice Cocktail"" by K-Pone (Martin Strohmeier), from OpenClonk (openclonk.org), CC BY 3.0 (creativecommons.org/licenses/by/3.0/).",ogg,,,125.904,123.0,,lounge; downtempo; keys; warm; playful,VO bed; soft sections before dropout,loop-bg; white-canvas-parade,high,False,False,downloaded,"FIT: Warm lounge keys/electronic bed with gentle pulses, closest to the reference lo-fi keys vibe in this set; ~123 est. (could be 61.5 half-time). BPM is an estimate (spectral-flux autocorrelation, 70-180 range); may be half/double time. Loopable game track (loop points in source .music file). License verified: planet/Music.ocg/authors.txt states CC-BY 3.0 unless noted and lists this title under K-Pone. Permissive (no ShareAlike).",True,True,attribution_required,2166601,d30b9647ba2c35ab8ca8c106f0801790377f2a49774e2690577f604d70bb0244,,09_PREVIEWS/thumbs/A6edef2f6.jpg,D,2,,,44100
A81ce4a7c,05_MUSIC/mu_kpone_motorway_013.ogg,05_MUSIC,music,Motorway,K-Pone (Martin Strohmeier),Motorway - driving electronic groove,GitHub: openclonk/openclonk,https://github.com/openclonk/openclonk/blob/master/planet/Music.ocg/Motorway.ogg,https://raw.githubusercontent.com/openclonk/openclonk/master/planet/Music.ocg/Motorway.ogg,K-Pone (Martin Strohmeier),CC-BY-3.0,https://github.com/openclonk/openclonk/blob/master/planet/Music.ocg/authors.txt,True,"""Motorway"" by K-Pone (Martin Strohmeier), from OpenClonk (openclonk.org), CC BY 3.0 (creativecommons.org/licenses/by/3.0/).",ogg,,,195.698,129.2,,electronic; driving; groove,fast montage,beat-sync-montage,medium,False,False,downloaded,"FIT: Driving electronic pulse (~129 BPM est.) well-suited to fast montages; permissive CC-BY. BPM is an estimate (spectral-flux autocorrelation, 70-180 range); may be half/double time. Loopable game track (loop points in source .music file). License verified: planet/Music.ocg/authors.txt states CC-BY 3.0 unless noted and lists this title under K-Pone. Permissive (no ShareAlike).",True,True,attribution_required,3651360,8f534e2b810522d10b2d6cfd9b367feffcfe9a7821ea0bcfb4f4fe09c0756938,,09_PREVIEWS/thumbs/A81ce4a7c.jpg,D,2,,,44100
A76cd3302,05_MUSIC/mu_kpone_offshore_014.ogg,05_MUSIC,music,Offshore,K-Pone (Martin Strohmeier),Offshore - mid-tempo chilled electronic with light pulse,GitHub: openclonk/openclonk,https://github.com/openclonk/openclonk/blob/master/planet/Music.ocg/Offshore.ogg,https://raw.githubusercontent.com/openclonk/openclonk/master/planet/Music.ocg/Offshore.ogg,K-Pone (Martin Strohmeier),CC-BY-3.0,https://github.com/openclonk/openclonk/blob/master/planet/Music.ocg/authors.txt,True,"""Offshore"" by K-Pone (Martin Strohmeier), from OpenClonk (openclonk.org), CC BY 3.0 (creativecommons.org/licenses/by/3.0/).",ogg,,,189.234,161.5,,chill; electronic; mellow; ambient,VO bed; lo-fi-like underscore,loop-bg; white-canvas-parade,high,False,False,downloaded,"FIT: Estimate 161 likely a double-time reading of ~80 BPM, i.e. the reference 86-90 lo-fi bed zone; mellow electronic keys under VO. BPM is an estimate (spectral-flux autocorrelation, 70-180 range); may be half/double time. Loopable game track (loop points in source .music file). License verified: planet/Music.ocg/authors.txt states CC-BY 3.0 unless noted and lists this title under K-Pone. Permissive (no ShareAlike).",True,True,attribution_required,3725693,352ef4c9fae8530bda9dfc887644ea79fe6f5493978998a518918aa3a830dbcd,,09_PREVIEWS/thumbs/A76cd3302.jpg,D,2,,,44100
A785cc091,05_MUSIC/mu_kpone_urban_bolero_012.ogg,05_MUSIC,music,Urban Bolero,K-Pone (Martin Strohmeier),Urban Bolero - electronic bolero-style groove with rhythmic synth layers,GitHub: openclonk/openclonk,https://github.com/openclonk/openclonk/blob/master/planet/Music.ocg/UrbanBolero.ogg,https://raw.githubusercontent.com/openclonk/openclonk/master/planet/Music.ocg/UrbanBolero.ogg,K-Pone (Martin Strohmeier),CC-BY-3.0,https://github.com/openclonk/openclonk/blob/master/planet/Music.ocg/authors.txt,True,"""Urban Bolero"" by K-Pone (Martin Strohmeier), from OpenClonk (openclonk.org), CC BY 3.0 (creativecommons.org/licenses/by/3.0/).",ogg,,,228.564,123.0,,electronic; bolero; rhythmic; urban,main bed with edited sections,beat-sync-montage,medium,False,False,downloaded,"FIT: Permissive CC-BY; rhythmic electronic texture with unusual bolero percussion at ~123 BPM (est.). BPM is an estimate (spectral-flux autocorrelation, 70-180 range); may be half/double time. Loopable game track (loop points in source .music file). License verified: planet/Music.ocg/authors.txt states CC-BY 3.0 unless noted and lists this title under K-Pone. Permissive (no ShareAlike).",True,True,attribution_required,4077141,12cdb070a14f1854e21543bdf07dd33cd6e3e02937873b5e836153c6704bc64e,,09_PREVIEWS/thumbs/A785cc091.jpg,D,2,,,44100
A06e9efa8,05_MUSIC/mu_krobonil_bright_thunders_008.ogg,05_MUSIC,music,Bright Thunders,"Chris ""Krobonil"" Leutwyler",Bright Thunders - melodic electronic game piece with bright arps,GitHub: supertux/supertux,https://github.com/supertux/supertux/blob/master/data/music/forest/bright_thunders.ogg,https://raw.githubusercontent.com/supertux/supertux/master/data/music/forest/bright_thunders.ogg,"Chris ""Krobonil"" Leutwyler",CC-BY-SA,https://github.com/supertux/supertux/blob/master/data/music/forest/bright_thunders.music,True,"""Bright Thunders"" by Chris ""Krobonil"" Leutwyler, from SuperTux (supertux.org), licensed CC-BY-SA.",ogg,,,133.721,78.3,,electronic; bright; arpeggio; melodic,mid-energy montage bed,beat-sync-montage,medium,False,False,downloaded,"FIT: ~78 BPM (maybe 156 double) mellow-to-energetic electronic bed. BPM is an estimate (spectral-flux autocorrelation, 70-180 range); may be half/double time. Loopable game track (loop points in source .music file). License verified in per-track .music file in repo (CC-BY-SA). ShareAlike: derivatives of the music (edits/remixes) must be CC-BY-SA; check before using in a commercial video.",True,True,attribution_required; license_restrictions,1787128,1cc0563b0adf3e7874e30530e005aaf1bcd6aa80baa2fb19ba380807f71a92be,,09_PREVIEWS/thumbs/A06e9efa8.jpg,D,2,,,44100
A7c083bbb,05_MUSIC/mu_lavallee_forest_sprint_007.ogg,05_MUSIC,music,Forest Sprint,Jason Lavallee,"Forest Sprint - long, driving rhythmic synth/keys piece with steady pulse",GitHub: supertux/supertux,https://github.com/supertux/supertux/blob/master/data/music/forest/forest-sprint.ogg,https://raw.githubusercontent.com/supertux/supertux/master/data/music/forest/forest-sprint.ogg,Jason Lavallee,CC-BY-SA / GPL 2+,https://github.com/supertux/supertux/blob/master/data/music/forest/forest-sprint.music,True,"""Forest Sprint"" by Jason Lavallee, from SuperTux (supertux.org), licensed CC-BY-SA.",ogg,,,207.997,80.7,,rhythmic; driving; synth; long-form,main bed with sectional edits,beat-sync-montage; loop-bg,medium,False,False,downloaded,"FIT: Estimate ~81 BPM (likely ~160 double-time) is close to the reference tempo; long form allows choosing a clean section for a 30-60 s cut. BPM is an estimate (spectral-flux autocorrelation, 70-180 range); may be half/double time. Loopable game track (loop points in source .music file). License verified in per-track .music file in repo (CC-BY-SA / GPL 2+). ShareAlike: derivatives of the music (edits/remixes) must be CC-BY-SA; check before using in a commercial video.",True,True,attribution_required; license_restrictions,2439783,0d1d48b0d4ee920fda1c187e470883d5023dc65ab0af6732a9210a87feb8d285,,09_PREVIEWS/thumbs/A7c083bbb.jpg,D,2,,,44100
A0f2a86c2,05_MUSIC/mu_macleod_monkeys_spinning_monkeys_029.ogg,05_MUSIC,music,Monkeys Spinning Monkeys,Kevin MacLeod,Monkeys Spinning Monkeys - iconic bouncy plucked-comedy instrumental (short-form-video staple),GitHub: godotengine/godot-demo-projects,https://github.com/godotengine/godot-demo-projects/blob/master/audio/audio_effects/sfx/music_monkeys_spinning_monkeys.ogg,https://raw.githubusercontent.com/godotengine/godot-demo-projects/master/audio/audio_effects/sfx/music_monkeys_spinning_monkeys.ogg,Kevin MacLeod,CC-BY-3.0,https://creativecommons.org/licenses/by/3.0/,True,"""Monkeys Spinning Monkeys"" by Kevin MacLeod (incompetech.com), licensed under Creative Commons: By Attribution 3.0 License, https://creativecommons.org/licenses/by/3.0/",ogg,,,125.074,95.7,,kevin macleod; playful; comedic; pizzicato,beat-sync-montage; gag sequences,beat-sync-montage; paper-collage,high,False,False,downloaded,"FIT: Playful pizzicato bounce at ~96 BPM est., hugely recognised in social video; CC-BY (no SA). BPM is an estimate (spectral-flux autocorrelation); may be half/double time. License verified in audio/audio_effects/README.md of the repo (Licenses > Music). OGG as shipped in the Godot demo repo.",True,True,attribution_required,1605372,8a86cbbd438fb8647d3d82c3955a166f8f73acc6bea1dd07cdd14f8a2658469a,,09_PREVIEWS/thumbs/A0f2a86c2.jpg,D,2,,,44100
Aa8b4aeb2,05_MUSIC/mu_meji_saharan_penguin_010.ogg,05_MUSIC,music,Saharan Penguin,"Enol ""Meji"" Monte",Saharan Penguin - quirky Middle-Eastern-flavoured synth groove,GitHub: supertux/supertux,https://github.com/supertux/supertux/blob/master/data/music/tropical/saharan_penguin.ogg,https://raw.githubusercontent.com/supertux/supertux/master/data/music/tropical/saharan_penguin.ogg,"Enol ""Meji"" Monte",CC-BY-SA,https://github.com/supertux/supertux/blob/master/data/music/tropical/saharan_penguin.music,True,"""Saharan Penguin"" by Enol ""Meji"" Monte, from SuperTux (supertux.org), licensed CC-BY-SA.",ogg,,,95.997,99.4,,quirky; world; percussion; synth,offbeat comedic montage,beat-sync-montage; paper-collage,medium,False,False,downloaded,"FIT: Offbeat scale and hand-percussion feel; playful and unusual, ~99 BPM. BPM is an estimate (spectral-flux autocorrelation, 70-180 range); may be half/double time. Loopable game track (loop points in source .music file). License verified in per-track .music file in repo (CC-BY-SA). ShareAlike: derivatives of the music (edits/remixes) must be CC-BY-SA; check before using in a commercial video.",True,True,attribution_required; license_restrictions,1942347,e53ed80e07ba77415e60baad085f5a6e02da236946899b5d0aebd1f2cd6bc631,,09_PREVIEWS/thumbs/Aa8b4aeb2.jpg,D,2,,,44100
A811c1f81,05_MUSIC/mu_mortimer_chipdisko_001.ogg,05_MUSIC,music,Mortimer's Chipdisko,Lukas Nystrand (Mortimer Twang),Mortimer's Chipdisko - bouncy chiptune disco with arpeggios and a four-on-the-floor pulse (pairs with pixel art),GitHub: supertux/supertux,https://github.com/supertux/supertux/blob/master/data/music/antarctic/chipdisko.ogg,https://raw.githubusercontent.com/supertux/supertux/master/data/music/antarctic/chipdisko.ogg,Lukas Nystrand (Mortimer Twang),CC-BY-SA / GPL,https://github.com/supertux/supertux/blob/master/data/music/antarctic/chipdisko.music,True,"""Mortimer's Chipdisko"" by Lukas Nystrand (Mortimer Twang), from SuperTux (supertux.org), licensed CC-BY-SA.",ogg,,,158.453,136.0,,chiptune; 8-bit; disco; playful; arpeggio; loop,beat-synced montage under pixel objects; cut on bass-drum hits; dropout-to-logo cue,beat-sync-montage; loop-bg; retro-window,high,False,False,downloaded,"FIT: 8-bit melodic bounce is a direct match to the pixel-art look; ~136 BPM (possibly 68 half-time) gives a playful, youthful montage engine, a looped structure that is easy to cut on beats and drop out before the outro. BPM is an estimate (spectral-flux autocorrelation, 70-180 range); may be half/double time. Loopable game track (loop points in source .music file). License verified in per-track .music file in repo (CC-BY-SA / GPL). ShareAlike: derivatives of the music (edits/remixes) must be CC-BY-SA; check before using in a commercial video.",True,True,attribution_required; license_restrictions,1973227,bccc3e73ff287166c54812d9548a8a8ea3b363b794468d6c6f797661472c959a,,09_PREVIEWS/thumbs/A811c1f81.jpg,D,2,,,44100
A19ce8333,05_MUSIC/mu_salsa_con_carne_remix_003.ogg,05_MUSIC,music,Salsa Con Carne (remix),"DJ Gentoo and Asbjorn ""Mystical"" Andersen","Salsa Con Carne (remix) - short playful chip/synth Latin groove remix, 56 s loop",GitHub: supertux/supertux,https://github.com/supertux/supertux/blob/master/data/music/antarctic/salcon.ogg,https://raw.githubusercontent.com/supertux/supertux/master/data/music/antarctic/salcon.ogg,"DJ Gentoo and Asbjorn ""Mystical"" Andersen",CC-BY-SA / GPL,https://github.com/supertux/supertux/blob/master/data/music/antarctic/salcon.music,True,"""Salsa Con Carne (remix)"" by DJ Gentoo and Asbjorn ""Mystical"" Andersen, from SuperTux (supertux.org), licensed CC-BY-SA.",ogg,,,56.0,95.7,,latin; percussion; playful; loop; synth,upbeat bed under VO; scatter-letters kinetic type,beat-sync-montage; scatter-letters,medium,False,False,downloaded,"FIT: Unusual percussion and Latin shuffle at ~96 BPM (close to reference 86-90 zone) gives a playful, off-kilter bed; short length suits a 30-60 s launch video. BPM is an estimate (spectral-flux autocorrelation, 70-180 range); may be half/double time. Loopable game track (loop points in source .music file). License verified in per-track .music file in repo (CC-BY-SA / GPL). ShareAlike: derivatives of the music (edits/remixes) must be CC-BY-SA; check before using in a commercial video.",True,True,attribution_required; license_restrictions,1051979,85a835503cd5f328a127995e64a3356190f20b349bb596e5ccf45749d161aff4,,09_PREVIEWS/thumbs/A19ce8333.jpg,D,2,,,44100
Adcce6b7b,05_MUSIC/mu_snugglybun_sky_level_004.ogg,05_MUSIC,music,Sky Level,SnugglyBun,"Sky Level - airy, bright melodic synth-pop game track",GitHub: supertux/supertux,https://github.com/supertux/supertux/blob/master/data/music/antarctic/skylevel.ogg,https://raw.githubusercontent.com/supertux/supertux/master/data/music/antarctic/skylevel.ogg,SnugglyBun,CC-BY-SA 4.0,https://github.com/supertux/supertux/blob/master/data/music/antarctic/skylevel.music,True,"""Sky Level"" by SnugglyBun, from SuperTux (supertux.org), licensed CC-BY-SA 4.0.",ogg,,,81.455,83.4,,airy; melodic; synth; warm; calm,VO bed; soft scenes before dropout,loop-bg; white-canvas-parade,high,False,False,downloaded,"FIT: ~83 BPM sits at the reference's 86-90 BPM bed; soft warm keys and light pulse suit under close-mic VO. BPM is an estimate (spectral-flux autocorrelation, 70-180 range); may be half/double time. Loopable game track (loop points in source .music file). License verified in per-track .music file in repo (CC-BY-SA 4.0). ShareAlike: derivatives of the music (edits/remixes) must be CC-BY-SA; check before using in a commercial video.",True,True,attribution_required; license_restrictions,2196639,86efdea66b7a8de43c62da0c30c0b6a2f536ad1bd7149491581403bcecd0a8d1,,09_PREVIEWS/thumbs/Adcce6b7b.jpg,D,2,,,44100
A135c09c4,05_MUSIC/mu_wansti_bonus_cave_005.ogg,05_MUSIC,music,Bonus Cave,"Marek ""Wansti"" Moeckel",Bonus Cave - tiny 10 s looping quirky synth bonus-room cue,GitHub: supertux/supertux,https://github.com/supertux/supertux/blob/master/data/music/misc/bonuscave.ogg,https://raw.githubusercontent.com/supertux/supertux/master/data/music/misc/bonuscave.ogg,"Marek ""Wansti"" Moeckel",CC-BY-SA / GPL 2+,https://github.com/supertux/supertux/blob/master/data/music/misc/bonuscave.music,True,"""Bonus Cave"" by Marek ""Wansti"" Moeckel, from SuperTux (supertux.org), licensed CC-BY-SA.",ogg,,,10.588,136.0,,bonus; stinger; quirky; loop; short,short stinger; rhythmic accent under a gag,glitch-transition; loop-bg,medium,False,False,downloaded,"FIT: Very short loopable quirky bleeps; useful as a stinger or rhythmic micro-bed for a single punchy scene. BPM is an estimate (spectral-flux autocorrelation, 70-180 range); may be half/double time. Loopable game track (loop points in source .music file). License verified in per-track .music file in repo (CC-BY-SA / GPL 2+). ShareAlike: derivatives of the music (edits/remixes) must be CC-BY-SA; check before using in a commercial video.",True,True,attribution_required; license_restrictions,125013,e1d5a45937af29b2e1b05601f4c9cf74fea9c8a684a001196c2bdcf5114e258f,,09_PREVIEWS/thumbs/A135c09c4.jpg,D,2,,,44100
Acadfbf71,05_MUSIC/mu_wansti_boss_attack_002.ogg,05_MUSIC,music,Boss Attack,"Marek ""Wansti"" Moeckel",Boss Attack - driving fast tracker-style synth/chip action cue,GitHub: supertux/supertux,https://github.com/supertux/supertux/blob/master/data/music/antarctic/bossattack.ogg,https://raw.githubusercontent.com/supertux/supertux/master/data/music/antarctic/bossattack.ogg,"Marek ""Wansti"" Moeckel",CC-BY-SA / GPL 2+,https://github.com/supertux/supertux/blob/master/data/music/antarctic/bossattack.music,True,"""Boss Attack"" by Marek ""Wansti"" Moeckel, from SuperTux (supertux.org), licensed CC-BY-SA.",ogg,,,79.592,172.3,,chiptune; action; fast; tracker; energetic,fast hard-cut sequence; object collision/burst beats,beat-sync-montage; glitch-transition,high,False,False,downloaded,"FIT: Estimate ~172 BPM matches the reference's double-time reading (86 x 2); high-energy fast-cut montage fuel, lets hard cuts land on transients. BPM is an estimate (spectral-flux autocorrelation, 70-180 range); may be half/double time. Loopable game track (loop points in source .music file). License verified in per-track .music file in repo (CC-BY-SA / GPL 2+). ShareAlike: derivatives of the music (edits/remixes) must be CC-BY-SA; check before using in a commercial video.",True,True,attribution_required; license_restrictions,1430234,727507bf322b4067e44c06ec535444ba3580c11c7bb3e99bbe29bfdbbc8ca166,,09_PREVIEWS/thumbs/Acadfbf71.jpg,D,2,,,44100
A6790435f,05_MUSIC/mu_wansti_intro_theme_006.ogg,05_MUSIC,music,Intro Theme,"Marek ""Wansti"" Moeckel",Intro Theme - 35 s upbeat synth intro/title cue,GitHub: supertux/supertux,https://github.com/supertux/supertux/blob/master/data/music/misc/intro.ogg,https://raw.githubusercontent.com/supertux/supertux/master/data/music/misc/intro.ogg,"Marek ""Wansti"" Moeckel",CC-BY-SA / GPL 2+,https://github.com/supertux/supertux/blob/master/data/music/misc/intro.music,True,"""Intro Theme"" by Marek ""Wansti"" Moeckel, from SuperTux (supertux.org), licensed CC-BY-SA.",ogg,,,34.621,107.7,,intro; title; synth; upbeat,hook intro; logo sting,beat-sync-montage,medium,False,False,downloaded,"FIT: Compact title-card-length cue with a clear build; good for the opening hook. BPM is an estimate (spectral-flux autocorrelation, 70-180 range); may be half/double time. Loopable game track (loop points in source .music file). License verified in per-track .music file in repo (CC-BY-SA / GPL 2+). ShareAlike: derivatives of the music (edits/remixes) must be CC-BY-SA; check before using in a commercial video.",True,True,attribution_required; license_restrictions,545659,f7f9736afb12ead93e326c609d713a5b86af1eb0e15fd543210f94790d661830,,09_PREVIEWS/thumbs/A6790435f.jpg,D,2,,,44100
Ac0e915b1,05_MUSIC/mu_wansti_wisp_hunt_009.ogg,05_MUSIC,music,Wisp Hunt,"Marek ""Wansti"" Moeckel","Wisp Hunt - tense, rhythmic sneaky electronic cue with unusual percussion",GitHub: supertux/supertux,https://github.com/supertux/supertux/blob/master/data/music/forest/wisphunt.ogg,https://raw.githubusercontent.com/supertux/supertux/master/data/music/forest/wisphunt.ogg,"Marek ""Wansti"" Moeckel",CC-BY-SA / GPL 2+,https://github.com/supertux/supertux/blob/master/data/music/forest/wisphunt.music,True,"""Wisp Hunt"" by Marek ""Wansti"" Moeckel, from SuperTux (supertux.org), licensed CC-BY-SA.",ogg,,,66.107,129.2,,sneaky; rhythmic; percussion; experimental,conspiratorial/playful montage; glitchy object-physics beats,glitch-transition; beat-sync-montage,medium,False,False,downloaded,"FIT: Staccato rhythmic pulse (~129 BPM est.) is good for playful experimental cut montage; unusual percussion textures. BPM is an estimate (spectral-flux autocorrelation, 70-180 range); may be half/double time. Loopable game track (loop points in source .music file). License verified in per-track .music file in repo (CC-BY-SA / GPL 2+). ShareAlike: derivatives of the music (edits/remixes) must be CC-BY-SA; check before using in a commercial video.",True,True,attribution_required; license_restrictions,1212687,3da63196ed7e2c2bb37643003f900efbc5e423ff763115815c602d8a4a4a0d58,,09_PREVIEWS/thumbs/Ac0e915b1.jpg,D,2,,,44100
Ae8676db3,06_SOUND_EFFECTS/bleeps/sfx_8bit_achievement_jingle_047.ogg,06_SOUND_EFFECTS,sfx,,,uisfx arcade achievement jingle,npm: @wubbleai/community-sfx (mirror of romainsimon/uisfx audio),https://github.com/romainsimon/uisfx,https://registry.npmjs.org/@wubbleai/community-sfx/-/community-sfx-0.1.0.tgz (catalog/sounds/arcade/achievement.ogg),Romain Simon (uisfx),CC0-1.0,npm package LICENSE-AUDIO (CC0 1.0); upstream https://github.com/romainsimon/uisfx,False,,ogg,,,1.032,,,8-bit; arcade; coin; bleep; pickup,pixel coin/heart pickup; love-letters reveal,object-ring,high,False,False,downloaded,Upstream describes these as procedurally generated UI SFX (not made by us). Original OGG kept; WAV is a conversion.,True,True,,8210,ddcc57cce89549c9f3cc9a7a4ef7507ef9eaf7a8bca4a21b3e968df2329515d8,,09_PREVIEWS/thumbs/Ae8676db3.jpg,E,1,,,48000
Acc872d7d,06_SOUND_EFFECTS/bleeps/sfx_8bit_achievement_jingle_047.wav,06_SOUND_EFFECTS,sfx,,,uisfx arcade achievement jingle (WAV conversion),npm: @wubbleai/community-sfx (mirror of romainsimon/uisfx audio),https://github.com/romainsimon/uisfx,https://registry.npmjs.org/@wubbleai/community-sfx/-/community-sfx-0.1.0.tgz (catalog/sounds/arcade/achievement.ogg),Romain Simon (uisfx),CC0-1.0,npm package LICENSE-AUDIO (CC0 1.0); upstream https://github.com/romainsimon/uisfx,False,,wav,,,1.025,,,8-bit; arcade; coin; bleep; pickup,pixel coin/heart pickup; love-letters reveal,object-ring,high,False,False,downloaded,WAV is an ffmpeg conversion (44.1 kHz 16-bit) of the original OGG file sfx_8bit_achievement_jingle_047.ogg.,True,True,,90510,20c6ca5cb97fd5a3b523f3c9378214a633a16f647cdd2bff21a8019e8e6e2cb2,,09_PREVIEWS/thumbs/Acc872d7d.jpg,E,1,,,44100
Aa44f76dc,06_SOUND_EFFECTS/bleeps/sfx_8bit_blip10_120.wav,06_SOUND_EFFECTS,sfx,,,Junkala 8-bit blip10,"GitHub: smaltra/soundix (repack of Juhani Junkala 512 Sound Effects (CC0, per pack INFO.txt))",https://github.com/smaltra/soundix,https://raw.githubusercontent.com/smaltra/soundix/main/packs/retro-512/The%20Essential%20Retro%20Video%20Game%20Sound%20Effects%20Collection%20[512%20sounds]%20By%20Juhani%20Junkala/General%20Sounds/Simple%20Bleeps/sfx_sounds_Blip10.wav,Juhani Junkala,CC0-1.0,https://opengameart.org/content/512-sound-effects-8-bit-style,False,,wav,,,0.06,,,8-bit; bleep; blip; retro,pixel UI accent,retro-window,high,False,False,downloaded,"Original from Juhani Junkala 512 Sound Effects (CC0, per pack INFO.txt); soundix lists it as CC0 and the pack's own license/INFO file confirms CC0.",True,True,,5320,a0378b0dcd7aed49e186a50958ce2359163684f240ebcb2b0f4ee0f7ddc4d597,,09_PREVIEWS/thumbs/Aa44f76dc.jpg,E,1,,,44100
A08bd22ff,06_SOUND_EFFECTS/bleeps/sfx_8bit_blip1_117.wav,06_SOUND_EFFECTS,sfx,,,Junkala 8-bit blip1,"GitHub: smaltra/soundix (repack of Juhani Junkala 512 Sound Effects (CC0, per pack INFO.txt))",https://github.com/smaltra/soundix,https://raw.githubusercontent.com/smaltra/soundix/main/packs/retro-512/The%20Essential%20Retro%20Video%20Game%20Sound%20Effects%20Collection%20[512%20sounds]%20By%20Juhani%20Junkala/General%20Sounds/Simple%20Bleeps/sfx_sounds_Blip1.wav,Juhani Junkala,CC0-1.0,https://opengameart.org/content/512-sound-effects-8-bit-style,False,,wav,,,0.064,,,8-bit; bleep; blip; retro,pixel UI accent,retro-window,high,False,False,downloaded,"Original from Juhani Junkala 512 Sound Effects (CC0, per pack INFO.txt); soundix lists it as CC0 and the pack's own license/INFO file confirms CC0.",True,True,,5650,f56e3501e21c86a36841e978edcf339bfbc9b16b183f4ec693018619fcf40c31,,09_PREVIEWS/thumbs/A08bd22ff.jpg,E,1,,,44100
Ad7b58f36,06_SOUND_EFFECTS/bleeps/sfx_8bit_blip4_118.wav,06_SOUND_EFFECTS,sfx,,,Junkala 8-bit blip4,"GitHub: smaltra/soundix (repack of Juhani Junkala 512 Sound Effects (CC0, per pack INFO.txt))",https://github.com/smaltra/soundix,https://raw.githubusercontent.com/smaltra/soundix/main/packs/retro-512/The%20Essential%20Retro%20Video%20Game%20Sound%20Effects%20Collection%20[512%20sounds]%20By%20Juhani%20Junkala/General%20Sounds/Simple%20Bleeps/sfx_sounds_Blip4.wav,Juhani Junkala,CC0-1.0,https://opengameart.org/content/512-sound-effects-8-bit-style,False,,wav,,,0.043,,,8-bit; bleep; blip; retro,pixel UI accent,retro-window,high,False,False,downloaded,"Original from Juhani Junkala 512 Sound Effects (CC0, per pack INFO.txt); soundix lists it as CC0 and the pack's own license/INFO file confirms CC0.",True,True,,3814,57fdc6733b8bcd16eb717f946f195b889886d7eb0653e3c57b271916028e1d0c,,09_PREVIEWS/thumbs/Ad7b58f36.jpg,E,1,,,44100
Afd15484c,06_SOUND_EFFECTS/bleeps/sfx_8bit_blip7_119.wav,06_SOUND_EFFECTS,sfx,,,Junkala 8-bit blip7,"GitHub: smaltra/soundix (repack of Juhani Junkala 512 Sound Effects (CC0, per pack INFO.txt))",https://github.com/smaltra/soundix,https://raw.githubusercontent.com/smaltra/soundix/main/packs/retro-512/The%20Essential%20Retro%20Video%20Game%20Sound%20Effects%20Collection%20[512%20sounds]%20By%20Juhani%20Junkala/General%20Sounds/Simple%20Bleeps/sfx_sounds_Blip7.wav,Juhani Junkala,CC0-1.0,https://opengameart.org/content/512-sound-effects-8-bit-style,False,,wav,,,0.047,,,8-bit; bleep; blip; retro,pixel UI accent,retro-window,high,False,False,downloaded,"Original from Juhani Junkala 512 Sound Effects (CC0, per pack INFO.txt); soundix lists it as CC0 and the pack's own license/INFO file confirms CC0.",True,True,,4174,657b23bd8c5ef3b37dd07aac596ef9bd3255d2fb4f73b7a208bd7bfdedcd5bfd,,09_PREVIEWS/thumbs/Afd15484c.jpg,E,1,,,44100
A8eec0410,06_SOUND_EFFECTS/bleeps/sfx_8bit_bonus_sparkle_048.ogg,06_SOUND_EFFECTS,sfx,,,uisfx arcade bonus sparkle,npm: @wubbleai/community-sfx (mirror of romainsimon/uisfx audio),https://github.com/romainsimon/uisfx,https://registry.npmjs.org/@wubbleai/community-sfx/-/community-sfx-0.1.0.tgz (catalog/sounds/arcade/bonus.ogg),Romain Simon (uisfx),CC0-1.0,npm package LICENSE-AUDIO (CC0 1.0); upstream https://github.com/romainsimon/uisfx,False,,ogg,,,0.763,,,8-bit; arcade; coin; bleep; pickup,pixel coin/heart pickup; love-letters reveal,object-ring,high,False,False,downloaded,Upstream describes these as procedurally generated UI SFX (not made by us). Original OGG kept; WAV is a conversion.,True,True,,5663,5bf50c9d9d3831085a73533d4190278fbbd2b9faee7a90228da3fb0eb1355888,,09_PREVIEWS/thumbs/A8eec0410.jpg,E,1,,,48000
Ac35c85c0,06_SOUND_EFFECTS/bleeps/sfx_8bit_bonus_sparkle_048.wav,06_SOUND_EFFECTS,sfx,,,uisfx arcade bonus sparkle (WAV conversion),npm: @wubbleai/community-sfx (mirror of romainsimon/uisfx audio),https://github.com/romainsimon/uisfx,https://registry.npmjs.org/@wubbleai/community-sfx/-/community-sfx-0.1.0.tgz (catalog/sounds/arcade/bonus.ogg),Romain Simon (uisfx),CC0-1.0,npm package LICENSE-AUDIO (CC0 1.0); upstream https://github.com/romainsimon/uisfx,False,,wav,,,0.756,,,8-bit; arcade; coin; bleep; pickup,pixel coin/heart pickup; love-letters reveal,object-ring,high,False,False,downloaded,WAV is an ffmpeg conversion (44.1 kHz 16-bit) of the original OGG file sfx_8bit_bonus_sparkle_048.ogg.,True,True,,66784,8b907de9cb453d4240eef01e5447061de188a8a0321a7ad3bbc5b29b082d34de,,09_PREVIEWS/thumbs/Ac35c85c0.jpg,E,1,,,44100
A80167f61,06_SOUND_EFFECTS/bleeps/sfx_8bit_coin_cluster4_129.wav,06_SOUND_EFFECTS,sfx,,,Junkala 8-bit coin cluster4,"GitHub: smaltra/soundix (repack of Juhani Junkala 512 Sound Effects (CC0, per pack INFO.txt))",https://github.com/smaltra/soundix,https://raw.githubusercontent.com/smaltra/soundix/main/packs/retro-512/The%20Essential%20Retro%20Video%20Game%20Sound%20Effects%20Collection%20[512%20sounds]%20By%20Juhani%20Junkala/General%20Sounds/Coins/sfx_coin_cluster4.wav,Juhani Junkala,CC0-1.0,https://opengameart.org/content/512-sound-effects-8-bit-style,False,,wav,,,0.683,,,8-bit; coin; pickup,gold coin sprite,object-ring,high,False,False,downloaded,"Original from Juhani Junkala 512 Sound Effects (CC0, per pack INFO.txt); soundix lists it as CC0 and the pack's own license/INFO file confirms CC0.",True,True,,60454,7091adccca1a1694170a73e0809f79cd2cae41b3a0fe6bd1e8a217bb45570830,,09_PREVIEWS/thumbs/A80167f61.jpg,E,1,,,44100
Ab85c98c8,06_SOUND_EFFECTS/bleeps/sfx_8bit_coin_double3_128.wav,06_SOUND_EFFECTS,sfx,,,Junkala 8-bit coin double3,"GitHub: smaltra/soundix (repack of Juhani Junkala 512 Sound Effects (CC0, per pack INFO.txt))",https://github.com/smaltra/soundix,https://raw.githubusercontent.com/smaltra/soundix/main/packs/retro-512/The%20Essential%20Retro%20Video%20Game%20Sound%20Effects%20Collection%20[512%20sounds]%20By%20Juhani%20Junkala/General%20Sounds/Coins/sfx_coin_double3.wav,Juhani Junkala,CC0-1.0,https://opengameart.org/content/512-sound-effects-8-bit-style,False,,wav,,,0.35,,,8-bit; coin; pickup,gold coin sprite,object-ring,high,False,False,downloaded,"Original from Juhani Junkala 512 Sound Effects (CC0, per pack INFO.txt); soundix lists it as CC0 and the pack's own license/INFO file confirms CC0.",True,True,,31074,d45d0cc4d255df7c30f3be19021f22ec1ec70419f80da1a681b2ff2ea6dcf682,,09_PREVIEWS/thumbs/Ab85c98c8.jpg,E,1,,,44100
A91e7170b,06_SOUND_EFFECTS/bleeps/sfx_8bit_coin_single2_127.wav,06_SOUND_EFFECTS,sfx,,,Junkala 8-bit coin single2,"GitHub: smaltra/soundix (repack of Juhani Junkala 512 Sound Effects (CC0, per pack INFO.txt))",https://github.com/smaltra/soundix,https://raw.githubusercontent.com/smaltra/soundix/main/packs/retro-512/The%20Essential%20Retro%20Video%20Game%20Sound%20Effects%20Collection%20[512%20sounds]%20By%20Juhani%20Junkala/General%20Sounds/Coins/sfx_coin_single2.wav,Juhani Junkala,CC0-1.0,https://opengameart.org/content/512-sound-effects-8-bit-style,False,,wav,,,0.171,,,8-bit; coin; pickup,gold coin sprite,object-ring,high,False,False,downloaded,"Original from Juhani Junkala 512 Sound Effects (CC0, per pack INFO.txt); soundix lists it as CC0 and the pack's own license/INFO file confirms CC0.",True,True,,15278,5361a03ee4ac604163e2ccf7e44baf692899ff9a6e1d733288cccbf2ece13f11,,09_PREVIEWS/thumbs/A91e7170b.jpg,E,1,,,44100
Ab7e84cc1,06_SOUND_EFFECTS/bleeps/sfx_8bit_high3_121.wav,06_SOUND_EFFECTS,sfx,,,Junkala 8-bit high3,"GitHub: smaltra/soundix (repack of Juhani Junkala 512 Sound Effects (CC0, per pack INFO.txt))",https://github.com/smaltra/soundix,https://raw.githubusercontent.com/smaltra/soundix/main/packs/retro-512/The%20Essential%20Retro%20Video%20Game%20Sound%20Effects%20Collection%20[512%20sounds]%20By%20Juhani%20Junkala/General%20Sounds/High%20Pitched%20Sounds/sfx_sounds_high3.wav,Juhani Junkala,CC0-1.0,https://opengameart.org/content/512-sound-effects-8-bit-style,False,,wav,,,0.195,,,8-bit; bleep; blip; retro,pixel UI accent,retro-window,high,False,False,downloaded,"Original from Juhani Junkala 512 Sound Effects (CC0, per pack INFO.txt); soundix lists it as CC0 and the pack's own license/INFO file confirms CC0.",True,True,,17376,879691f5dadbc95c3f26b31e8d8e47cf7454efe5228513d0dfef6249b68adb1e,,09_PREVIEWS/thumbs/Ab7e84cc1.jpg,E,1,,,44100
Ac0cfea3d,06_SOUND_EFFECTS/bleeps/sfx_8bit_jump12_125.wav,06_SOUND_EFFECTS,sfx,,,Junkala 8-bit jump jump12,"GitHub: smaltra/soundix (repack of Juhani Junkala 512 Sound Effects (CC0, per pack INFO.txt))",https://github.com/smaltra/soundix,https://raw.githubusercontent.com/smaltra/soundix/main/packs/retro-512/The%20Essential%20Retro%20Video%20Game%20Sound%20Effects%20Collection%20[512%20sounds]%20By%20Juhani%20Junkala/Movement/Jumping%20and%20Landing/sfx_movement_jump12.wav,Juhani Junkala,CC0-1.0,https://opengameart.org/content/512-sound-effects-8-bit-style,False,,wav,,,0.162,,,8-bit; jump; boing,pixel object hop,object-ring,high,False,False,downloaded,"Original from Juhani Junkala 512 Sound Effects (CC0, per pack INFO.txt); soundix lists it as CC0 and the pack's own license/INFO file confirms CC0.",True,True,,14492,d76e4f73ea457e1fd081458d05d00b753ff1b61f58b815655bed1696259cf921,,09_PREVIEWS/thumbs/Ac0cfea3d.jpg,E,1,,,44100
Aac620f6b,06_SOUND_EFFECTS/bleeps/sfx_8bit_jump17_126.wav,06_SOUND_EFFECTS,sfx,,,Junkala 8-bit jump jump17,"GitHub: smaltra/soundix (repack of Juhani Junkala 512 Sound Effects (CC0, per pack INFO.txt))",https://github.com/smaltra/soundix,https://raw.githubusercontent.com/smaltra/soundix/main/packs/retro-512/The%20Essential%20Retro%20Video%20Game%20Sound%20Effects%20Collection%20[512%20sounds]%20By%20Juhani%20Junkala/Movement/Jumping%20and%20Landing/sfx_movement_jump17.wav,Juhani Junkala,CC0-1.0,https://opengameart.org/content/512-sound-effects-8-bit-style,False,,wav,,,0.224,,,8-bit; jump; boing,pixel object hop,object-ring,high,False,False,downloaded,"Original from Juhani Junkala 512 Sound Effects (CC0, per pack INFO.txt); soundix lists it as CC0 and the pack's own license/INFO file confirms CC0.",True,True,,19940,4a6bd265c96a3889edfed9fa57a7420f7d1d6b25daab8f15a95cb2276c5e7609,,09_PREVIEWS/thumbs/Aac620f6b.jpg,E,1,,,44100
Aef23f8dc,06_SOUND_EFFECTS/bleeps/sfx_8bit_jump1_123.wav,06_SOUND_EFFECTS,sfx,,,Junkala 8-bit jump jump1,"GitHub: smaltra/soundix (repack of Juhani Junkala 512 Sound Effects (CC0, per pack INFO.txt))",https://github.com/smaltra/soundix,https://raw.githubusercontent.com/smaltra/soundix/main/packs/retro-512/The%20Essential%20Retro%20Video%20Game%20Sound%20Effects%20Collection%20[512%20sounds]%20By%20Juhani%20Junkala/Movement/Jumping%20and%20Landing/sfx_movement_jump1.wav,Juhani Junkala,CC0-1.0,https://opengameart.org/content/512-sound-effects-8-bit-style,False,,wav,,,0.139,,,8-bit; jump; boing,pixel object hop,object-ring,high,False,False,downloaded,"Original from Juhani Junkala 512 Sound Effects (CC0, per pack INFO.txt); soundix lists it as CC0 and the pack's own license/INFO file confirms CC0.",True,True,,12336,99ff174713ca233a06d3fdb723a9d767681f03b48a6e16e9be546ae42efbd806,,09_PREVIEWS/thumbs/Aef23f8dc.jpg,E,1,,,44100
Ac6f5e7cf,06_SOUND_EFFECTS/bleeps/sfx_8bit_jump5_124.wav,06_SOUND_EFFECTS,sfx,,,Junkala 8-bit jump jump5,"GitHub: smaltra/soundix (repack of Juhani Junkala 512 Sound Effects (CC0, per pack INFO.txt))",https://github.com/smaltra/soundix,https://raw.githubusercontent.com/smaltra/soundix/main/packs/retro-512/The%20Essential%20Retro%20Video%20Game%20Sound%20Effects%20Collection%20[512%20sounds]%20By%20Juhani%20Junkala/Movement/Jumping%20and%20Landing/sfx_movement_jump5.wav,Juhani Junkala,CC0-1.0,https://opengameart.org/content/512-sound-effects-8-bit-style,False,,wav,,,0.093,,,8-bit; jump; boing,pixel object hop,object-ring,high,False,False,downloaded,"Original from Juhani Junkala 512 Sound Effects (CC0, per pack INFO.txt); soundix lists it as CC0 and the pack's own license/INFO file confirms CC0.",True,True,,8400,535019931e3add5c551d9db2fb38505c061c03a3ef05b41396f2448141e38f31,,09_PREVIEWS/thumbs/Ac6f5e7cf.jpg,E,1,,,44100
Ab1b25dca,06_SOUND_EFFECTS/bleeps/sfx_8bit_level_up_rise_049.ogg,06_SOUND_EFFECTS,sfx,,,uisfx arcade level-up rise,npm: @wubbleai/community-sfx (mirror of romainsimon/uisfx audio),https://github.com/romainsimon/uisfx,https://registry.npmjs.org/@wubbleai/community-sfx/-/community-sfx-0.1.0.tgz (catalog/sounds/arcade/level-up.ogg),Romain Simon (uisfx),CC0-1.0,npm package LICENSE-AUDIO (CC0 1.0); upstream https://github.com/romainsimon/uisfx,False,,ogg,,,0.803,,,8-bit; arcade; coin; bleep; pickup,pixel coin/heart pickup; love-letters reveal,object-ring,high,False,False,downloaded,Upstream describes these as procedurally generated UI SFX (not made by us). Original OGG kept; WAV is a conversion.,True,True,,5908,571a29662ec7ab037592564185d26bbce4a264d04be951bf739ad93409daacaa,,09_PREVIEWS/thumbs/Ab1b25dca.jpg,E,1,,,48000
A3c989fdc,06_SOUND_EFFECTS/bleeps/sfx_8bit_level_up_rise_049.wav,06_SOUND_EFFECTS,sfx,,,uisfx arcade level-up rise (WAV conversion),npm: @wubbleai/community-sfx (mirror of romainsimon/uisfx audio),https://github.com/romainsimon/uisfx,https://registry.npmjs.org/@wubbleai/community-sfx/-/community-sfx-0.1.0.tgz (catalog/sounds/arcade/level-up.ogg),Romain Simon (uisfx),CC0-1.0,npm package LICENSE-AUDIO (CC0 1.0); upstream https://github.com/romainsimon/uisfx,False,,wav,,,0.797,,,8-bit; arcade; coin; bleep; pickup,pixel coin/heart pickup; love-letters reveal,object-ring,high,False,False,downloaded,WAV is an ffmpeg conversion (44.1 kHz 16-bit) of the original OGG file sfx_8bit_level_up_rise_049.ogg.,True,True,,70364,84b03bc3d23e1d1a5403ba645634943fc7069c7978a0725f995380bc7f92a377,,09_PREVIEWS/thumbs/A3c989fdc.jpg,E,1,,,44100
Afea2c14f,06_SOUND_EFFECTS/bleeps/sfx_8bit_neutral4_122.wav,06_SOUND_EFFECTS,sfx,,,Junkala 8-bit neutral4,"GitHub: smaltra/soundix (repack of Juhani Junkala 512 Sound Effects (CC0, per pack INFO.txt))",https://github.com/smaltra/soundix,https://raw.githubusercontent.com/smaltra/soundix/main/packs/retro-512/The%20Essential%20Retro%20Video%20Game%20Sound%20Effects%20Collection%20[512%20sounds]%20By%20Juhani%20Junkala/General%20Sounds/Neutral%20Sounds/sfx_sound_neutral4.wav,Juhani Junkala,CC0-1.0,https://opengameart.org/content/512-sound-effects-8-bit-style,False,,wav,,,0.522,,,8-bit; bleep; blip; retro,pixel UI accent,retro-window,high,False,False,downloaded,"Original from Juhani Junkala 512 Sound Effects (CC0, per pack INFO.txt); soundix lists it as CC0 and the pack's own license/INFO file confirms CC0.",True,True,,46206,222d374a3741c40f549ce05a042dac4a7fae82b6f9b39ac7632abde6b1438eb3,,09_PREVIEWS/thumbs/Afea2c14f.jpg,E,1,,,44100
A2e4d174a,06_SOUND_EFFECTS/bleeps/sfx_8bit_pepsound2_133.ogg,06_SOUND_EFFECTS,sfx,,,Kenney Digital Audio pepSound2 (sfxr-style),GitHub: smaltra/soundix (repack of Kenney Digital Audio),https://github.com/smaltra/soundix,https://raw.githubusercontent.com/smaltra/soundix/main/packs/digital-audio/Audio/pepSound2.ogg,Kenney (kenney.nl),CC0-1.0,https://kenney.nl/assets/digital-audio,False,,ogg,,,0.549,,,8-bit; powerup; zap; retro,pixel heart/powerup,object-ring,high,False,False,downloaded,Original from Kenney Digital Audio; soundix lists it as CC0 and the pack's own license/INFO file confirms CC0. Original OGG kept; WAV is a conversion.,True,True,,5910,5a33494e622c15c4587e0a19447cf55c86283faac0e6c1238b550f43a30f16a3,,09_PREVIEWS/thumbs/A2e4d174a.jpg,E,1,,,44100
A0d2ca3a7,06_SOUND_EFFECTS/bleeps/sfx_8bit_pepsound2_133.wav,06_SOUND_EFFECTS,sfx,,,Kenney Digital Audio pepSound2 (sfxr-style) (WAV conversion),GitHub: smaltra/soundix (repack of Kenney Digital Audio),https://github.com/smaltra/soundix,https://raw.githubusercontent.com/smaltra/soundix/main/packs/digital-audio/Audio/pepSound2.ogg,Kenney (kenney.nl),CC0-1.0,https://kenney.nl/assets/digital-audio,False,,wav,,,0.546,,,8-bit; powerup; zap; retro,pixel heart/powerup,object-ring,high,False,False,downloaded,WAV is an ffmpeg conversion of sfx_8bit_pepsound2_133.ogg,True,True,,48206,6002ac7c42713f6b7da1261b1c6ed70722986e0486f774850fb77819ae579c2d,,09_PREVIEWS/thumbs/A0d2ca3a7.jpg,E,1,,,44100
A01d6ec22,06_SOUND_EFFECTS/bleeps/sfx_8bit_phaserup3_132.ogg,06_SOUND_EFFECTS,sfx,,,Kenney Digital Audio phaserUp3 (sfxr-style),GitHub: smaltra/soundix (repack of Kenney Digital Audio),https://github.com/smaltra/soundix,https://raw.githubusercontent.com/smaltra/soundix/main/packs/digital-audio/Audio/phaserUp3.ogg,Kenney (kenney.nl),CC0-1.0,https://kenney.nl/assets/digital-audio,False,,ogg,,,0.522,,,8-bit; powerup; zap; retro,pixel heart/powerup,object-ring,high,False,False,downloaded,Original from Kenney Digital Audio; soundix lists it as CC0 and the pack's own license/INFO file confirms CC0. Original OGG kept; WAV is a conversion.,True,True,,7222,d6edcbde2c7190e275ef3eba08a8886129153a361cd0e16dc0fb58206deb5e53,,09_PREVIEWS/thumbs/A01d6ec22.jpg,E,2,,,44100
Acd4e83b1,06_SOUND_EFFECTS/bleeps/sfx_8bit_phaserup3_132.wav,06_SOUND_EFFECTS,sfx,,,Kenney Digital Audio phaserUp3 (sfxr-style) (WAV conversion),GitHub: smaltra/soundix (repack of Kenney Digital Audio),https://github.com/smaltra/soundix,https://raw.githubusercontent.com/smaltra/soundix/main/packs/digital-audio/Audio/phaserUp3.ogg,Kenney (kenney.nl),CC0-1.0,https://kenney.nl/assets/digital-audio,False,,wav,,,0.544,,,8-bit; powerup; zap; retro,pixel heart/powerup,object-ring,high,False,False,downloaded,WAV is an ffmpeg conversion of sfx_8bit_phaserup3_132.ogg,True,True,,96078,24c4b3f88ebd1d6135200d3157d359922ef495982f98f207b1bf31c2d4ceef23,,09_PREVIEWS/thumbs/Acd4e83b1.jpg,E,2,,,44100
A31b8849b,06_SOUND_EFFECTS/bleeps/sfx_8bit_powerup5_130.ogg,06_SOUND_EFFECTS,sfx,,,Kenney Digital Audio powerUp5 (sfxr-style),GitHub: smaltra/soundix (repack of Kenney Digital Audio),https://github.com/smaltra/soundix,https://raw.githubusercontent.com/smaltra/soundix/main/packs/digital-audio/Audio/powerUp5.ogg,Kenney (kenney.nl),CC0-1.0,https://kenney.nl/assets/digital-audio,False,,ogg,,,0.444,,,8-bit; powerup; zap; retro,pixel heart/powerup,object-ring,high,False,False,downloaded,Original from Kenney Digital Audio; soundix lists it as CC0 and the pack's own license/INFO file confirms CC0. Original OGG kept; WAV is a conversion.,True,True,,5652,528e7245a1b61c6fd94bcb8df1d747e6e9b76dce58a36e44be992cf9e09884f8,,09_PREVIEWS/thumbs/A31b8849b.jpg,E,1,,,44100
A7204cb14,06_SOUND_EFFECTS/bleeps/sfx_8bit_powerup5_130.wav,06_SOUND_EFFECTS,sfx,,,Kenney Digital Audio powerUp5 (sfxr-style) (WAV conversion),GitHub: smaltra/soundix (repack of Kenney Digital Audio),https://github.com/smaltra/soundix,https://raw.githubusercontent.com/smaltra/soundix/main/packs/digital-audio/Audio/powerUp5.ogg,Kenney (kenney.nl),CC0-1.0,https://kenney.nl/assets/digital-audio,False,,wav,,,0.466,,,8-bit; powerup; zap; retro,pixel heart/powerup,object-ring,high,False,False,downloaded,WAV is an ffmpeg conversion of sfx_8bit_powerup5_130.ogg,True,True,,41166,54288bebe2ded2ca5b71debefe48f0600e5b7cd6da5a92ef707385f1c2c39fe4,,09_PREVIEWS/thumbs/A7204cb14.jpg,E,1,,,44100
A85e10474,06_SOUND_EFFECTS/bleeps/sfx_8bit_powerup9_131.ogg,06_SOUND_EFFECTS,sfx,,,Kenney Digital Audio powerUp9 (sfxr-style),GitHub: smaltra/soundix (repack of Kenney Digital Audio),https://github.com/smaltra/soundix,https://raw.githubusercontent.com/smaltra/soundix/main/packs/digital-audio/Audio/powerUp9.ogg,Kenney (kenney.nl),CC0-1.0,https://kenney.nl/assets/digital-audio,False,,ogg,,,0.549,,,8-bit; powerup; zap; retro,pixel heart/powerup,object-ring,high,False,False,downloaded,Original from Kenney Digital Audio; soundix lists it as CC0 and the pack's own license/INFO file confirms CC0. Original OGG kept; WAV is a conversion.,True,True,,6101,7dfa3198ab951f09bee096bcd08db6faafcdb57a6bf416c91e1fa9a8321076e5,,09_PREVIEWS/thumbs/A85e10474.jpg,E,1,,,44100
Aaea22584,06_SOUND_EFFECTS/bleeps/sfx_8bit_powerup9_131.wav,06_SOUND_EFFECTS,sfx,,,Kenney Digital Audio powerUp9 (sfxr-style) (WAV conversion),GitHub: smaltra/soundix (repack of Kenney Digital Audio),https://github.com/smaltra/soundix,https://raw.githubusercontent.com/smaltra/soundix/main/packs/digital-audio/Audio/powerUp9.ogg,Kenney (kenney.nl),CC0-1.0,https://kenney.nl/assets/digital-audio,False,,wav,,,0.546,,,8-bit; powerup; zap; retro,pixel heart/powerup,object-ring,high,False,False,downloaded,WAV is an ffmpeg conversion of sfx_8bit_powerup9_131.ogg,True,True,,48206,9efd877ddb1c9c7452991f74653384928414f56aef66cb556c8f59fa0ea52a6a,,09_PREVIEWS/thumbs/Aaea22584.jpg,E,1,,,44100
Af25bf874,06_SOUND_EFFECTS/bleeps/sfx_8bit_reward_ding_050.ogg,06_SOUND_EFFECTS,sfx,,,uisfx arcade reward ding,npm: @wubbleai/community-sfx (mirror of romainsimon/uisfx audio),https://github.com/romainsimon/uisfx,https://registry.npmjs.org/@wubbleai/community-sfx/-/community-sfx-0.1.0.tgz (catalog/sounds/arcade/reward.ogg),Romain Simon (uisfx),CC0-1.0,npm package LICENSE-AUDIO (CC0 1.0); upstream https://github.com/romainsimon/uisfx,False,,ogg,,,0.569,,,8-bit; arcade; coin; bleep; pickup,pixel coin/heart pickup; love-letters reveal,object-ring,high,False,False,downloaded,Upstream describes these as procedurally generated UI SFX (not made by us). Original OGG kept; WAV is a conversion.,True,True,,3722,74eb9f04db83febcd2622ef70e577ad3654d1b57ede5932c9e6b3ffc887a7ff8,,09_PREVIEWS/thumbs/Af25bf874.jpg,E,1,,,48000
Afd7a7ef8,06_SOUND_EFFECTS/bleeps/sfx_8bit_reward_ding_050.wav,06_SOUND_EFFECTS,sfx,,,uisfx arcade reward ding (WAV conversion),npm: @wubbleai/community-sfx (mirror of romainsimon/uisfx audio),https://github.com/romainsimon/uisfx,https://registry.npmjs.org/@wubbleai/community-sfx/-/community-sfx-0.1.0.tgz (catalog/sounds/arcade/reward.ogg),Romain Simon (uisfx),CC0-1.0,npm package LICENSE-AUDIO (CC0 1.0); upstream https://github.com/romainsimon/uisfx,False,,wav,,,0.562,,,8-bit; arcade; coin; bleep; pickup,pixel coin/heart pickup; love-letters reveal,object-ring,high,False,False,downloaded,WAV is an ffmpeg conversion (44.1 kHz 16-bit) of the original OGG file sfx_8bit_reward_ding_050.ogg.,True,True,,49670,21d43dd681ad82a582bb6ebc67d4123b80e2760f48b7265e645e0bf7091bd629,,09_PREVIEWS/thumbs/Afd7a7ef8.jpg,E,1,,,44100
A4758cb37,06_SOUND_EFFECTS/bleeps/sfx_8bit_streak_chirp_051.ogg,06_SOUND_EFFECTS,sfx,,,uisfx arcade streak chirp,npm: @wubbleai/community-sfx (mirror of romainsimon/uisfx audio),https://github.com/romainsimon/uisfx,https://registry.npmjs.org/@wubbleai/community-sfx/-/community-sfx-0.1.0.tgz (catalog/sounds/arcade/streak.ogg),Romain Simon (uisfx),CC0-1.0,npm package LICENSE-AUDIO (CC0 1.0); upstream https://github.com/romainsimon/uisfx,False,,ogg,,,0.65,,,8-bit; arcade; coin; bleep; pickup,pixel coin/heart pickup; love-letters reveal,object-ring,high,False,False,downloaded,Upstream describes these as procedurally generated UI SFX (not made by us). Original OGG kept; WAV is a conversion.,True,True,,4407,8593e8d8d885d3e708928f400a348e4733b8f3144033fb2aaf37bc561e37a034,,09_PREVIEWS/thumbs/A4758cb37.jpg,E,1,,,48000
Af8a81b7f,06_SOUND_EFFECTS/bleeps/sfx_8bit_streak_chirp_051.wav,06_SOUND_EFFECTS,sfx,,,uisfx arcade streak chirp (WAV conversion),npm: @wubbleai/community-sfx (mirror of romainsimon/uisfx audio),https://github.com/romainsimon/uisfx,https://registry.npmjs.org/@wubbleai/community-sfx/-/community-sfx-0.1.0.tgz (catalog/sounds/arcade/streak.ogg),Romain Simon (uisfx),CC0-1.0,npm package LICENSE-AUDIO (CC0 1.0); upstream https://github.com/romainsimon/uisfx,False,,wav,,,0.643,,,8-bit; arcade; coin; bleep; pickup,pixel coin/heart pickup; love-letters reveal,object-ring,high,False,False,downloaded,WAV is an ffmpeg conversion (44.1 kHz 16-bit) of the original OGG file sfx_8bit_streak_chirp_051.ogg.,True,True,,56832,30d2cb32bb411d1bac819067c63e78e79e10f673d631e432bca0f08636a517e2,,09_PREVIEWS/thumbs/Af8a81b7f.jpg,E,1,,,44100
Aea1c48a0,06_SOUND_EFFECTS/bleeps/sfx_8bit_twotone1_134.ogg,06_SOUND_EFFECTS,sfx,,,Kenney Digital Audio twoTone1 (sfxr-style),GitHub: smaltra/soundix (repack of Kenney Digital Audio),https://github.com/smaltra/soundix,https://raw.githubusercontent.com/smaltra/soundix/main/packs/digital-audio/Audio/twoTone1.ogg,Kenney (kenney.nl),CC0-1.0,https://kenney.nl/assets/digital-audio,False,,ogg,,,0.724,,,8-bit; powerup; zap; retro,pixel heart/powerup,object-ring,high,False,False,downloaded,Original from Kenney Digital Audio; soundix lists it as CC0 and the pack's own license/INFO file confirms CC0. Original OGG kept; WAV is a conversion.,True,True,,7362,8732f14d6398407a8f1df77b986c2099cfd88f6583e1272cb60497cb2fe8da1d,,09_PREVIEWS/thumbs/Aea1c48a0.jpg,E,1,,,44100
Afa9538eb,06_SOUND_EFFECTS/bleeps/sfx_8bit_twotone1_134.wav,06_SOUND_EFFECTS,sfx,,,Kenney Digital Audio twoTone1 (sfxr-style) (WAV conversion),GitHub: smaltra/soundix (repack of Kenney Digital Audio),https://github.com/smaltra/soundix,https://raw.githubusercontent.com/smaltra/soundix/main/packs/digital-audio/Audio/twoTone1.ogg,Kenney (kenney.nl),CC0-1.0,https://kenney.nl/assets/digital-audio,False,,wav,,,0.721,,,8-bit; powerup; zap; retro,pixel heart/powerup,object-ring,high,False,False,downloaded,WAV is an ffmpeg conversion of sfx_8bit_twotone1_134.ogg,True,True,,63662,693a428e2892dab8a2df68bb847a3da30f88b34efe4b80c34c7ac8717cda16d1,,09_PREVIEWS/thumbs/Afa9538eb.jpg,E,1,,,44100
Adade5df9,06_SOUND_EFFECTS/bleeps/sfx_8bit_zapthreetoneup_135.ogg,06_SOUND_EFFECTS,sfx,,,Kenney Digital Audio zapThreeToneUp (sfxr-style),GitHub: smaltra/soundix (repack of Kenney Digital Audio),https://github.com/smaltra/soundix,https://raw.githubusercontent.com/smaltra/soundix/main/packs/digital-audio/Audio/zapThreeToneUp.ogg,Kenney (kenney.nl),CC0-1.0,https://kenney.nl/assets/digital-audio,False,,ogg,,,1.202,,,8-bit; powerup; zap; retro,pixel heart/powerup,object-ring,high,False,False,downloaded,Original from Kenney Digital Audio; soundix lists it as CC0 and the pack's own license/INFO file confirms CC0. Original OGG kept; WAV is a conversion.,True,True,,9590,52da0ff5e219179df4521b38276abde0ed6ba27e0cf030b0d1209b8857406eff,,09_PREVIEWS/thumbs/Adade5df9.jpg,E,1,,,44100
Af2305160,06_SOUND_EFFECTS/bleeps/sfx_8bit_zapthreetoneup_135.wav,06_SOUND_EFFECTS,sfx,,,Kenney Digital Audio zapThreeToneUp (sfxr-style) (WAV conversion),GitHub: smaltra/soundix (repack of Kenney Digital Audio),https://github.com/smaltra/soundix,https://raw.githubusercontent.com/smaltra/soundix/main/packs/digital-audio/Audio/zapThreeToneUp.ogg,Kenney (kenney.nl),CC0-1.0,https://kenney.nl/assets/digital-audio,False,,wav,,,1.202,,,8-bit; powerup; zap; retro,pixel heart/powerup,object-ring,high,False,False,downloaded,WAV is an ffmpeg conversion of sfx_8bit_zapthreetoneup_135.ogg,True,True,,106062,f5e32c0c88d11e46733cd4775983eda1caa15015d37bcb2c0c5e159b1251d669,,09_PREVIEWS/thumbs/Af2305160.jpg,E,1,,,44100
A5c8daec5,06_SOUND_EFFECTS/bleeps/sfx_arcade_phasejump1_138.wav,06_SOUND_EFFECTS,sfx,,,Kenney phaseJump1,PyPI: arcade 3.3.3 bundled Kenney sounds,https://pypi.org/project/arcade/,pip download arcade==3.3.3 (arcade/resources/assets/sounds/phaseJump1.wav),Kenney (kenney.nl),CC0-1.0,arcade/resources/assets/sounds/License.txt in wheel (CC0),False,,wav,,,0.344,,,8-bit; retro; bleep,pixel accent,object-ring,medium,False,False,downloaded,Kenney sound bundled in PyPI arcade wheel; its sounds/License.txt states CC0.,True,True,,60864,9f1ad35a99e129e211b19bd94e9899f08de4e847e98c496477de95316e0bed36,,09_PREVIEWS/thumbs/A5c8daec5.jpg,E,2,,,44100
A83afe3dc,06_SOUND_EFFECTS/bleeps/sfx_arcade_secret2_136.wav,06_SOUND_EFFECTS,sfx,,,Kenney secret2,PyPI: arcade 3.3.3 bundled Kenney sounds,https://pypi.org/project/arcade/,pip download arcade==3.3.3 (arcade/resources/assets/sounds/secret2.wav),Kenney (kenney.nl),CC0-1.0,arcade/resources/assets/sounds/License.txt in wheel (CC0),False,,wav,,,0.852,,,8-bit; retro; bleep,pixel accent,object-ring,medium,False,False,downloaded,Kenney sound bundled in PyPI arcade wheel; its sounds/License.txt states CC0.,True,True,,75186,1581f173f258b3dbf670b714c869cad1e6abd91f0aece371823696f12148262f,,09_PREVIEWS/thumbs/A83afe3dc.jpg,E,1,,,44100
Aaf5ce3f0,06_SOUND_EFFECTS/bleeps/sfx_arcade_upgrade3_137.wav,06_SOUND_EFFECTS,sfx,,,Kenney upgrade3,PyPI: arcade 3.3.3 bundled Kenney sounds,https://pypi.org/project/arcade/,pip download arcade==3.3.3 (arcade/resources/assets/sounds/upgrade3.wav),Kenney (kenney.nl),CC0-1.0,arcade/resources/assets/sounds/License.txt in wheel (CC0),False,,wav,,,0.873,,,8-bit; retro; bleep,pixel accent,object-ring,medium,False,False,downloaded,Kenney sound bundled in PyPI arcade wheel; its sounds/License.txt states CC0.,True,True,,77070,8f4b954e4f35a7f6fd9f9ad109cc30bef9f75dceadc25812d98ae0a4a9fb0d3a,,09_PREVIEWS/thumbs/Aaf5ce3f0.jpg,E,1,,,44100
Aeaf60ac1,06_SOUND_EFFECTS/bleeps/sfx_coin_pickup_3d_052.ogg,06_SOUND_EFFECTS,sfx,,,"Kenney coin pickup, 0.29 s",GitHub: KenneyNL/Starter-Kit-3D-Platformer,https://github.com/KenneyNL/Starter-Kit-3D-Platformer,https://raw.githubusercontent.com/KenneyNL/Starter-Kit-3D-Platformer/main/sounds/coin.ogg,Kenney (kenney.nl),CC0-1.0 (sound effects; repo code MIT),https://github.com/KenneyNL/Starter-Kit-3D-Platformer#license,False,,ogg,,,0.287,,,coin; pickup; game,gold coin sprite,object-ring,high,False,False,downloaded,Original OGG kept; WAV is a conversion.,True,True,,6620,df55e931e6b78e5aecc015922e873a0e8bfa4e97cfb19abc64149d54afe89216,,09_PREVIEWS/thumbs/Aeaf60ac1.jpg,E,2,,,44100
Ae8bd4a7d,06_SOUND_EFFECTS/bleeps/sfx_coin_pickup_3d_052.wav,06_SOUND_EFFECTS,sfx,,,"Kenney coin pickup, 0.29 s (WAV conversion)",GitHub: KenneyNL/Starter-Kit-3D-Platformer,https://github.com/KenneyNL/Starter-Kit-3D-Platformer,https://raw.githubusercontent.com/KenneyNL/Starter-Kit-3D-Platformer/main/sounds/coin.ogg,Kenney (kenney.nl),CC0-1.0 (sound effects; repo code MIT),https://github.com/KenneyNL/Starter-Kit-3D-Platformer#license,False,,wav,,,0.284,,,coin; pickup; game,gold coin sprite,object-ring,high,False,False,downloaded,WAV is an ffmpeg conversion (44.1 kHz 16-bit) of the original OGG file sfx_coin_pickup_3d_052.ogg.,True,True,,50138,26191eee192769928c5371e8034daa7e121ec63a20a64a2168aa9a087fdb38c9,,09_PREVIEWS/thumbs/Ae8bd4a7d.jpg,E,2,,,44100
Ac378c1d5,06_SOUND_EFFECTS/bleeps/sfx_jump_boing_a_053.ogg,06_SOUND_EFFECTS,sfx,,,Kenney jump sound variant A,GitHub: KenneyNL/Starter-Kit-FPS,https://github.com/KenneyNL/Starter-Kit-FPS,https://raw.githubusercontent.com/KenneyNL/Starter-Kit-FPS/main/sounds/jump_a.ogg,Kenney (kenney.nl),CC0-1.0 (sound effects; repo code MIT),https://github.com/KenneyNL/Starter-Kit-FPS#license,False,,ogg,,,0.434,,,jump; boing; game,pixel object bounce,object-ring,medium,False,False,downloaded,Original OGG kept; WAV is a conversion.,True,True,,8611,8aba76c0bedcbb0eed297d1617500b48fefc674272b168b3f06418a2ab0a940b,,09_PREVIEWS/thumbs/Ac378c1d5.jpg,E,2,,,48000
A195ff860,06_SOUND_EFFECTS/bleeps/sfx_jump_boing_a_053.wav,06_SOUND_EFFECTS,sfx,,,Kenney jump sound variant A (WAV conversion),GitHub: KenneyNL/Starter-Kit-FPS,https://github.com/KenneyNL/Starter-Kit-FPS,https://raw.githubusercontent.com/KenneyNL/Starter-Kit-FPS/main/sounds/jump_a.ogg,Kenney (kenney.nl),CC0-1.0 (sound effects; repo code MIT),https://github.com/KenneyNL/Starter-Kit-FPS#license,False,,wav,,,0.434,,,jump; boing; game,pixel object bounce,object-ring,medium,False,False,downloaded,WAV is an ffmpeg conversion (44.1 kHz 16-bit) of the original OGG file sfx_jump_boing_a_053.ogg.,True,True,,76594,0730a7d8e6ed8a27677b3223c2eb1edb98b61be05f508ac37d165df11680a4e2,,09_PREVIEWS/thumbs/A195ff860.jpg,E,2,,,44100
Aaf8ec728,06_SOUND_EFFECTS/bleeps/sfx_processing_bleeps_045.ogg,06_SOUND_EFFECTS,sfx,,,uisfx processing bleeps,npm: @wubbleai/community-sfx (mirror of romainsimon/uisfx audio),https://github.com/romainsimon/uisfx,https://registry.npmjs.org/@wubbleai/community-sfx/-/community-sfx-0.1.0.tgz (catalog/sounds/scifi/processing.ogg),Romain Simon (uisfx),CC0-1.0,npm package LICENSE-AUDIO (CC0 1.0); upstream https://github.com/romainsimon/uisfx,False,,ogg,,,1.607,,,bleep; electronic; retro; sci-fi,electronic accent; thermal-glow reveal,thermal-glow; glitch-transition,medium,False,False,downloaded,Upstream describes these as procedurally generated UI SFX (not made by us). Original OGG kept; WAV is a conversion.,True,True,,7687,4b06b86e8fef64689ee57784c696fc013861be1abe410464efda4c33acb7e3bb,,09_PREVIEWS/thumbs/Aaf8ec728.jpg,E,1,,,48000
Aa45021b7,06_SOUND_EFFECTS/bleeps/sfx_processing_bleeps_045.wav,06_SOUND_EFFECTS,sfx,,,uisfx processing bleeps (WAV conversion),npm: @wubbleai/community-sfx (mirror of romainsimon/uisfx audio),https://github.com/romainsimon/uisfx,https://registry.npmjs.org/@wubbleai/community-sfx/-/community-sfx-0.1.0.tgz (catalog/sounds/scifi/processing.ogg),Romain Simon (uisfx),CC0-1.0,npm package LICENSE-AUDIO (CC0 1.0); upstream https://github.com/romainsimon/uisfx,False,,wav,,,1.6,,,bleep; electronic; retro; sci-fi,electronic accent; thermal-glow reveal,thermal-glow; glitch-transition,medium,False,False,downloaded,WAV is an ffmpeg conversion (44.1 kHz 16-bit) of the original OGG file sfx_processing_bleeps_045.ogg.,True,True,,141198,510440915f4805f52b6b826ad9886a171ff65a0146d34b34031db2525f68a3d1,,09_PREVIEWS/thumbs/Aa45021b7.jpg,E,1,,,44100
A8a2d9e07,06_SOUND_EFFECTS/bleeps/sfx_scan_sweep_044.ogg,06_SOUND_EFFECTS,sfx,,,uisfx scanning sweep bleeps,npm: @wubbleai/community-sfx (mirror of romainsimon/uisfx audio),https://github.com/romainsimon/uisfx,https://registry.npmjs.org/@wubbleai/community-sfx/-/community-sfx-0.1.0.tgz (catalog/sounds/scifi/scanning.ogg),Romain Simon (uisfx),CC0-1.0,npm package LICENSE-AUDIO (CC0 1.0); upstream https://github.com/romainsimon/uisfx,False,,ogg,,,1.407,,,bleep; electronic; retro; sci-fi,electronic accent; thermal-glow reveal,thermal-glow; glitch-transition,medium,False,False,downloaded,Upstream describes these as procedurally generated UI SFX (not made by us). Original OGG kept; WAV is a conversion.,True,True,,4751,91c75705396e15d6553ec8cfa4996065cbd0d12cabcfedc85c3ce2fc21e57d75,,09_PREVIEWS/thumbs/A8a2d9e07.jpg,E,2,,,48000
A11877f7a,06_SOUND_EFFECTS/bleeps/sfx_scan_sweep_044.wav,06_SOUND_EFFECTS,sfx,,,uisfx scanning sweep bleeps (WAV conversion),npm: @wubbleai/community-sfx (mirror of romainsimon/uisfx audio),https://github.com/romainsimon/uisfx,https://registry.npmjs.org/@wubbleai/community-sfx/-/community-sfx-0.1.0.tgz (catalog/sounds/scifi/scanning.ogg),Romain Simon (uisfx),CC0-1.0,npm package LICENSE-AUDIO (CC0 1.0); upstream https://github.com/romainsimon/uisfx,False,,wav,,,1.4,,,bleep; electronic; retro; sci-fi,electronic accent; thermal-glow reveal,thermal-glow; glitch-transition,medium,False,False,downloaded,WAV is an ffmpeg conversion (44.1 kHz 16-bit) of the original OGG file sfx_scan_sweep_044.ogg.,True,True,,247038,8e413a5adf0067ff39d84aa4e3ed335237ee696726c3942066a1f323242303d8,,09_PREVIEWS/thumbs/A11877f7a.jpg,E,2,,,44100
A32859b4a,06_SOUND_EFFECTS/bleeps/sfx_warning_bleep_046.ogg,06_SOUND_EFFECTS,sfx,,,uisfx warning bleep,npm: @wubbleai/community-sfx (mirror of romainsimon/uisfx audio),https://github.com/romainsimon/uisfx,https://registry.npmjs.org/@wubbleai/community-sfx/-/community-sfx-0.1.0.tgz (catalog/sounds/scifi/warning.ogg),Romain Simon (uisfx),CC0-1.0,npm package LICENSE-AUDIO (CC0 1.0); upstream https://github.com/romainsimon/uisfx,False,,ogg,,,0.563,,,bleep; electronic; retro; sci-fi,electronic accent; thermal-glow reveal,thermal-glow; glitch-transition,medium,False,False,downloaded,Upstream describes these as procedurally generated UI SFX (not made by us). Original OGG kept; WAV is a conversion.,True,True,,3791,ca307acb85c3650da74c23ff8e5f705e637948d93ec99729c838d550eb3050ac,,09_PREVIEWS/thumbs/A32859b4a.jpg,E,1,,,48000
A041c87eb,06_SOUND_EFFECTS/bleeps/sfx_warning_bleep_046.wav,06_SOUND_EFFECTS,sfx,,,uisfx warning bleep (WAV conversion),npm: @wubbleai/community-sfx (mirror of romainsimon/uisfx audio),https://github.com/romainsimon/uisfx,https://registry.npmjs.org/@wubbleai/community-sfx/-/community-sfx-0.1.0.tgz (catalog/sounds/scifi/warning.ogg),Romain Simon (uisfx),CC0-1.0,npm package LICENSE-AUDIO (CC0 1.0); upstream https://github.com/romainsimon/uisfx,False,,wav,,,0.557,,,bleep; electronic; retro; sci-fi,electronic accent; thermal-glow reveal,thermal-glow; glitch-transition,medium,False,False,downloaded,WAV is an ffmpeg conversion (44.1 kHz 16-bit) of the original OGG file sfx_warning_bleep_046.ogg.,True,True,,49176,68e22146f1f9286bb25263051a22d41b9eaec66be09ee81c3a6d97b1ce35fe72,,09_PREVIEWS/thumbs/A041c87eb.jpg,E,1,,,44100
Aee074acd,06_SOUND_EFFECTS/camera/sfx_shutter_clean_synth_100.wav,06_SOUND_EFFECTS,sfx,,,Camera shutter click,GitHub: RezaParsian/free-sfx-bgm-pack,https://github.com/RezaParsian/free-sfx-bgm-pack,https://raw.githubusercontent.com/RezaParsian/free-sfx-bgm-pack/HEAD/audio-pack/sfx/camera_shutter.wav,RezaParsian,CC0-1.0,https://github.com/RezaParsian/free-sfx-bgm-pack/blob/main/LICENSE,False,,wav,,,0.32,,,camera; shutter,pixel camera,pixel-to-real,medium,False,False,downloaded,"Third-party CC0 pack whose README says the waveforms are computed by code (synthesized by that author, not by us). Flag: synthetic, not recorded.",True,True,,56492,5c84e1c55db6859c9a812a130e7965daa178c9568a3dac1a2ebbfef0771e2f3a,,09_PREVIEWS/thumbs/Aee074acd.jpg,E,2,,,44100
A478a1741,06_SOUND_EFFECTS/camera/sfx_shutter_dslr_fast_054.wav,06_SOUND_EFFECTS,sfx,,,Modern DSLR shutter click,GitHub: remotion-dev/remotion (@remotion/sfx),https://github.com/remotion-dev/remotion/blob/main/packages/remotion-media/shutter-modern.wav,https://raw.githubusercontent.com/remotion-dev/remotion/main/packages/remotion-media/shutter-modern.wav,ristooooo1 (Freesound 539136),CC0-1.0,https://github.com/remotion-dev/remotion/blob/main/packages/docs/docs/sfx/shutter-modern.mdx,False,,wav,,,0.489,,,camera; shutter; dslr,pixel camera flash,pixel-to-real,high,False,False,downloaded,Remotion docs page lists this clip as Creative Commons 0 (verified in sfx docs mdx).,True,True,,43224,e9edb88765451ff07b247a22582f83048af5c260533d8b2e43613f45a3d1a898,,09_PREVIEWS/thumbs/A478a1741.jpg,E,1,,,44100
A0a90d731,06_SOUND_EFFECTS/camera/sfx_shutter_vintage_film_055.wav,06_SOUND_EFFECTS,sfx,,,Vintage film camera shutter,GitHub: remotion-dev/remotion (@remotion/sfx),https://github.com/remotion-dev/remotion/blob/main/packages/remotion-media/shutter-old.wav,https://raw.githubusercontent.com/remotion-dev/remotion/main/packages/remotion-media/shutter-old.wav,hmilleo (Freesound 409093),CC0-1.0,https://github.com/remotion-dev/remotion/blob/main/packages/docs/docs/sfx/shutter-old.mdx,False,,wav,,,0.314,,,camera; shutter; vintage,pixel camera with red star burst,pixel-to-real; star-flare,high,False,False,downloaded,Remotion docs page lists this clip as Creative Commons 0 (verified in sfx docs mdx).,True,True,,55600,9f53dca24cdd76d2f4cc4ff0b3066414dff27654e63d6af9022a8cf1cd212e62,,09_PREVIEWS/thumbs/A0a90d731.jpg,E,2,,,44100
A58c42f1d,06_SOUND_EFFECTS/clicks_pops/sfx_8bit_interaction12_144.wav,06_SOUND_EFFECTS,sfx,,,Junkala 8-bit interaction12,"GitHub: smaltra/soundix (repack of Juhani Junkala 512 Sound Effects (CC0, per pack INFO.txt))",https://github.com/smaltra/soundix,https://raw.githubusercontent.com/smaltra/soundix/main/packs/retro-512/The%20Essential%20Retro%20Video%20Game%20Sound%20Effects%20Collection%20[512%20sounds]%20By%20Juhani%20Junkala/General%20Sounds/Interactions/sfx_sounds_interaction12.wav,Juhani Junkala,CC0-1.0,https://opengameart.org/content/512-sound-effects-8-bit-style,False,,wav,,,0.565,,,8-bit; click; pop,pixel object interaction,object-ring,medium,False,False,downloaded,"Original from Juhani Junkala 512 Sound Effects (CC0, per pack INFO.txt); soundix lists it as CC0 and the pack's own license/INFO file confirms CC0.",True,True,,50002,fefeb1ad24b69f3c62fb65fdd7263bfaf71269f4de9bb14bb33db83c0c1eabb3,,09_PREVIEWS/thumbs/A58c42f1d.jpg,E,1,,,44100
A9720e632,06_SOUND_EFFECTS/clicks_pops/sfx_8bit_interaction20_145.wav,06_SOUND_EFFECTS,sfx,,,Junkala 8-bit interaction20,"GitHub: smaltra/soundix (repack of Juhani Junkala 512 Sound Effects (CC0, per pack INFO.txt))",https://github.com/smaltra/soundix,https://raw.githubusercontent.com/smaltra/soundix/main/packs/retro-512/The%20Essential%20Retro%20Video%20Game%20Sound%20Effects%20Collection%20[512%20sounds]%20By%20Juhani%20Junkala/General%20Sounds/Interactions/sfx_sounds_interaction20.wav,Juhani Junkala,CC0-1.0,https://opengameart.org/content/512-sound-effects-8-bit-style,False,,wav,,,0.499,,,8-bit; click; pop,pixel object interaction,object-ring,medium,False,False,downloaded,"Original from Juhani Junkala 512 Sound Effects (CC0, per pack INFO.txt); soundix lists it as CC0 and the pack's own license/INFO file confirms CC0.",True,True,,44180,c69e5aadae88558cb9022c115c60ce3921b6a8553c73ff0f8e83090c37d435a4,,09_PREVIEWS/thumbs/A9720e632.jpg,E,1,,,44100
Afd65650f,06_SOUND_EFFECTS/clicks_pops/sfx_8bit_interaction3_143.wav,06_SOUND_EFFECTS,sfx,,,Junkala 8-bit interaction3,"GitHub: smaltra/soundix (repack of Juhani Junkala 512 Sound Effects (CC0, per pack INFO.txt))",https://github.com/smaltra/soundix,https://raw.githubusercontent.com/smaltra/soundix/main/packs/retro-512/The%20Essential%20Retro%20Video%20Game%20Sound%20Effects%20Collection%20[512%20sounds]%20By%20Juhani%20Junkala/General%20Sounds/Interactions/sfx_sounds_interaction3.wav,Juhani Junkala,CC0-1.0,https://opengameart.org/content/512-sound-effects-8-bit-style,False,,wav,,,0.985,,,8-bit; click; pop,pixel object interaction,object-ring,medium,False,False,downloaded,"Original from Juhani Junkala 512 Sound Effects (CC0, per pack INFO.txt); soundix lists it as CC0 and the pack's own license/INFO file confirms CC0.",True,True,,87076,e41227d65dce14710b455565f799da27e9e5b497799aa16aac259060f14619a8,,09_PREVIEWS/thumbs/Afd65650f.jpg,E,1,,,44100
A73b4a293,06_SOUND_EFFECTS/clicks_pops/sfx_chip_lay_click_109.ogg,06_SOUND_EFFECTS,sfx,,,Kenney chip lay click,GitHub: smaltra/soundix (repack of Kenney Casino Audio),https://github.com/smaltra/soundix,https://raw.githubusercontent.com/smaltra/soundix/main/packs/casino-audio/Audio/chip-lay-1.ogg,Kenney (kenney.nl),CC0-1.0,https://kenney.nl/assets/casino-audio,False,,ogg,,,0.172,,,click; chip; tap,cut tick,beat-sync-montage,medium,False,False,downloaded,Original from Kenney Casino Audio; soundix lists it as CC0 and the pack's own license/INFO file confirms CC0. Original OGG kept; WAV is a conversion.,True,True,,5720,4b2111252ccb64eed67f171e061053849cfbb29873536c03948646f244a3905c,,09_PREVIEWS/thumbs/A73b4a293.jpg,E,2,,,44100
A6b846df6,06_SOUND_EFFECTS/clicks_pops/sfx_chip_lay_click_109.wav,06_SOUND_EFFECTS,sfx,,,Kenney chip lay click (WAV conversion),GitHub: smaltra/soundix (repack of Kenney Casino Audio),https://github.com/smaltra/soundix,https://raw.githubusercontent.com/smaltra/soundix/main/packs/casino-audio/Audio/chip-lay-1.ogg,Kenney (kenney.nl),CC0-1.0,https://kenney.nl/assets/casino-audio,False,,wav,,,0.17,,,click; chip; tap,cut tick,beat-sync-montage,medium,False,False,downloaded,WAV is an ffmpeg conversion of sfx_chip_lay_click_109.ogg,True,True,,29994,988a7217bc5954685707d91c1101a412263ba58d04fc54bfdb2e859ccda73c25,,09_PREVIEWS/thumbs/A6b846df6.jpg,E,2,,,44100
A35d24d66,06_SOUND_EFFECTS/clicks_pops/sfx_click_chunky_b_020.wav,06_SOUND_EFFECTS,sfx,,,Kenney UI Audio chunky button click,GitHub: Calinou/kenney-ui-audio (Godot repack of Kenney UI Audio),https://github.com/Calinou/kenney-ui-audio,https://raw.githubusercontent.com/Calinou/kenney-ui-audio/master/addons/kenney_ui_audio/click2.wav,Kenney (kenney.nl); WAV repack by Calinou,CC0-1.0,https://raw.githubusercontent.com/Calinou/kenney-ui-audio/master/LICENSE.txt,False,,wav,,,0.057,,,click; mouse; switch; ui,cursor click on type-on cards; blinking-cursor hits,type-on; retro-window,high,False,False,downloaded,Kenney UI Audio; WAV is Calinou's conversion of Kenney's original OGG.,True,True,,10062,a8b35cb35ff45738a9d7fe008490ad21a3ad30417dadd544a435d8b0ea84d841,,09_PREVIEWS/thumbs/A35d24d66.jpg,E,2,,,44100
A1b654a87,06_SOUND_EFFECTS/clicks_pops/sfx_click_cityblock_toggle_028.ogg,06_SOUND_EFFECTS,sfx,,,Ultra-short 8 ms toggle tick,GitHub: KenneyNL/Starter-Kit-City-Builder,https://github.com/KenneyNL/Starter-Kit-City-Builder,https://raw.githubusercontent.com/KenneyNL/Starter-Kit-City-Builder/main/sounds/toggle.ogg,Kenney (kenney.nl),CC0-1.0 (sound effects; repo code MIT),https://github.com/KenneyNL/Starter-Kit-City-Builder#license,False,,ogg,,,0.008,,,tick; click; tiny,micro cut tick,beat-sync-montage,medium,False,False,downloaded,Original OGG kept; WAV is a conversion.,True,True,,4180,5acba303b9adfb15fc3445801ad2501dd2b7ba57917ec797184b98e4b1c6797f,,,E,1,,,44100
A5a638787,06_SOUND_EFFECTS/clicks_pops/sfx_click_cityblock_toggle_028.wav,06_SOUND_EFFECTS,sfx,,,Ultra-short 8 ms toggle tick (WAV conversion),GitHub: KenneyNL/Starter-Kit-City-Builder,https://github.com/KenneyNL/Starter-Kit-City-Builder,https://raw.githubusercontent.com/KenneyNL/Starter-Kit-City-Builder/main/sounds/toggle.ogg,Kenney (kenney.nl),CC0-1.0 (sound effects; repo code MIT),https://github.com/KenneyNL/Starter-Kit-City-Builder#license,False,,wav,,,0.009,,,tick; click; tiny,micro cut tick,beat-sync-montage,medium,False,False,downloaded,WAV is an ffmpeg conversion (44.1 kHz 16-bit) of the original OGG file sfx_click_cityblock_toggle_028.ogg.,True,True,,846,ec5917d71342a427651ccbc9107981a6888ef75a3f7e6580dffe6506b6da94bb,,,E,1,,,44100
A10dc9264,06_SOUND_EFFECTS/clicks_pops/sfx_click_crisp_014.wav,06_SOUND_EFFECTS,sfx,,,Kenney crisp interface click,GitHub: Calinou/kenney-interface-sounds (Godot repack of Kenney Interface Sounds),https://github.com/Calinou/kenney-interface-sounds,https://raw.githubusercontent.com/Calinou/kenney-interface-sounds/master/addons/kenney_interface_sounds/click_001.wav,Kenney (kenney.nl); WAV repack by Calinou,CC0-1.0,https://raw.githubusercontent.com/Calinou/kenney-interface-sounds/master/LICENSE.txt,False,,wav,,,0.115,,,click; pop; tick; ui,cut accent on object spawn; pixel object pop-in,beat-sync-montage; object-ring,high,False,False,downloaded,Kenney Interface Sounds 1.0; this WAV is Calinou's lossless conversion of Kenney's original OGG (original OGG not in this repo).,True,True,,10190,ea67c9d78750e5a356bf53ef8c2063b52cc3ccdae6ae8afeec87f97f79ae692d,,09_PREVIEWS/thumbs/A10dc9264.jpg,E,1,,,44100
A9b40845c,06_SOUND_EFFECTS/clicks_pops/sfx_click_snappy_d_021.wav,06_SOUND_EFFECTS,sfx,,,Kenney UI Audio snappy button click,GitHub: Calinou/kenney-ui-audio (Godot repack of Kenney UI Audio),https://github.com/Calinou/kenney-ui-audio,https://raw.githubusercontent.com/Calinou/kenney-ui-audio/master/addons/kenney_ui_audio/click4.wav,Kenney (kenney.nl); WAV repack by Calinou,CC0-1.0,https://raw.githubusercontent.com/Calinou/kenney-ui-audio/master/LICENSE.txt,False,,wav,,,0.038,,,click; mouse; switch; ui,cursor click on type-on cards; blinking-cursor hits,type-on; retro-window,high,False,False,downloaded,Kenney UI Audio; WAV is Calinou's conversion of Kenney's original OGG.,True,True,,6734,0d80e2c82426316b140b0686e10f83924ef794e9a9dfe13aaaa794b18200b048,,09_PREVIEWS/thumbs/A9b40845c.jpg,E,2,,,44100
A531fd9a3,06_SOUND_EFFECTS/clicks_pops/sfx_cut_tick_edit_096.wav,06_SOUND_EFFECTS,sfx,,,Editorial cut tick,GitHub: RezaParsian/free-sfx-bgm-pack,https://github.com/RezaParsian/free-sfx-bgm-pack,https://raw.githubusercontent.com/RezaParsian/free-sfx-bgm-pack/HEAD/audio-pack/sfx/cut_tick.wav,RezaParsian,CC0-1.0,https://github.com/RezaParsian/free-sfx-bgm-pack/blob/main/LICENSE,False,,wav,,,0.09,,,tick; cut,cut accent,beat-sync-montage,high,False,False,downloaded,"Third-party CC0 pack whose README says the waveforms are computed by code (synthesized by that author, not by us). Flag: synthetic, not recorded.",True,True,,15920,e6dad1d094490b03cc1c264ed85e35ecfa4a1ed0c954501f68f9ffbcc86b28c7,,09_PREVIEWS/thumbs/A531fd9a3.jpg,E,2,,,44100
A0d79eff1,06_SOUND_EFFECTS/clicks_pops/sfx_dice_throw_clatter_110.ogg,06_SOUND_EFFECTS,sfx,,,Kenney dice clatter,GitHub: smaltra/soundix (repack of Kenney Casino Audio),https://github.com/smaltra/soundix,https://raw.githubusercontent.com/smaltra/soundix/main/packs/casino-audio/Audio/dice-throw-1.ogg,Kenney (kenney.nl),CC0-1.0,https://kenney.nl/assets/casino-audio,False,,ogg,,,0.632,,,dice; clatter,object tumble,scatter-letters,medium,False,False,downloaded,Original from Kenney Casino Audio; soundix lists it as CC0 and the pack's own license/INFO file confirms CC0. Original OGG kept; WAV is a conversion.,True,True,,9523,4e6581c73465cdd7ec32e86a709b4ea5c682e819c9bdb7989d1df1880ba67886,,09_PREVIEWS/thumbs/A0d79eff1.jpg,E,2,,,44100
Aaae9ced7,06_SOUND_EFFECTS/clicks_pops/sfx_dice_throw_clatter_110.wav,06_SOUND_EFFECTS,sfx,,,Kenney dice clatter (WAV conversion),GitHub: smaltra/soundix (repack of Kenney Casino Audio),https://github.com/smaltra/soundix,https://raw.githubusercontent.com/smaltra/soundix/main/packs/casino-audio/Audio/dice-throw-1.ogg,Kenney (kenney.nl),CC0-1.0,https://kenney.nl/assets/casino-audio,False,,wav,,,0.632,,,dice; clatter,object tumble,scatter-letters,medium,False,False,downloaded,WAV is an ffmpeg conversion of sfx_dice_throw_clatter_110.ogg,True,True,,111646,39d5f3256d389c7496f85a6f5ed04fe25a0c4476abf254e3e28a8b129bc4078a,,09_PREVIEWS/thumbs/Aaae9ced7.jpg,E,2,,,44100
A3dc7e093,06_SOUND_EFFECTS/clicks_pops/sfx_mouse_click_clean_026.wav,06_SOUND_EFFECTS,sfx,,,Clean mouse click recording,GitHub: remotion-dev/remotion (@remotion/sfx),https://github.com/remotion-dev/remotion/blob/main/packages/remotion-media/mouse-click.wav,https://raw.githubusercontent.com/remotion-dev/remotion/main/packages/remotion-media/mouse-click.wav,Pixeliota (Freesound 678248),CC0-1.0,https://github.com/remotion-dev/remotion/blob/main/packages/docs/docs/sfx/mouse-click.mdx,False,,wav,,,0.397,,,mouse; click; real,cursor click,type-on,high,False,False,downloaded,Remotion docs page lists this clip as Creative Commons 0 (verified in sfx docs mdx).,True,True,,70110,887a9259203cafa24ad90274029d574ba29438bcdc87e6f384e4472f85736348,,09_PREVIEWS/thumbs/A3dc7e093.jpg,E,2,,,44100
A9fc55396,06_SOUND_EFFECTS/clicks_pops/sfx_mouse_press_022.wav,06_SOUND_EFFECTS,sfx,,,Kenney UI Audio mouse button press,GitHub: Calinou/kenney-ui-audio (Godot repack of Kenney UI Audio),https://github.com/Calinou/kenney-ui-audio,https://raw.githubusercontent.com/Calinou/kenney-ui-audio/master/addons/kenney_ui_audio/mouseclick1.wav,Kenney (kenney.nl); WAV repack by Calinou,CC0-1.0,https://raw.githubusercontent.com/Calinou/kenney-ui-audio/master/LICENSE.txt,False,,wav,,,0.077,,,click; mouse; switch; ui,cursor click on type-on cards; blinking-cursor hits,type-on; retro-window,high,False,False,downloaded,Kenney UI Audio; WAV is Calinou's conversion of Kenney's original OGG.,True,True,,13646,9f2a6efb18f36bcbae784af13f6f0edfaee99202acf6a830610b77b786c6004f,,09_PREVIEWS/thumbs/A9fc55396.jpg,E,2,,,44100
A703966d2,06_SOUND_EFFECTS/clicks_pops/sfx_mouse_release_023.wav,06_SOUND_EFFECTS,sfx,,,Kenney UI Audio mouse button release,GitHub: Calinou/kenney-ui-audio (Godot repack of Kenney UI Audio),https://github.com/Calinou/kenney-ui-audio,https://raw.githubusercontent.com/Calinou/kenney-ui-audio/master/addons/kenney_ui_audio/mouserelease1.wav,Kenney (kenney.nl); WAV repack by Calinou,CC0-1.0,https://raw.githubusercontent.com/Calinou/kenney-ui-audio/master/LICENSE.txt,False,,wav,,,0.086,,,click; mouse; switch; ui,cursor click on type-on cards; blinking-cursor hits,type-on; retro-window,high,False,False,downloaded,Kenney UI Audio; WAV is Calinou's conversion of Kenney's original OGG.,True,True,,15182,2841f77228c7956b804cd828da10897746cfb5efafc80d6066e58cab7db5be1c,,09_PREVIEWS/thumbs/A703966d2.jpg,E,2,,,44100
A7985ad27,06_SOUND_EFFECTS/clicks_pops/sfx_pop_bong_blip_019.wav,06_SOUND_EFFECTS,sfx,,,Kenney small bong blip,GitHub: Calinou/kenney-interface-sounds (Godot repack of Kenney Interface Sounds),https://github.com/Calinou/kenney-interface-sounds,https://raw.githubusercontent.com/Calinou/kenney-interface-sounds/master/addons/kenney_interface_sounds/bong_001.wav,Kenney (kenney.nl); WAV repack by Calinou,CC0-1.0,https://raw.githubusercontent.com/Calinou/kenney-interface-sounds/master/LICENSE.txt,False,,wav,,,0.132,,,click; pop; tick; ui,cut accent on object spawn; pixel object pop-in,beat-sync-montage; object-ring,high,False,False,downloaded,Kenney Interface Sounds 1.0; this WAV is Calinou's lossless conversion of Kenney's original OGG (original OGG not in this repo).,True,True,,11726,f5d5f83b13edc5321352c2ba57972d1400151e3f27f1c18fcda07d261358511a,,09_PREVIEWS/thumbs/A7985ad27.jpg,E,1,,,44100
A9c12460b,06_SOUND_EFFECTS/clicks_pops/sfx_pop_bubble_097.wav,06_SOUND_EFFECTS,sfx,,,Bubble pop,GitHub: RezaParsian/free-sfx-bgm-pack,https://github.com/RezaParsian/free-sfx-bgm-pack,https://raw.githubusercontent.com/RezaParsian/free-sfx-bgm-pack/HEAD/audio-pack/sfx/pop_bubble.wav,RezaParsian,CC0-1.0,https://github.com/RezaParsian/free-sfx-bgm-pack/blob/main/LICENSE,False,,wav,,,0.13,,,pop; bubble,object pop-in,object-ring,medium,False,False,downloaded,"Third-party CC0 pack whose README says the waveforms are computed by code (synthesized by that author, not by us). Flag: synthetic, not recorded.",True,True,,22976,17d3ec28104d397a7b10325b5d93b9aef23ee2fcc3cd02db6d2b9dd01c41ebbd,,09_PREVIEWS/thumbs/A9c12460b.jpg,E,2,,,44100
Af8aec380,06_SOUND_EFFECTS/clicks_pops/sfx_pop_drop_tiny_017.wav,06_SOUND_EFFECTS,sfx,,,Kenney tiny droplet pop,GitHub: Calinou/kenney-interface-sounds (Godot repack of Kenney Interface Sounds),https://github.com/Calinou/kenney-interface-sounds,https://raw.githubusercontent.com/Calinou/kenney-interface-sounds/master/addons/kenney_interface_sounds/drop_001.wav,Kenney (kenney.nl); WAV repack by Calinou,CC0-1.0,https://raw.githubusercontent.com/Calinou/kenney-interface-sounds/master/LICENSE.txt,False,,wav,,,0.132,,,click; pop; tick; ui,cut accent on object spawn; pixel object pop-in,beat-sync-montage; object-ring,high,False,False,downloaded,Kenney Interface Sounds 1.0; this WAV is Calinou's lossless conversion of Kenney's original OGG (original OGG not in this repo).,True,True,,23374,0aa0b07692c5d37177f078c39d246d12f2685b553ed06887671797737e5cd432,,09_PREVIEWS/thumbs/Af8aec380.jpg,E,2,,,44100
A70aeeca1,06_SOUND_EFFECTS/clicks_pops/sfx_pop_place_block_029.ogg,06_SOUND_EFFECTS,sfx,,,100 ms placement thunk-pop,GitHub: KenneyNL/Starter-Kit-City-Builder,https://github.com/KenneyNL/Starter-Kit-City-Builder,https://raw.githubusercontent.com/KenneyNL/Starter-Kit-City-Builder/main/sounds/placement-b.ogg,Kenney (kenney.nl),CC0-1.0 (sound effects; repo code MIT),https://github.com/KenneyNL/Starter-Kit-City-Builder#license,False,,ogg,,,0.1,,,pop; place; thunk,object lands on canvas,white-canvas-parade,high,False,False,downloaded,Original OGG kept; WAV is a conversion.,True,True,,7030,5313810e1bb9705634da0a4f07524a7abbe65015cbad8dc630d32947cf3ecc87,,09_PREVIEWS/thumbs/A70aeeca1.jpg,E,2,,,44100
A48bdd49a,06_SOUND_EFFECTS/clicks_pops/sfx_pop_place_block_029.wav,06_SOUND_EFFECTS,sfx,,,100 ms placement thunk-pop (WAV conversion),GitHub: KenneyNL/Starter-Kit-City-Builder,https://github.com/KenneyNL/Starter-Kit-City-Builder,https://raw.githubusercontent.com/KenneyNL/Starter-Kit-City-Builder/main/sounds/placement-b.ogg,Kenney (kenney.nl),CC0-1.0 (sound effects; repo code MIT),https://github.com/KenneyNL/Starter-Kit-City-Builder#license,False,,wav,,,0.097,,,pop; place; thunk,object lands on canvas,white-canvas-parade,high,False,False,downloaded,WAV is an ffmpeg conversion (44.1 kHz 16-bit) of the original OGG file sfx_pop_place_block_029.ogg.,True,True,,17206,147f969c2c8e4252b1d51d3170875611384bb01c9b5548d6893d1b236b6f5ff1,,09_PREVIEWS/thumbs/A48bdd49a.jpg,E,2,,,44100
Aed001840,06_SOUND_EFFECTS/clicks_pops/sfx_pop_pluck_short_018.wav,06_SOUND_EFFECTS,sfx,,,Kenney short plucked pop,GitHub: Calinou/kenney-interface-sounds (Godot repack of Kenney Interface Sounds),https://github.com/Calinou/kenney-interface-sounds,https://raw.githubusercontent.com/Calinou/kenney-interface-sounds/master/addons/kenney_interface_sounds/pluck_001.wav,Kenney (kenney.nl); WAV repack by Calinou,CC0-1.0,https://raw.githubusercontent.com/Calinou/kenney-interface-sounds/master/LICENSE.txt,False,,wav,,,0.112,,,click; pop; tick; ui,cut accent on object spawn; pixel object pop-in,beat-sync-montage; object-ring,high,False,False,downloaded,Kenney Interface Sounds 1.0; this WAV is Calinou's lossless conversion of Kenney's original OGG (original OGG not in this repo).,True,True,,19790,7d676b0b09b56f7e5964ad274feb7e7307a4e552bed8cd98e1e3cecfb9c10c36,,09_PREVIEWS/thumbs/Aed001840.jpg,E,2,,,44100
A310f09a5,06_SOUND_EFFECTS/clicks_pops/sfx_rollover_soft_tick_024.wav,06_SOUND_EFFECTS,sfx,,,Kenney UI Audio soft rollover tick,GitHub: Calinou/kenney-ui-audio (Godot repack of Kenney UI Audio),https://github.com/Calinou/kenney-ui-audio,https://raw.githubusercontent.com/Calinou/kenney-ui-audio/master/addons/kenney_ui_audio/rollover2.wav,Kenney (kenney.nl); WAV repack by Calinou,CC0-1.0,https://raw.githubusercontent.com/Calinou/kenney-ui-audio/master/LICENSE.txt,False,,wav,,,0.062,,,click; mouse; switch; ui,cursor click on type-on cards; blinking-cursor hits,type-on; retro-window,high,False,False,downloaded,Kenney UI Audio; WAV is Calinou's conversion of Kenney's original OGG.,True,True,,11086,c0c10c006967920edbb29ca364099a42ad3459a823d75f18a90181ac36774bf2,,09_PREVIEWS/thumbs/A310f09a5.jpg,E,2,,,44100
Aa4fd0d88,06_SOUND_EFFECTS/clicks_pops/sfx_scroll_ratchet_098.wav,06_SOUND_EFFECTS,sfx,,,Ratchet clicks,GitHub: RezaParsian/free-sfx-bgm-pack,https://github.com/RezaParsian/free-sfx-bgm-pack,https://raw.githubusercontent.com/RezaParsian/free-sfx-bgm-pack/HEAD/audio-pack/sfx/scroll_ratchet.wav,RezaParsian,CC0-1.0,https://github.com/RezaParsian/free-sfx-bgm-pack/blob/main/LICENSE,False,,wav,,,0.5,,,ratchet; click,roller/counter,beat-sync-montage,medium,False,False,downloaded,"Third-party CC0 pack whose README says the waveforms are computed by code (synthesized by that author, not by us). Flag: synthetic, not recorded.",True,True,,88244,9b1d5cb1c66972904478a4d3bd694e34154e01529b076bb2acce820beaa6ec13,,09_PREVIEWS/thumbs/Aa4fd0d88.jpg,E,2,,,44100
A3c1821d6,06_SOUND_EFFECTS/clicks_pops/sfx_select_pop_016.wav,06_SOUND_EFFECTS,sfx,,,Kenney pop-like select,GitHub: Calinou/kenney-interface-sounds (Godot repack of Kenney Interface Sounds),https://github.com/Calinou/kenney-interface-sounds,https://raw.githubusercontent.com/Calinou/kenney-interface-sounds/master/addons/kenney_interface_sounds/select_002.wav,Kenney (kenney.nl); WAV repack by Calinou,CC0-1.0,https://raw.githubusercontent.com/Calinou/kenney-interface-sounds/master/LICENSE.txt,False,,wav,,,0.062,,,click; pop; tick; ui,cut accent on object spawn; pixel object pop-in,beat-sync-montage; object-ring,high,False,False,downloaded,Kenney Interface Sounds 1.0; this WAV is Calinou's lossless conversion of Kenney's original OGG (original OGG not in this repo).,True,True,,11086,9f15b5f93716a3ff8842cff73ef932e81beac2d19972066f690154c1f9322f2b,,09_PREVIEWS/thumbs/A3c1821d6.jpg,E,2,,,44100
Acb9d0cde,06_SOUND_EFFECTS/clicks_pops/sfx_switch_mid_clack_025.wav,06_SOUND_EFFECTS,sfx,,,Kenney UI Audio mid-weight switch clack,GitHub: Calinou/kenney-ui-audio (Godot repack of Kenney UI Audio),https://github.com/Calinou/kenney-ui-audio,https://raw.githubusercontent.com/Calinou/kenney-ui-audio/master/addons/kenney_ui_audio/switch12.wav,Kenney (kenney.nl); WAV repack by Calinou,CC0-1.0,https://raw.githubusercontent.com/Calinou/kenney-ui-audio/master/LICENSE.txt,False,,wav,,,0.068,,,click; mouse; switch; ui,cursor click on type-on cards; blinking-cursor hits,type-on; retro-window,high,False,False,downloaded,Kenney UI Audio; WAV is Calinou's conversion of Kenney's original OGG.,True,True,,12110,266a9ea6596cfee50e2970ca047b4485802678aecf7a25e6b60feff9c4c523ee,,09_PREVIEWS/thumbs/Acb9d0cde.jpg,E,2,,,44100
A1e0c2444,06_SOUND_EFFECTS/clicks_pops/sfx_switch_ui_snap_027.wav,06_SOUND_EFFECTS,sfx,,,Crisp UI switch snap,GitHub: remotion-dev/remotion (@remotion/sfx),https://github.com/remotion-dev/remotion/blob/main/packages/remotion-media/switch.wav,https://raw.githubusercontent.com/remotion-dev/remotion/main/packages/remotion-media/switch.wav,Kenney (UI Audio Switch 35),CC0-1.0,https://github.com/remotion-dev/remotion/blob/main/packages/docs/docs/sfx/ui-switch.mdx,False,,wav,,,0.33,,,switch; click; snap,cut accent,beat-sync-montage,high,False,False,downloaded,Remotion docs page lists this clip as Creative Commons 0 (verified in sfx docs mdx).,True,True,,58290,0d07c6daac595425c820d92966bbc35cbd6590f4bde8a59199743b9bf45da77e,,09_PREVIEWS/thumbs/A1e0c2444.jpg,E,2,,,44100
A0332e932,06_SOUND_EFFECTS/clicks_pops/sfx_tick_micro_015.wav,06_SOUND_EFFECTS,sfx,,,Kenney micro tick,GitHub: Calinou/kenney-interface-sounds (Godot repack of Kenney Interface Sounds),https://github.com/Calinou/kenney-interface-sounds,https://raw.githubusercontent.com/Calinou/kenney-interface-sounds/master/addons/kenney_interface_sounds/tick_001.wav,Kenney (kenney.nl); WAV repack by Calinou,CC0-1.0,https://raw.githubusercontent.com/Calinou/kenney-interface-sounds/master/LICENSE.txt,False,,wav,,,0.045,,,click; pop; tick; ui,cut accent on object spawn; pixel object pop-in,beat-sync-montage; object-ring,high,False,False,downloaded,Kenney Interface Sounds 1.0; this WAV is Calinou's lossless conversion of Kenney's original OGG (original OGG not in this repo).,True,True,,4046,fee217e21731da4be1f0347fd2632296259b8bfdca343c936fe60dc64bce280e,,09_PREVIEWS/thumbs/A0332e932.jpg,E,1,,,44100
A357ccfbe,06_SOUND_EFFECTS/glitch/sfx_computer_noise_086.ogg,06_SOUND_EFFECTS,sfx,,,Kenney 5 s computer data noise bed,GitHub: smaltra/soundix (repack of Kenney Sci-Fi Sounds),https://github.com/smaltra/soundix,https://raw.githubusercontent.com/smaltra/soundix/main/packs/sci-fi-sounds/Audio/computerNoise_001.ogg,Kenney (kenney.nl),CC0-1.0,https://kenney.nl/assets/sci-fi-sounds,False,,ogg,,,5.0,,,glitch; computer; data; noise,glitch bed under cut,glitch-transition,medium,False,False,downloaded,Original from Kenney Sci-Fi Sounds; soundix lists it as CC0 and the pack's own license/INFO file confirms CC0. Original OGG kept; WAV is a conversion.,True,True,,120178,29b4842f6d8c0ba2b0cb00bfaff3b852b492bb43197a82e697917aacbe106757,,09_PREVIEWS/thumbs/A357ccfbe.jpg,E,1,,,44100
A09fbdcad,06_SOUND_EFFECTS/glitch/sfx_computer_noise_086.wav,06_SOUND_EFFECTS,sfx,,,Kenney 5 s computer data noise bed (WAV conversion),GitHub: smaltra/soundix (repack of Kenney Sci-Fi Sounds),https://github.com/smaltra/soundix,https://raw.githubusercontent.com/smaltra/soundix/main/packs/sci-fi-sounds/Audio/computerNoise_001.ogg,Kenney (kenney.nl),CC0-1.0,https://kenney.nl/assets/sci-fi-sounds,False,,wav,,,5.0,,,glitch; computer; data; noise,glitch bed under cut,glitch-transition,medium,False,False,downloaded,WAV is an ffmpeg conversion of sfx_computer_noise_086.ogg,True,True,,441078,57d8ea0359d2b2dfa290f088c65f4e09b1602f2bd3afc759da74ada2aff1aa7d,,09_PREVIEWS/thumbs/A09fbdcad.jpg,E,1,,,44100
A0c9935a3,06_SOUND_EFFECTS/glitch/sfx_digital_lowrandom_085.ogg,06_SOUND_EFFECTS,sfx,,,Kenney Digital Audio lowRandom (glitchy digital chatter),GitHub: smaltra/soundix (repack of Kenney Digital Audio),https://github.com/smaltra/soundix,https://raw.githubusercontent.com/smaltra/soundix/main/packs/digital-audio/Audio/lowRandom.ogg,Kenney (kenney.nl),CC0-1.0,https://kenney.nl/assets/digital-audio,False,,ogg,,,0.549,,,glitch; digital; stutter,glitch transition,glitch-transition,high,False,False,downloaded,Original from Kenney Digital Audio; soundix lists it as CC0 and the pack's own license/INFO file confirms CC0. Original OGG kept; WAV is a conversion.,True,True,,5416,ceefeeeb6982838d78ac9059a845ca614b3bd94580a9a9127fd5834d6206f739,,09_PREVIEWS/thumbs/A0c9935a3.jpg,E,1,,,44100
A69043c2a,06_SOUND_EFFECTS/glitch/sfx_digital_lowrandom_085.wav,06_SOUND_EFFECTS,sfx,,,Kenney Digital Audio lowRandom (glitchy digital chatter) (WAV conversion),GitHub: smaltra/soundix (repack of Kenney Digital Audio),https://github.com/smaltra/soundix,https://raw.githubusercontent.com/smaltra/soundix/main/packs/digital-audio/Audio/lowRandom.ogg,Kenney (kenney.nl),CC0-1.0,https://kenney.nl/assets/digital-audio,False,,wav,,,0.546,,,glitch; digital; stutter,glitch transition,glitch-transition,high,False,False,downloaded,WAV is an ffmpeg conversion of sfx_digital_lowrandom_085.ogg,True,True,,48206,2719cae39fc6ba2c13f1a29e4246342170ad52660f704b1347baf0302576c4c7,,09_PREVIEWS/thumbs/A69043c2a.jpg,E,1,,,44100
A4e0a0fc6,06_SOUND_EFFECTS/glitch/sfx_digital_spacetrash2_083.ogg,06_SOUND_EFFECTS,sfx,,,Kenney Digital Audio spaceTrash2 (glitchy digital chatter),GitHub: smaltra/soundix (repack of Kenney Digital Audio),https://github.com/smaltra/soundix,https://raw.githubusercontent.com/smaltra/soundix/main/packs/digital-audio/Audio/spaceTrash2.ogg,Kenney (kenney.nl),CC0-1.0,https://kenney.nl/assets/digital-audio,False,,ogg,,,1.475,,,glitch; digital; stutter,glitch transition,glitch-transition,high,False,False,downloaded,Original from Kenney Digital Audio; soundix lists it as CC0 and the pack's own license/INFO file confirms CC0. Original OGG kept; WAV is a conversion.,True,True,,12640,1b3a14886d25a471273eec5d55ff3a7e7c7c6df4e82f3659046dafed982a76d4,,09_PREVIEWS/thumbs/A4e0a0fc6.jpg,E,1,,,44100
A464201a7,06_SOUND_EFFECTS/glitch/sfx_digital_spacetrash2_083.wav,06_SOUND_EFFECTS,sfx,,,Kenney Digital Audio spaceTrash2 (glitchy digital chatter) (WAV conversion),GitHub: smaltra/soundix (repack of Kenney Digital Audio),https://github.com/smaltra/soundix,https://raw.githubusercontent.com/smaltra/soundix/main/packs/digital-audio/Audio/spaceTrash2.ogg,Kenney (kenney.nl),CC0-1.0,https://kenney.nl/assets/digital-audio,False,,wav,,,1.475,,,glitch; digital; stutter,glitch transition,glitch-transition,high,False,False,downloaded,WAV is an ffmpeg conversion of sfx_digital_spacetrash2_083.ogg,True,True,,130154,670f789e9e6ed7a95dcfea5d73e9ff8446130bed08f6c430dfeed093300bfb0a,,09_PREVIEWS/thumbs/A464201a7.jpg,E,1,,,44100
Acfd95d8e,06_SOUND_EFFECTS/glitch/sfx_digital_spacetrash4_084.ogg,06_SOUND_EFFECTS,sfx,,,Kenney Digital Audio spaceTrash4 (glitchy digital chatter),GitHub: smaltra/soundix (repack of Kenney Digital Audio),https://github.com/smaltra/soundix,https://raw.githubusercontent.com/smaltra/soundix/main/packs/digital-audio/Audio/spaceTrash4.ogg,Kenney (kenney.nl),CC0-1.0,https://kenney.nl/assets/digital-audio,False,,ogg,,,1.477,,,glitch; digital; stutter,glitch transition,glitch-transition,high,False,False,downloaded,Original from Kenney Digital Audio; soundix lists it as CC0 and the pack's own license/INFO file confirms CC0. Original OGG kept; WAV is a conversion.,True,True,,12685,d0c659b2c8108a7bccfeac94dbac6b770f89e4b71c0b4c6c3024941287094f34,,09_PREVIEWS/thumbs/Acfd95d8e.jpg,E,1,,,44100
A8bb72790,06_SOUND_EFFECTS/glitch/sfx_digital_spacetrash4_084.wav,06_SOUND_EFFECTS,sfx,,,Kenney Digital Audio spaceTrash4 (glitchy digital chatter) (WAV conversion),GitHub: smaltra/soundix (repack of Kenney Digital Audio),https://github.com/smaltra/soundix,https://raw.githubusercontent.com/smaltra/soundix/main/packs/digital-audio/Audio/spaceTrash4.ogg,Kenney (kenney.nl),CC0-1.0,https://kenney.nl/assets/digital-audio,False,,wav,,,1.477,,,glitch; digital; stutter,glitch transition,glitch-transition,high,False,False,downloaded,WAV is an ffmpeg conversion of sfx_digital_spacetrash4_084.ogg,True,True,,130372,0d172b7a2ccc42db611995afe2455b6e9c609e65801d6169c265c21760de03de,,09_PREVIEWS/thumbs/A8bb72790.jpg,E,1,,,44100
A40214a0a,06_SOUND_EFFECTS/glitch/sfx_error_buzz_arcade_087.wav,06_SOUND_EFFECTS,sfx,,,Kenney short error buzz,PyPI: arcade 3.3.3 bundled Kenney sounds,https://pypi.org/project/arcade/,pip download arcade==3.3.3 (arcade/resources/assets/sounds/error3.wav),Kenney (kenney.nl),CC0-1.0,arcade/resources/assets/sounds/License.txt in wheel (CC0),False,,wav,,,0.11,,,error; digital,error tick,glitch-transition,medium,False,False,downloaded,Kenney sound bundled in PyPI arcade wheel; its sounds/License.txt states CC0.,True,True,,9772,ef2a9854ce93bc958d9a25bcfad3ffb22b8303a0c9e0804a1af5e23580ad8bd0,,09_PREVIEWS/thumbs/A40214a0a.jpg,E,1,,,44100
A3d32cee2,06_SOUND_EFFECTS/glitch/sfx_glitch_tick_short_002.wav,06_SOUND_EFFECTS,sfx,,,Kenney short bit-crush glitch blip,GitHub: Calinou/kenney-interface-sounds (Godot repack of Kenney Interface Sounds),https://github.com/Calinou/kenney-interface-sounds,https://raw.githubusercontent.com/Calinou/kenney-interface-sounds/master/addons/kenney_interface_sounds/glitch_002.wav,Kenney (kenney.nl); WAV repack by Calinou,CC0-1.0,https://raw.githubusercontent.com/Calinou/kenney-interface-sounds/master/LICENSE.txt,False,,wav,,,0.036,,,glitch; digital; tick; stutter,glitch cut accent; scribble-to-pixel transition,glitch-transition,high,False,False,downloaded,Kenney Interface Sounds 1.0; this WAV is Calinou's lossless conversion of Kenney's original OGG (original OGG not in this repo).,True,True,,6478,960e1cacd202f1c944c98d90fe8f0389d98c5f7e83415fbcff76291da950e9e8,,09_PREVIEWS/thumbs/A3d32cee2.jpg,E,2,,,44100
A03a6cc9b,06_SOUND_EFFECTS/glitch/sfx_glitch_tick_short_004.wav,06_SOUND_EFFECTS,sfx,,,Kenney short glitchy data chirp,GitHub: Calinou/kenney-interface-sounds (Godot repack of Kenney Interface Sounds),https://github.com/Calinou/kenney-interface-sounds,https://raw.githubusercontent.com/Calinou/kenney-interface-sounds/master/addons/kenney_interface_sounds/glitch_004.wav,Kenney (kenney.nl); WAV repack by Calinou,CC0-1.0,https://raw.githubusercontent.com/Calinou/kenney-interface-sounds/master/LICENSE.txt,False,,wav,,,0.028,,,glitch; digital; tick; stutter,glitch cut accent; scribble-to-pixel transition,glitch-transition,high,False,False,downloaded,Kenney Interface Sounds 1.0; this WAV is Calinou's lossless conversion of Kenney's original OGG (original OGG not in this repo).,True,True,,4942,b8b4130ec1df4ecdff19fe9642d405adf5ae16c270f7589bd41aeb98a27c4ade,,09_PREVIEWS/thumbs/A03a6cc9b.jpg,E,2,,,44100
A2f30838d,06_SOUND_EFFECTS/glitch/sfx_glitch_tick_tiny_003.wav,06_SOUND_EFFECTS,sfx,,,"Kenney tiny glitch tick, 12 ms",GitHub: Calinou/kenney-interface-sounds (Godot repack of Kenney Interface Sounds),https://github.com/Calinou/kenney-interface-sounds,https://raw.githubusercontent.com/Calinou/kenney-interface-sounds/master/addons/kenney_interface_sounds/glitch_003.wav,Kenney (kenney.nl); WAV repack by Calinou,CC0-1.0,https://raw.githubusercontent.com/Calinou/kenney-interface-sounds/master/LICENSE.txt,False,,wav,,,0.012,,,glitch; digital; tick; stutter,glitch cut accent; scribble-to-pixel transition,glitch-transition,high,False,False,downloaded,Kenney Interface Sounds 1.0; this WAV is Calinou's lossless conversion of Kenney's original OGG (original OGG not in this repo).,True,True,,2126,adf21d2bb6812539d183a91137d4164b69f0938c8214adc2fec7b56b01a157ae,,,E,2,,,44100
A5450130d,06_SOUND_EFFECTS/glitch/sfx_glitch_tick_ultra-short_001.wav,06_SOUND_EFFECTS,sfx,,,Kenney ultra-short digital stutter tick,GitHub: Calinou/kenney-interface-sounds (Godot repack of Kenney Interface Sounds),https://github.com/Calinou/kenney-interface-sounds,https://raw.githubusercontent.com/Calinou/kenney-interface-sounds/master/addons/kenney_interface_sounds/glitch_001.wav,Kenney (kenney.nl); WAV repack by Calinou,CC0-1.0,https://raw.githubusercontent.com/Calinou/kenney-interface-sounds/master/LICENSE.txt,False,,wav,,,0.025,,,glitch; digital; tick; stutter,glitch cut accent; scribble-to-pixel transition,glitch-transition,high,False,False,downloaded,Kenney Interface Sounds 1.0; this WAV is Calinou's lossless conversion of Kenney's original OGG (original OGG not in this repo).,True,True,,4430,2ea6b5166dc9295cda99d2845bffb030a00e48cfb8d3c52addd4adb5df6217d0,,09_PREVIEWS/thumbs/A5450130d.jpg,E,2,,,44100
A0d713a6f,06_SOUND_EFFECTS/glitch/sfx_retro_mechanicalnoise1_079.wav,06_SOUND_EFFECTS,sfx,,,Junkala 8-bit mechanical glitchy noise 1,"GitHub: smaltra/soundix (repack of Juhani Junkala 512 Sound Effects (CC0, per pack INFO.txt))",https://github.com/smaltra/soundix,https://raw.githubusercontent.com/smaltra/soundix/main/packs/retro-512/The%20Essential%20Retro%20Video%20Game%20Sound%20Effects%20Collection%20[512%20sounds]%20By%20Juhani%20Junkala/General%20Sounds/Weird%20Sounds/sfx_sound_mechanicalnoise1.wav,Juhani Junkala,CC0-1.0,https://opengameart.org/content/512-sound-effects-8-bit-style,False,,wav,,,2.735,,,glitch; static; digital; 8-bit,glitch cut accent; dropout before outro,glitch-transition,high,False,False,downloaded,"Original from Juhani Junkala 512 Sound Effects (CC0, per pack INFO.txt); soundix lists it as CC0 and the pack's own license/INFO file confirms CC0.",True,True,,241418,7a4296137f3ce68218e91203874f926a80809fb56ea734feb1bc9382ce5a5d1e,,09_PREVIEWS/thumbs/A0d713a6f.jpg,E,1,,,44100
A2b177a02,06_SOUND_EFFECTS/glitch/sfx_retro_mechanicalnoise4_080.wav,06_SOUND_EFFECTS,sfx,,,Junkala 8-bit mechanical glitchy noise 4,"GitHub: smaltra/soundix (repack of Juhani Junkala 512 Sound Effects (CC0, per pack INFO.txt))",https://github.com/smaltra/soundix,https://raw.githubusercontent.com/smaltra/soundix/main/packs/retro-512/The%20Essential%20Retro%20Video%20Game%20Sound%20Effects%20Collection%20[512%20sounds]%20By%20Juhani%20Junkala/General%20Sounds/Weird%20Sounds/sfx_sound_mechanicalnoise4.wav,Juhani Junkala,CC0-1.0,https://opengameart.org/content/512-sound-effects-8-bit-style,False,,wav,,,0.869,,,glitch; static; digital; 8-bit,glitch cut accent; dropout before outro,glitch-transition,high,False,False,downloaded,"Original from Juhani Junkala 512 Sound Effects (CC0, per pack INFO.txt); soundix lists it as CC0 and the pack's own license/INFO file confirms CC0.",True,True,,76836,392fd6f792b5079e585da1437ecb3af3a057adcdc204b2f3e2cc40f6eeda260f,,09_PREVIEWS/thumbs/A2b177a02.jpg,E,1,,,44100
A7d097608,06_SOUND_EFFECTS/glitch/sfx_retro_noise_078.wav,06_SOUND_EFFECTS,sfx,,,Junkala 8-bit noise burst static,"GitHub: smaltra/soundix (repack of Juhani Junkala 512 Sound Effects (CC0, per pack INFO.txt))",https://github.com/smaltra/soundix,https://raw.githubusercontent.com/smaltra/soundix/main/packs/retro-512/The%20Essential%20Retro%20Video%20Game%20Sound%20Effects%20Collection%20[512%20sounds]%20By%20Juhani%20Junkala/General%20Sounds/Weird%20Sounds/sfx_sound_noise.wav,Juhani Junkala,CC0-1.0,https://opengameart.org/content/512-sound-effects-8-bit-style,False,,wav,,,1.457,,,glitch; static; digital; 8-bit,glitch cut accent; dropout before outro,glitch-transition,high,False,False,downloaded,"Original from Juhani Junkala 512 Sound Effects (CC0, per pack INFO.txt); soundix lists it as CC0 and the pack's own license/INFO file confirms CC0.",True,True,,128692,886487d20622ca1535119c35e60d80e8e375e90119ab41b946bb3bc0012fb19e,,09_PREVIEWS/thumbs/A7d097608.jpg,E,1,,,44100
A2dd26a27,06_SOUND_EFFECTS/glitch/sfx_retro_poweron_082.wav,06_SOUND_EFFECTS,sfx,,,Junkala 8-bit power-on blip,"GitHub: smaltra/soundix (repack of Juhani Junkala 512 Sound Effects (CC0, per pack INFO.txt))",https://github.com/smaltra/soundix,https://raw.githubusercontent.com/smaltra/soundix/main/packs/retro-512/The%20Essential%20Retro%20Video%20Game%20Sound%20Effects%20Collection%20[512%20sounds]%20By%20Juhani%20Junkala/General%20Sounds/Weird%20Sounds/sfx_sound_poweron.wav,Juhani Junkala,CC0-1.0,https://opengameart.org/content/512-sound-effects-8-bit-style,False,,wav,,,1.608,,,glitch; static; digital; 8-bit,glitch cut accent; dropout before outro,glitch-transition,high,False,False,downloaded,"Original from Juhani Junkala 512 Sound Effects (CC0, per pack INFO.txt); soundix lists it as CC0 and the pack's own license/INFO file confirms CC0.",True,True,,142070,5067145bae0933e19b21ac1944a74eff94f4df8995c45cc69013b077782bbf34,,09_PREVIEWS/thumbs/A2dd26a27.jpg,E,1,,,44100
Adfe3d2f5,06_SOUND_EFFECTS/glitch/sfx_retro_shutdown2_081.wav,06_SOUND_EFFECTS,sfx,,,Junkala 8-bit power shutdown dropout,"GitHub: smaltra/soundix (repack of Juhani Junkala 512 Sound Effects (CC0, per pack INFO.txt))",https://github.com/smaltra/soundix,https://raw.githubusercontent.com/smaltra/soundix/main/packs/retro-512/The%20Essential%20Retro%20Video%20Game%20Sound%20Effects%20Collection%20[512%20sounds]%20By%20Juhani%20Junkala/General%20Sounds/Weird%20Sounds/sfx_sound_shutdown2.wav,Juhani Junkala,CC0-1.0,https://opengameart.org/content/512-sound-effects-8-bit-style,False,,wav,,,2.392,,,glitch; static; digital; 8-bit,glitch cut accent; dropout before outro,glitch-transition,high,False,False,downloaded,"Original from Juhani Junkala 512 Sound Effects (CC0, per pack INFO.txt); soundix lists it as CC0 and the pack's own license/INFO file confirms CC0.",True,True,,211170,4915cb339e2e63580b3215d1f3d30358beac1ecb8da0e8b3b624836fa79b18d1,,09_PREVIEWS/thumbs/Adfe3d2f5.jpg,E,1,,,44100
Aa7c0f054,06_SOUND_EFFECTS/impacts/sfx_8bit_impact3_148.wav,06_SOUND_EFFECTS,sfx,,,Junkala 8-bit impact 3,"GitHub: smaltra/soundix (repack of Juhani Junkala 512 Sound Effects (CC0, per pack INFO.txt))",https://github.com/smaltra/soundix,https://raw.githubusercontent.com/smaltra/soundix/main/packs/retro-512/The%20Essential%20Retro%20Video%20Game%20Sound%20Effects%20Collection%20[512%20sounds]%20By%20Juhani%20Junkala/General%20Sounds/Impacts/sfx_sounds_impact3.wav,Juhani Junkala,CC0-1.0,https://opengameart.org/content/512-sound-effects-8-bit-style,False,,wav,,,0.046,,,8-bit; impact,pixel burst,object-ring,medium,False,False,downloaded,"Original from Juhani Junkala 512 Sound Effects (CC0, per pack INFO.txt); soundix lists it as CC0 and the pack's own license/INFO file confirms CC0.",True,True,,4300,689214bbb8606b33bb098e1dd2ae445b4688b341372ecf5240f0e0e5cda928ae,,09_PREVIEWS/thumbs/Aa7c0f054.jpg,E,1,,,44100
A595544e6,06_SOUND_EFFECTS/impacts/sfx_8bit_impact9_149.wav,06_SOUND_EFFECTS,sfx,,,Junkala 8-bit impact 9,"GitHub: smaltra/soundix (repack of Juhani Junkala 512 Sound Effects (CC0, per pack INFO.txt))",https://github.com/smaltra/soundix,https://raw.githubusercontent.com/smaltra/soundix/main/packs/retro-512/The%20Essential%20Retro%20Video%20Game%20Sound%20Effects%20Collection%20[512%20sounds]%20By%20Juhani%20Junkala/General%20Sounds/Impacts/sfx_sounds_impact9.wav,Juhani Junkala,CC0-1.0,https://opengameart.org/content/512-sound-effects-8-bit-style,False,,wav,,,1.64,,,8-bit; impact,pixel burst,object-ring,medium,False,False,downloaded,"Original from Juhani Junkala 512 Sound Effects (CC0, per pack INFO.txt); soundix lists it as CC0 and the pack's own license/INFO file confirms CC0.",True,True,,144822,e6a73486e8297064e521e8aa36feaf53277c5e4b3be4d1adf478d069b6019450,,09_PREVIEWS/thumbs/A595544e6.jpg,E,1,,,44100
Abf7933c9,06_SOUND_EFFECTS/impacts/sfx_break_crunch_061.ogg,06_SOUND_EFFECTS,sfx,,,"Kenney break/crunch, 0.42 s",GitHub: KenneyNL/Starter-Kit-3D-Platformer,https://github.com/KenneyNL/Starter-Kit-3D-Platformer,https://raw.githubusercontent.com/KenneyNL/Starter-Kit-3D-Platformer/main/sounds/break.ogg,Kenney (kenney.nl),CC0-1.0 (sound effects; repo code MIT),https://github.com/KenneyNL/Starter-Kit-3D-Platformer#license,False,,ogg,,,0.418,,,break; crunch; shatter,objects collide and burst,object-ring,high,False,False,downloaded,Original OGG kept; WAV is a conversion.,True,True,,10784,51157b7441fca84fea95d4e93d6a9a3b91efa870b602e5c56a76e3ab639686a7,,09_PREVIEWS/thumbs/Abf7933c9.jpg,E,2,,,44100
A5f65cc78,06_SOUND_EFFECTS/impacts/sfx_break_crunch_061.wav,06_SOUND_EFFECTS,sfx,,,"Kenney break/crunch, 0.42 s (WAV conversion)",GitHub: KenneyNL/Starter-Kit-3D-Platformer,https://github.com/KenneyNL/Starter-Kit-3D-Platformer,https://raw.githubusercontent.com/KenneyNL/Starter-Kit-3D-Platformer/main/sounds/break.ogg,Kenney (kenney.nl),CC0-1.0 (sound effects; repo code MIT),https://github.com/KenneyNL/Starter-Kit-3D-Platformer#license,False,,wav,,,0.418,,,break; crunch; shatter,objects collide and burst,object-ring,high,False,False,downloaded,WAV is an ffmpeg conversion (44.1 kHz 16-bit) of the original OGG file sfx_break_crunch_061.ogg.,True,True,,73806,7e12df60bce6fa704c1c9892950317d7c68e33d209c3ae6556d077d405eca233,,09_PREVIEWS/thumbs/A5f65cc78.jpg,E,2,,,44100
A2de4e130,06_SOUND_EFFECTS/impacts/sfx_enemy_destroy_boom_062.ogg,06_SOUND_EFFECTS,sfx,,,"Kenney destroy pop-boom, 1 s",GitHub: KenneyNL/Starter-Kit-FPS,https://github.com/KenneyNL/Starter-Kit-FPS,https://raw.githubusercontent.com/KenneyNL/Starter-Kit-FPS/main/sounds/enemy_destroy.ogg,Kenney (kenney.nl),CC0-1.0 (sound effects; repo code MIT),https://github.com/KenneyNL/Starter-Kit-FPS#license,False,,ogg,,,1.0,,,explosion; destroy; boom,ink splat burst,object-ring,medium,False,False,downloaded,Original OGG kept; WAV is a conversion.,True,True,,17737,3205e84c18ab40eabdb70fa8a779489b666f1e452e3815b3c2b3b71fb418d006,,09_PREVIEWS/thumbs/A2de4e130.jpg,E,2,,,44100
Ac17f483d,06_SOUND_EFFECTS/impacts/sfx_enemy_destroy_boom_062.wav,06_SOUND_EFFECTS,sfx,,,"Kenney destroy pop-boom, 1 s (WAV conversion)",GitHub: KenneyNL/Starter-Kit-FPS,https://github.com/KenneyNL/Starter-Kit-FPS,https://raw.githubusercontent.com/KenneyNL/Starter-Kit-FPS/main/sounds/enemy_destroy.ogg,Kenney (kenney.nl),CC0-1.0 (sound effects; repo code MIT),https://github.com/KenneyNL/Starter-Kit-FPS#license,False,,wav,,,1.0,,,explosion; destroy; boom,ink splat burst,object-ring,medium,False,False,downloaded,WAV is an ffmpeg conversion (44.1 kHz 16-bit) of the original OGG file sfx_enemy_destroy_boom_062.ogg.,True,True,,176478,b5d7c39c88b2ec71ca127b7b4a06bf283be292cc9d76f36ceb81bf29d551b92c,,09_PREVIEWS/thumbs/Ac17f483d.jpg,E,2,,,44100
A26ae6773,06_SOUND_EFFECTS/impacts/sfx_impact_car_thud_060.ogg,06_SOUND_EFFECTS,sfx,,,"Kenney heavy impact thud, 0.65 s",GitHub: KenneyNL/Starter-Kit-Racing,https://github.com/KenneyNL/Starter-Kit-Racing,https://raw.githubusercontent.com/KenneyNL/Starter-Kit-Racing/main/audio/impact.ogg,Kenney (kenney.nl),CC0-1.0 (sound effects; repo code MIT),https://github.com/KenneyNL/Starter-Kit-Racing#license,False,,ogg,,,0.654,,,impact; thud; hit,object collision burst; scale punch,object-ring,high,False,False,downloaded,Original OGG kept; WAV is a conversion.,True,True,,11616,964c5fcfb91e7710e2af25c2243c8b7160756b223b0984bacc9eb25bfeea057b,,09_PREVIEWS/thumbs/A26ae6773.jpg,E,2,,,44100
A6ae8d71f,06_SOUND_EFFECTS/impacts/sfx_impact_car_thud_060.wav,06_SOUND_EFFECTS,sfx,,,"Kenney heavy impact thud, 0.65 s (WAV conversion)",GitHub: KenneyNL/Starter-Kit-Racing,https://github.com/KenneyNL/Starter-Kit-Racing,https://raw.githubusercontent.com/KenneyNL/Starter-Kit-Racing/main/audio/impact.ogg,Kenney (kenney.nl),CC0-1.0 (sound effects; repo code MIT),https://github.com/KenneyNL/Starter-Kit-Racing#license,False,,wav,,,0.654,,,impact; thud; hit,object collision burst; scale punch,object-ring,high,False,False,downloaded,WAV is an ffmpeg conversion (44.1 kHz 16-bit) of the original OGG file sfx_impact_car_thud_060.ogg.,True,True,,115386,76a68c126798ebf0a3984aacb4518f98540078a65f9c902dd184d65a39f93550,,09_PREVIEWS/thumbs/A6ae8d71f.jpg,E,2,,,44100
Ac2dcac86,06_SOUND_EFFECTS/impacts/sfx_kenney_impactgeneric_light_001_115.ogg,06_SOUND_EFFECTS,sfx,,,Kenney impactGeneric_light_001,GitHub: smaltra/soundix (repack of Kenney Impact Sounds),https://github.com/smaltra/soundix,https://raw.githubusercontent.com/smaltra/soundix/main/packs/impact-sounds/Audio/impactGeneric_light_001.ogg,Kenney (kenney.nl),CC0-1.0,https://kenney.nl/assets/impact-sounds,False,,ogg,,,0.118,,,impact; hit,collision burst,object-ring,medium,False,False,downloaded,Original from Kenney Impact Sounds; soundix lists it as CC0 and the pack's own license/INFO file confirms CC0. Original OGG kept; WAV is a conversion.,True,True,,5636,c3cd1c073d186ae8fa35788ba94de581f1826e7427a7bb26490b2695fac18efa,,09_PREVIEWS/thumbs/Ac2dcac86.jpg,E,2,,,44100
Aef1fd6f8,06_SOUND_EFFECTS/impacts/sfx_kenney_impactgeneric_light_001_115.wav,06_SOUND_EFFECTS,sfx,,,Kenney impactGeneric_light_001 (WAV conversion),GitHub: smaltra/soundix (repack of Kenney Impact Sounds),https://github.com/smaltra/soundix,https://raw.githubusercontent.com/smaltra/soundix/main/packs/impact-sounds/Audio/impactGeneric_light_001.ogg,Kenney (kenney.nl),CC0-1.0,https://kenney.nl/assets/impact-sounds,False,,wav,,,0.115,,,impact; hit,collision burst,object-ring,medium,False,False,downloaded,WAV is an ffmpeg conversion of sfx_kenney_impactgeneric_light_001_115.ogg,True,True,,20294,5efe4b6c324e54393c332fe2e766f088bd30bc04887a38c91c11b16e5c1b4b17,,09_PREVIEWS/thumbs/Aef1fd6f8.jpg,E,2,,,44100
A7d5dabd5,06_SOUND_EFFECTS/impacts/sfx_kenney_impactglass_light_000_111.ogg,06_SOUND_EFFECTS,sfx,,,Kenney impactGlass_light_000,GitHub: smaltra/soundix (repack of Kenney Impact Sounds),https://github.com/smaltra/soundix,https://raw.githubusercontent.com/smaltra/soundix/main/packs/impact-sounds/Audio/impactGlass_light_000.ogg,Kenney (kenney.nl),CC0-1.0,https://kenney.nl/assets/impact-sounds,False,,ogg,,,0.21,,,impact; hit,collision burst,object-ring,medium,False,False,downloaded,Original from Kenney Impact Sounds; soundix lists it as CC0 and the pack's own license/INFO file confirms CC0. Original OGG kept; WAV is a conversion.,True,True,,6526,d750cf88097d0c3e69920e6e14496e1444e1a9da01aa4cca8f5ec8cb44c57b4f,,09_PREVIEWS/thumbs/A7d5dabd5.jpg,E,2,,,44100
Ad44a5b68,06_SOUND_EFFECTS/impacts/sfx_kenney_impactglass_light_000_111.wav,06_SOUND_EFFECTS,sfx,,,Kenney impactGlass_light_000 (WAV conversion),GitHub: smaltra/soundix (repack of Kenney Impact Sounds),https://github.com/smaltra/soundix,https://raw.githubusercontent.com/smaltra/soundix/main/packs/impact-sounds/Audio/impactGlass_light_000.ogg,Kenney (kenney.nl),CC0-1.0,https://kenney.nl/assets/impact-sounds,False,,wav,,,0.231,,,impact; hit,collision burst,object-ring,medium,False,False,downloaded,WAV is an ffmpeg conversion of sfx_kenney_impactglass_light_000_111.ogg,True,True,,40782,cfd75c8b39fc1c9f6e8599cb67c67e94718460255dced046e26ce011d629b19b,,09_PREVIEWS/thumbs/Ad44a5b68.jpg,E,2,,,44100
Acbb51f7b,06_SOUND_EFFECTS/impacts/sfx_kenney_impactmetal_light_000_116.ogg,06_SOUND_EFFECTS,sfx,,,Kenney impactMetal_light_000,GitHub: smaltra/soundix (repack of Kenney Impact Sounds),https://github.com/smaltra/soundix,https://raw.githubusercontent.com/smaltra/soundix/main/packs/impact-sounds/Audio/impactMetal_light_000.ogg,Kenney (kenney.nl),CC0-1.0,https://kenney.nl/assets/impact-sounds,False,,ogg,,,0.351,,,impact; hit,collision burst,object-ring,medium,False,False,downloaded,Original from Kenney Impact Sounds; soundix lists it as CC0 and the pack's own license/INFO file confirms CC0. Original OGG kept; WAV is a conversion.,True,True,,7651,33b5e6e37c6e9d54e07bf5a89b12c76e879f40c1ea83cdd82714df1d6f9fec6d,,09_PREVIEWS/thumbs/Acbb51f7b.jpg,E,2,,,44100
A7d912b51,06_SOUND_EFFECTS/impacts/sfx_kenney_impactmetal_light_000_116.wav,06_SOUND_EFFECTS,sfx,,,Kenney impactMetal_light_000 (WAV conversion),GitHub: smaltra/soundix (repack of Kenney Impact Sounds),https://github.com/smaltra/soundix,https://raw.githubusercontent.com/smaltra/soundix/main/packs/impact-sounds/Audio/impactMetal_light_000.ogg,Kenney (kenney.nl),CC0-1.0,https://kenney.nl/assets/impact-sounds,False,,wav,,,0.373,,,impact; hit,collision burst,object-ring,medium,False,False,downloaded,WAV is an ffmpeg conversion of sfx_kenney_impactmetal_light_000_116.ogg,True,True,,65870,54e62688149eccc3bbf699f2ac457411ba903317519cc7366910fdce7323981d,,09_PREVIEWS/thumbs/A7d912b51.jpg,E,2,,,44100
A82aa0e86,06_SOUND_EFFECTS/impacts/sfx_kenney_impactplate_light_002_113.ogg,06_SOUND_EFFECTS,sfx,,,Kenney impactPlate_light_002,GitHub: smaltra/soundix (repack of Kenney Impact Sounds),https://github.com/smaltra/soundix,https://raw.githubusercontent.com/smaltra/soundix/main/packs/impact-sounds/Audio/impactPlate_light_002.ogg,Kenney (kenney.nl),CC0-1.0,https://kenney.nl/assets/impact-sounds,False,,ogg,,,0.489,,,impact; hit,collision burst,object-ring,medium,False,False,downloaded,Original from Kenney Impact Sounds; soundix lists it as CC0 and the pack's own license/INFO file confirms CC0. Original OGG kept; WAV is a conversion.,True,True,,9932,8ac5869ea434cf0d364872774efe70b2d666a4f02ba35ddfc1e051d336721be8,,09_PREVIEWS/thumbs/A82aa0e86.jpg,E,2,,,44100
A7edbb698,06_SOUND_EFFECTS/impacts/sfx_kenney_impactplate_light_002_113.wav,06_SOUND_EFFECTS,sfx,,,Kenney impactPlate_light_002 (WAV conversion),GitHub: smaltra/soundix (repack of Kenney Impact Sounds),https://github.com/smaltra/soundix,https://raw.githubusercontent.com/smaltra/soundix/main/packs/impact-sounds/Audio/impactPlate_light_002.ogg,Kenney (kenney.nl),CC0-1.0,https://kenney.nl/assets/impact-sounds,False,,wav,,,0.489,,,impact; hit,collision burst,object-ring,medium,False,False,downloaded,WAV is an ffmpeg conversion of sfx_kenney_impactplate_light_002_113.ogg,True,True,,86306,06c7bfc6f9ccf8c498c463de1acf1211aeafba73b9c682fa36a05483dde4905a,,09_PREVIEWS/thumbs/A7edbb698.jpg,E,2,,,44100
A0c80e29d,06_SOUND_EFFECTS/impacts/sfx_kenney_impactpunch_medium_000_114.ogg,06_SOUND_EFFECTS,sfx,,,Kenney impactPunch_medium_000,GitHub: smaltra/soundix (repack of Kenney Impact Sounds),https://github.com/smaltra/soundix,https://raw.githubusercontent.com/smaltra/soundix/main/packs/impact-sounds/Audio/impactPunch_medium_000.ogg,Kenney (kenney.nl),CC0-1.0,https://kenney.nl/assets/impact-sounds,False,,ogg,,,0.431,,,impact; hit,collision burst,object-ring,high,False,False,downloaded,Original from Kenney Impact Sounds; soundix lists it as CC0 and the pack's own license/INFO file confirms CC0. Original OGG kept; WAV is a conversion.,True,True,,8800,486988aa2d6440ffc4c62a0e8ccf3c23673ba84424bd4723378d451b7255eb5c,,09_PREVIEWS/thumbs/A0c80e29d.jpg,E,2,,,44100
A880e4fd3,06_SOUND_EFFECTS/impacts/sfx_kenney_impactpunch_medium_000_114.wav,06_SOUND_EFFECTS,sfx,,,Kenney impactPunch_medium_000 (WAV conversion),GitHub: smaltra/soundix (repack of Kenney Impact Sounds),https://github.com/smaltra/soundix,https://raw.githubusercontent.com/smaltra/soundix/main/packs/impact-sounds/Audio/impactPunch_medium_000.ogg,Kenney (kenney.nl),CC0-1.0,https://kenney.nl/assets/impact-sounds,False,,wav,,,0.431,,,impact; hit,collision burst,object-ring,high,False,False,downloaded,WAV is an ffmpeg conversion of sfx_kenney_impactpunch_medium_000_114.ogg,True,True,,76026,d2c18651602321f764264137e7a1a9f6b5aeaa3c730e7416e484601b2872ba70,,09_PREVIEWS/thumbs/A880e4fd3.jpg,E,2,,,44100
A0bde525b,06_SOUND_EFFECTS/impacts/sfx_kenney_impactwood_light_001_112.ogg,06_SOUND_EFFECTS,sfx,,,Kenney impactWood_light_001,GitHub: smaltra/soundix (repack of Kenney Impact Sounds),https://github.com/smaltra/soundix,https://raw.githubusercontent.com/smaltra/soundix/main/packs/impact-sounds/Audio/impactWood_light_001.ogg,Kenney (kenney.nl),CC0-1.0,https://kenney.nl/assets/impact-sounds,False,,ogg,,,0.266,,,impact; hit,collision burst,object-ring,medium,False,False,downloaded,Original from Kenney Impact Sounds; soundix lists it as CC0 and the pack's own license/INFO file confirms CC0. Original OGG kept; WAV is a conversion.,True,True,,6373,4b76bf3ccc8e60d19188f3165b778a7817786faa6887c55d9049bcbeef3b425f,,09_PREVIEWS/thumbs/A0bde525b.jpg,E,2,,,44100
A12c47baf,06_SOUND_EFFECTS/impacts/sfx_kenney_impactwood_light_001_112.wav,06_SOUND_EFFECTS,sfx,,,Kenney impactWood_light_001 (WAV conversion),GitHub: smaltra/soundix (repack of Kenney Impact Sounds),https://github.com/smaltra/soundix,https://raw.githubusercontent.com/smaltra/soundix/main/packs/impact-sounds/Audio/impactWood_light_001.ogg,Kenney (kenney.nl),CC0-1.0,https://kenney.nl/assets/impact-sounds,False,,wav,,,0.263,,,impact; hit,collision burst,object-ring,medium,False,False,downloaded,WAV is an ffmpeg conversion of sfx_kenney_impactwood_light_001_112.ogg,True,True,,46418,481787831181036cc479324380715696299f9a1b531537f3407dfb5e68c289ea,,09_PREVIEWS/thumbs/A12c47baf.jpg,E,2,,,44100
A6ec1dc30,06_SOUND_EFFECTS/impacts/sfx_land_thud_tiny_063.ogg,06_SOUND_EFFECTS,sfx,,,"Kenney tiny landing thud, 56 ms",GitHub: KenneyNL/Starter-Kit-3D-Platformer,https://github.com/KenneyNL/Starter-Kit-3D-Platformer,https://raw.githubusercontent.com/KenneyNL/Starter-Kit-3D-Platformer/main/sounds/land.ogg,Kenney (kenney.nl),CC0-1.0 (sound effects; repo code MIT),https://github.com/KenneyNL/Starter-Kit-3D-Platformer#license,False,,ogg,,,0.056,,,thud; land; tiny,object settles on canvas,white-canvas-parade,medium,False,False,downloaded,Original OGG kept; WAV is a conversion.,True,True,,5885,145a1c17125dc4d344ac135bc5073e35ea12e19700ca30ee6e1e477010b4dca0,,09_PREVIEWS/thumbs/A6ec1dc30.jpg,E,2,,,44100
A80e003b1,06_SOUND_EFFECTS/impacts/sfx_land_thud_tiny_063.wav,06_SOUND_EFFECTS,sfx,,,"Kenney tiny landing thud, 56 ms (WAV conversion)",GitHub: KenneyNL/Starter-Kit-3D-Platformer,https://github.com/KenneyNL/Starter-Kit-3D-Platformer,https://raw.githubusercontent.com/KenneyNL/Starter-Kit-3D-Platformer/main/sounds/land.ogg,Kenney (kenney.nl),CC0-1.0 (sound effects; repo code MIT),https://github.com/KenneyNL/Starter-Kit-3D-Platformer#license,False,,wav,,,0.053,,,thud; land; tiny,object settles on canvas,white-canvas-parade,medium,False,False,downloaded,WAV is an ffmpeg conversion (44.1 kHz 16-bit) of the original OGG file sfx_land_thud_tiny_063.ogg.,True,True,,9398,043371bb5f606bf3e4b82ab48f55862c34a2dca91405844fa66d20820c7ebdbb,,09_PREVIEWS/thumbs/A80e003b1.jpg,E,2,,,44100
A33f99289,06_SOUND_EFFECTS/mechanical/sfx_mech_button_press_040.ogg,06_SOUND_EFFECTS,sfx,,,uisfx mechanical button press,npm: @wubbleai/community-sfx (mirror of romainsimon/uisfx audio),https://github.com/romainsimon/uisfx,https://registry.npmjs.org/@wubbleai/community-sfx/-/community-sfx-0.1.0.tgz (catalog/sounds/mechanical/press.ogg),Romain Simon (uisfx),CC0-1.0,npm package LICENSE-AUDIO (CC0 1.0); upstream https://github.com/romainsimon/uisfx,False,,ogg,,,0.17,,,mechanical; click; typewriter; key,typewriter cursor text; pixel object clack,type-on,medium,False,False,downloaded,Upstream describes these as procedurally generated UI SFX (not made by us). Original OGG kept; WAV is a conversion.,True,True,,1718,c8f9c636200cd23de8a2faed5cc78bb3736851b9151e392984300a31e6ba9138,,09_PREVIEWS/thumbs/A33f99289.jpg,E,1,,,48000
A74b434f1,06_SOUND_EFFECTS/mechanical/sfx_mech_button_press_040.wav,06_SOUND_EFFECTS,sfx,,,uisfx mechanical button press (WAV conversion),npm: @wubbleai/community-sfx (mirror of romainsimon/uisfx audio),https://github.com/romainsimon/uisfx,https://registry.npmjs.org/@wubbleai/community-sfx/-/community-sfx-0.1.0.tgz (catalog/sounds/mechanical/press.ogg),Romain Simon (uisfx),CC0-1.0,npm package LICENSE-AUDIO (CC0 1.0); upstream https://github.com/romainsimon/uisfx,False,,wav,,,0.163,,,mechanical; click; typewriter; key,typewriter cursor text; pixel object clack,type-on,medium,False,False,downloaded,WAV is an ffmpeg conversion (44.1 kHz 16-bit) of the original OGG file sfx_mech_button_press_040.ogg.,True,True,,14474,7e7b861ed275a5eda5a51a8f394c9732018816bf4aeab7210a287d27eac03621,,09_PREVIEWS/thumbs/A74b434f1.jpg,E,1,,,44100
A6b25c25f,06_SOUND_EFFECTS/mechanical/sfx_mech_double_click_041.ogg,06_SOUND_EFFECTS,sfx,,,uisfx double mechanical click,npm: @wubbleai/community-sfx (mirror of romainsimon/uisfx audio),https://github.com/romainsimon/uisfx,https://registry.npmjs.org/@wubbleai/community-sfx/-/community-sfx-0.1.0.tgz (catalog/sounds/mechanical/double-click.ogg),Romain Simon (uisfx),CC0-1.0,npm package LICENSE-AUDIO (CC0 1.0); upstream https://github.com/romainsimon/uisfx,False,,ogg,,,0.226,,,mechanical; click; typewriter; key,typewriter cursor text; pixel object clack,type-on,medium,False,False,downloaded,Upstream describes these as procedurally generated UI SFX (not made by us). Original OGG kept; WAV is a conversion.,True,True,,2600,fc9064d95576e2d52c43ba4d316a1942d65cd23c78ab35cfcc643890cf9b3ae1,,09_PREVIEWS/thumbs/A6b25c25f.jpg,E,1,,,48000
Ac411d293,06_SOUND_EFFECTS/mechanical/sfx_mech_double_click_041.wav,06_SOUND_EFFECTS,sfx,,,uisfx double mechanical click (WAV conversion),npm: @wubbleai/community-sfx (mirror of romainsimon/uisfx audio),https://github.com/romainsimon/uisfx,https://registry.npmjs.org/@wubbleai/community-sfx/-/community-sfx-0.1.0.tgz (catalog/sounds/mechanical/double-click.ogg),Romain Simon (uisfx),CC0-1.0,npm package LICENSE-AUDIO (CC0 1.0); upstream https://github.com/romainsimon/uisfx,False,,wav,,,0.219,,,mechanical; click; typewriter; key,typewriter cursor text; pixel object clack,type-on,medium,False,False,downloaded,WAV is an ffmpeg conversion (44.1 kHz 16-bit) of the original OGG file sfx_mech_double_click_041.ogg.,True,True,,19422,3e7b59e8625dd1f8457d5b67b6ac4ba2d6e41cc27bec97072f4035dc809860ed,,09_PREVIEWS/thumbs/Ac411d293.jpg,E,1,,,44100
Af662133b,06_SOUND_EFFECTS/mechanical/sfx_mech_key_tap_039.ogg,06_SOUND_EFFECTS,sfx,,,uisfx typewriter-style key tap,npm: @wubbleai/community-sfx (mirror of romainsimon/uisfx audio),https://github.com/romainsimon/uisfx,https://registry.npmjs.org/@wubbleai/community-sfx/-/community-sfx-0.1.0.tgz (catalog/sounds/mechanical/typing.ogg),Romain Simon (uisfx),CC0-1.0,npm package LICENSE-AUDIO (CC0 1.0); upstream https://github.com/romainsimon/uisfx,False,,ogg,,,0.093,,,mechanical; click; typewriter; key,typewriter cursor text; pixel object clack,type-on,high,False,False,downloaded,Upstream describes these as procedurally generated UI SFX (not made by us). Original OGG kept; WAV is a conversion.,True,True,,1214,ee48fba09e6bc8c83d29c259fd86ec217866462d8d85f974864f61791c19233f,,09_PREVIEWS/thumbs/Af662133b.jpg,E,1,,,48000
Aa064ccc3,06_SOUND_EFFECTS/mechanical/sfx_mech_key_tap_039.wav,06_SOUND_EFFECTS,sfx,,,uisfx typewriter-style key tap (WAV conversion),npm: @wubbleai/community-sfx (mirror of romainsimon/uisfx audio),https://github.com/romainsimon/uisfx,https://registry.npmjs.org/@wubbleai/community-sfx/-/community-sfx-0.1.0.tgz (catalog/sounds/mechanical/typing.ogg),Romain Simon (uisfx),CC0-1.0,npm package LICENSE-AUDIO (CC0 1.0); upstream https://github.com/romainsimon/uisfx,False,,wav,,,0.087,,,mechanical; click; typewriter; key,typewriter cursor text; pixel object clack,type-on,high,False,False,downloaded,WAV is an ffmpeg conversion (44.1 kHz 16-bit) of the original OGG file sfx_mech_key_tap_039.ogg.,True,True,,7736,82cb6f705b1dd485e2d9df2240c3726d2dba77d87f9a8a4129de6a194c6ccaf7,,09_PREVIEWS/thumbs/Aa064ccc3.jpg,E,1,,,44100
Af90d4ebb,06_SOUND_EFFECTS/mechanical/sfx_mech_lock_clunk_042.ogg,06_SOUND_EFFECTS,sfx,,,uisfx lock clunk,npm: @wubbleai/community-sfx (mirror of romainsimon/uisfx audio),https://github.com/romainsimon/uisfx,https://registry.npmjs.org/@wubbleai/community-sfx/-/community-sfx-0.1.0.tgz (catalog/sounds/mechanical/lock.ogg),Romain Simon (uisfx),CC0-1.0,npm package LICENSE-AUDIO (CC0 1.0); upstream https://github.com/romainsimon/uisfx,False,,ogg,,,0.27,,,mechanical; click; typewriter; key,typewriter cursor text; pixel object clack,type-on,medium,False,False,downloaded,Upstream describes these as procedurally generated UI SFX (not made by us). Original OGG kept; WAV is a conversion.,True,True,,2617,16110b535c4a1ea4d86599d66832ea3f0135ccc6a6b15c56aa3f057fecd92fae,,09_PREVIEWS/thumbs/Af90d4ebb.jpg,E,1,,,48000
A03d4545d,06_SOUND_EFFECTS/mechanical/sfx_mech_lock_clunk_042.wav,06_SOUND_EFFECTS,sfx,,,uisfx lock clunk (WAV conversion),npm: @wubbleai/community-sfx (mirror of romainsimon/uisfx audio),https://github.com/romainsimon/uisfx,https://registry.npmjs.org/@wubbleai/community-sfx/-/community-sfx-0.1.0.tgz (catalog/sounds/mechanical/lock.ogg),Romain Simon (uisfx),CC0-1.0,npm package LICENSE-AUDIO (CC0 1.0); upstream https://github.com/romainsimon/uisfx,False,,wav,,,0.263,,,mechanical; click; typewriter; key,typewriter cursor text; pixel object clack,type-on,medium,False,False,downloaded,WAV is an ffmpeg conversion (44.1 kHz 16-bit) of the original OGG file sfx_mech_lock_clunk_042.ogg.,True,True,,23284,d17474186936a232c637e10e13262d783859b448e6e08ad80702bfe9979e7de8,,09_PREVIEWS/thumbs/A03d4545d.jpg,E,1,,,44100
A171ce8ce,06_SOUND_EFFECTS/mechanical/sfx_mech_snap_038.ogg,06_SOUND_EFFECTS,sfx,,,uisfx mechanical snap,npm: @wubbleai/community-sfx (mirror of romainsimon/uisfx audio),https://github.com/romainsimon/uisfx,https://registry.npmjs.org/@wubbleai/community-sfx/-/community-sfx-0.1.0.tgz (catalog/sounds/mechanical/snap.ogg),Romain Simon (uisfx),CC0-1.0,npm package LICENSE-AUDIO (CC0 1.0); upstream https://github.com/romainsimon/uisfx,False,,ogg,,,0.17,,,mechanical; click; typewriter; key,typewriter cursor text; pixel object clack,type-on,medium,False,False,downloaded,Upstream describes these as procedurally generated UI SFX (not made by us). Original OGG kept; WAV is a conversion.,True,True,,1970,8e14994aedf4e5dfca55af8a03bf6023138ef96fcb9f2bea356492756bc69524,,09_PREVIEWS/thumbs/A171ce8ce.jpg,E,1,,,48000
Ac2b6f370,06_SOUND_EFFECTS/mechanical/sfx_mech_snap_038.wav,06_SOUND_EFFECTS,sfx,,,uisfx mechanical snap (WAV conversion),npm: @wubbleai/community-sfx (mirror of romainsimon/uisfx audio),https://github.com/romainsimon/uisfx,https://registry.npmjs.org/@wubbleai/community-sfx/-/community-sfx-0.1.0.tgz (catalog/sounds/mechanical/snap.ogg),Romain Simon (uisfx),CC0-1.0,npm package LICENSE-AUDIO (CC0 1.0); upstream https://github.com/romainsimon/uisfx,False,,wav,,,0.163,,,mechanical; click; typewriter; key,typewriter cursor text; pixel object clack,type-on,medium,False,False,downloaded,WAV is an ffmpeg conversion (44.1 kHz 16-bit) of the original OGG file sfx_mech_snap_038.ogg.,True,True,,14474,38b183a36724307fd25e8923ed0b93cc0a6851f97a2e1df51641bc3c555e1f03,,09_PREVIEWS/thumbs/Ac2b6f370.jpg,E,1,,,44100
Ad85f249e,06_SOUND_EFFECTS/mechanical/sfx_type_enter_synth_092.wav,06_SOUND_EFFECTS,sfx,,,Enter key return,GitHub: RezaParsian/free-sfx-bgm-pack,https://github.com/RezaParsian/free-sfx-bgm-pack,https://raw.githubusercontent.com/RezaParsian/free-sfx-bgm-pack/HEAD/audio-pack/sfx/type_enter.wav,RezaParsian,CC0-1.0,https://github.com/RezaParsian/free-sfx-bgm-pack/blob/main/LICENSE,False,,wav,,,0.105,,,typewriter; enter,type-on end,type-on,medium,False,False,downloaded,"Third-party CC0 pack whose README says the waveforms are computed by code (synthesized by that author, not by us). Flag: synthetic, not recorded.",True,True,,18564,aae6127090058fd25e822e4f336de5a5aede0657be5b4b591b3cfd4ec3ba723a,,09_PREVIEWS/thumbs/Ad85f249e.jpg,E,2,,,44100
A98c1f42d,06_SOUND_EFFECTS/mechanical/sfx_type_key_single_synth_091.wav,06_SOUND_EFFECTS,sfx,,,Single key tap,GitHub: RezaParsian/free-sfx-bgm-pack,https://github.com/RezaParsian/free-sfx-bgm-pack,https://raw.githubusercontent.com/RezaParsian/free-sfx-bgm-pack/HEAD/audio-pack/sfx/type_key_single.wav,RezaParsian,CC0-1.0,https://github.com/RezaParsian/free-sfx-bgm-pack/blob/main/LICENSE,False,,wav,,,0.05,,,typewriter; key,type-on,type-on,medium,False,False,downloaded,"Third-party CC0 pack whose README says the waveforms are computed by code (synthesized by that author, not by us). Flag: synthetic, not recorded.",True,True,,8864,020fb8248615b305666e8153dd06e2a4b6bba3eafc1010a6e110ce9bb351e98a,,09_PREVIEWS/thumbs/A98c1f42d.jpg,E,2,,,44100
A524c77d1,06_SOUND_EFFECTS/mechanical/sfx_typewriter_bell_cc0_089.wav,06_SOUND_EFFECTS,sfx,,,Typewriter key + bell ding,GitHub: qureshiubaid7860-art/match-cut-animator,https://github.com/qureshiubaid7860-art/match-cut-animator,https://raw.githubusercontent.com/qureshiubaid7860-art/match-cut-animator/HEAD/frontend/public/audio/sfx/typewriter-bell.wav,"yottasounds / knufds / MasterNavigator (Freesound, CC0), edited","CC0-1.0 (edited excerpts of CC0 Freesound recordings, per SFX-ATTRIBUTION.md)",https://github.com/qureshiubaid7860-art/match-cut-animator/blob/main/frontend/public/audio/sfx/SFX-ATTRIBUTION.md,False,,wav,,,0.48,,,typewriter; key; bell; carriage,type-on cards; typewriter cursor text,type-on,high,False,False,downloaded,"Trimmed/resampled/layered excerpt of CC0 Freesound recordings; 48 kHz mono. Repo has no top-level license, derivation from CC0 sources stated in SFX-ATTRIBUTION.md.",True,True,,46124,5f7226e7becd3a611f3d6b1882a05375500622caf11ff710b8d80fb3de31f3af,,09_PREVIEWS/thumbs/A524c77d1.jpg,E,1,,,48000
A7ad67923,06_SOUND_EFFECTS/mechanical/sfx_typewriter_cc0_088.wav,06_SOUND_EFFECTS,sfx,,,Typewriter keystrokes,GitHub: qureshiubaid7860-art/match-cut-animator,https://github.com/qureshiubaid7860-art/match-cut-animator,https://raw.githubusercontent.com/qureshiubaid7860-art/match-cut-animator/HEAD/frontend/public/audio/sfx/typewriter.wav,"yottasounds / knufds / MasterNavigator (Freesound, CC0), edited","CC0-1.0 (edited excerpts of CC0 Freesound recordings, per SFX-ATTRIBUTION.md)",https://github.com/qureshiubaid7860-art/match-cut-animator/blob/main/frontend/public/audio/sfx/SFX-ATTRIBUTION.md,False,,wav,,,0.37,,,typewriter; key; bell; carriage,type-on cards; typewriter cursor text,type-on,high,False,False,downloaded,"Trimmed/resampled/layered excerpt of CC0 Freesound recordings; 48 kHz mono. Repo has no top-level license, derivation from CC0 sources stated in SFX-ATTRIBUTION.md.",True,True,,35564,6fb7f55f9f355e0aceba48de8134466449eba16d3acd2dff7a34264157f36792,,09_PREVIEWS/thumbs/A7ad67923.jpg,E,1,,,48000
A58544ed4,06_SOUND_EFFECTS/mechanical/sfx_typewriter_return_cc0_090.wav,06_SOUND_EFFECTS,sfx,,,Typewriter carriage return and reset,GitHub: qureshiubaid7860-art/match-cut-animator,https://github.com/qureshiubaid7860-art/match-cut-animator,https://raw.githubusercontent.com/qureshiubaid7860-art/match-cut-animator/HEAD/frontend/public/audio/sfx/typewriter-return.wav,"yottasounds / knufds / MasterNavigator (Freesound, CC0), edited","CC0-1.0 (edited excerpts of CC0 Freesound recordings, per SFX-ATTRIBUTION.md)",https://github.com/qureshiubaid7860-art/match-cut-animator/blob/main/frontend/public/audio/sfx/SFX-ATTRIBUTION.md,False,,wav,,,0.52,,,typewriter; key; bell; carriage,type-on cards; typewriter cursor text,type-on,high,False,False,downloaded,"Trimmed/resampled/layered excerpt of CC0 Freesound recordings; 48 kHz mono. Repo has no top-level license, derivation from CC0 sources stated in SFX-ATTRIBUTION.md.",True,True,,49964,5a1831ff96577f688b3a5ee7d442153651e7a5a9134b663d72ae98892c5ebe8a,,09_PREVIEWS/thumbs/A58544ed4.jpg,E,1,,,48000
A6cab76ba,06_SOUND_EFFECTS/mechanical/sfx_weapon_change_clunk_043.ogg,06_SOUND_EFFECTS,sfx,,,"Mechanical clack-clunk gadget swap, 0.41 s",GitHub: KenneyNL/Starter-Kit-FPS,https://github.com/KenneyNL/Starter-Kit-FPS,https://raw.githubusercontent.com/KenneyNL/Starter-Kit-FPS/main/sounds/weapon_change.ogg,Kenney (kenney.nl),CC0-1.0 (sound effects; repo code MIT),https://github.com/KenneyNL/Starter-Kit-FPS#license,False,,ogg,,,0.415,,,mechanical; clunk; gadget,clapperboard clack,object-ring,medium,False,False,downloaded,Original OGG kept; WAV is a conversion.,True,True,,11694,0b39e0f0d733cae3c44a838d67ab8c8510cf3b245016e398a7eb9ab13cda1449,,09_PREVIEWS/thumbs/A6cab76ba.jpg,E,2,,,96000
Aa8f94421,06_SOUND_EFFECTS/mechanical/sfx_weapon_change_clunk_043.wav,06_SOUND_EFFECTS,sfx,,,"Mechanical clack-clunk gadget swap, 0.41 s (WAV conversion)",GitHub: KenneyNL/Starter-Kit-FPS,https://github.com/KenneyNL/Starter-Kit-FPS,https://raw.githubusercontent.com/KenneyNL/Starter-Kit-FPS/main/sounds/weapon_change.ogg,Kenney (kenney.nl),CC0-1.0 (sound effects; repo code MIT),https://github.com/KenneyNL/Starter-Kit-FPS#license,False,,wav,,,0.415,,,mechanical; clunk; gadget,clapperboard clack,object-ring,medium,False,False,downloaded,WAV is an ffmpeg conversion (44.1 kHz 16-bit) of the original OGG file sfx_weapon_change_clunk_043.ogg.,True,True,,73218,fff350f1faa4a1a94ad4228ff6059d1d862c5e0df62a33c4b0cd9644467a5bee,,09_PREVIEWS/thumbs/Aa8f94421.jpg,E,2,,,44100
A345de76f,06_SOUND_EFFECTS/reverse/sfx_reverse_glass_shimmer_074.wav,06_SOUND_EFFECTS,sfx,,,"Reversed copy (ffmpeg areverse) of sfx_glass_shimmer_long_068: Kenney glass shimmer, 0.7 s",GitHub: Calinou/kenney-interface-sounds (Godot repack of Kenney Interface Sounds),https://github.com/Calinou/kenney-interface-sounds,https://raw.githubusercontent.com/Calinou/kenney-interface-sounds/master/addons/kenney_interface_sounds/glass_004.wav,Kenney (kenney.nl); WAV repack by Calinou,CC0-1.0,https://raw.githubusercontent.com/Calinou/kenney-interface-sounds/master/LICENSE.txt,False,,wav,,,0.713,,,reverse; riser; suck-in; glass; shimmer,reverse riser into cut; pre-hit suck-in,glitch-transition; beat-sync-montage,medium,False,False,downloaded,Derivative: time-reversed with ffmpeg from CC0 source sfx_glass_shimmer_long_068 (not synthesized). Source license applies (CC0 / see source).,True,True,,62926,073c0ecf4978127afab8306f6477a1ae029f6e9cda8c8f9bf23c862f500e6f3f,,09_PREVIEWS/thumbs/A345de76f.jpg,E,1,,,44100
Ac9464576,06_SOUND_EFFECTS/reverse/sfx_reverse_impact_076.wav,06_SOUND_EFFECTS,sfx,,,"Reversed copy (ffmpeg areverse) of sfx_impact_car_thud_060: Kenney heavy impact thud, 0.65 s",GitHub: KenneyNL/Starter-Kit-Racing,https://github.com/KenneyNL/Starter-Kit-Racing,https://raw.githubusercontent.com/KenneyNL/Starter-Kit-Racing/main/audio/impact.ogg,Kenney (kenney.nl),CC0-1.0 (sound effects; repo code MIT),https://github.com/KenneyNL/Starter-Kit-Racing#license,False,,wav,,,0.654,,,reverse; riser; suck-in; impact; thud,reverse riser into cut; pre-hit suck-in,glitch-transition; beat-sync-montage,medium,False,False,downloaded,Derivative: time-reversed with ffmpeg from CC0 source sfx_impact_car_thud_060 (not synthesized). Source license applies (CC0 / see source).,True,True,,115386,c1b7f7d53c5fd9640043fe0f7bdb6bcad1c03c09baedb1777d885bcf2564b660,,09_PREVIEWS/thumbs/Ac9464576.jpg,E,2,,,44100
Ad0c508a2,06_SOUND_EFFECTS/reverse/sfx_reverse_level_up_075.wav,06_SOUND_EFFECTS,sfx,,,Reversed copy (ffmpeg areverse) of sfx_8bit_level_up_rise_049: uisfx arcade level-up rise,npm: @wubbleai/community-sfx (mirror of romainsimon/uisfx audio),https://github.com/romainsimon/uisfx,https://registry.npmjs.org/@wubbleai/community-sfx/-/community-sfx-0.1.0.tgz (catalog/sounds/arcade/level-up.ogg),Romain Simon (uisfx),CC0-1.0,npm package LICENSE-AUDIO (CC0 1.0); upstream https://github.com/romainsimon/uisfx,False,,wav,,,0.797,,,reverse; riser; suck-in; 8-bit; arcade,reverse riser into cut; pre-hit suck-in,glitch-transition; beat-sync-montage,medium,False,False,downloaded,Derivative: time-reversed with ffmpeg from CC0 source sfx_8bit_level_up_rise_049 (not synthesized). Source license applies (CC0 / see source).,True,True,,70364,9c11ba66430fd3b8ff0e22e88a307d136de40d8993e0e14092bef92b36bd4830,,09_PREVIEWS/thumbs/Ad0c508a2.jpg,E,1,,,44100
Abfa5ba61,06_SOUND_EFFECTS/reverse/sfx_reverse_paper_072.wav,06_SOUND_EFFECTS,sfx,,,"Reversed copy (ffmpeg areverse) of sfx_paper_page_turn_056: Page turn / paper swish, 0.4 s (Kenney draw knife)",GitHub: remotion-dev/remotion (@remotion/sfx),https://github.com/remotion-dev/remotion/blob/main/packages/remotion-media/page-turn.wav,https://raw.githubusercontent.com/remotion-dev/remotion/main/packages/remotion-media/page-turn.wav,Kenney (Draw Knife 1),CC0-1.0,https://github.com/remotion-dev/remotion/blob/main/packages/docs/docs/sfx/page-turn.mdx,False,,wav,,,0.4,,,reverse; riser; suck-in; paper; page,reverse riser into cut; pre-hit suck-in,glitch-transition; beat-sync-montage,medium,False,False,downloaded,Derivative: time-reversed with ffmpeg from CC0 source sfx_paper_page_turn_056 (not synthesized). Source license applies (CC0 / see source).,True,True,,35334,9f09ecf29c949c44fc8a38b71dc1257a91ca9352e437cedd83103ecfce4e5087,,09_PREVIEWS/thumbs/Abfa5ba61.jpg,E,1,,,44100
Aad9878e7,06_SOUND_EFFECTS/reverse/sfx_reverse_scribble_073.wav,06_SOUND_EFFECTS,sfx,,,"Reversed copy (ffmpeg areverse) of sfx_paper_ink_scratch_d_pen_066: Kenney scratch, reads as pen/ink scribble on paper",GitHub: Calinou/kenney-interface-sounds (Godot repack of Kenney Interface Sounds),https://github.com/Calinou/kenney-interface-sounds,https://raw.githubusercontent.com/Calinou/kenney-interface-sounds/master/addons/kenney_interface_sounds/scratch_004.wav,Kenney (kenney.nl); WAV repack by Calinou,CC0-1.0,https://raw.githubusercontent.com/Calinou/kenney-interface-sounds/master/LICENSE.txt,False,,wav,,,0.347,,,reverse; riser; suck-in; scratch; pen,reverse riser into cut; pre-hit suck-in,glitch-transition; beat-sync-montage,medium,False,False,downloaded,Derivative: time-reversed with ffmpeg from CC0 source sfx_paper_ink_scratch_d_pen_066 (not synthesized). Source license applies (CC0 / see source).,True,True,,30670,ca1e1f12f5890f3d21badd1a69b365647ac5327277a4ba4c61fcce903fd3ca45,,09_PREVIEWS/thumbs/Aad9878e7.jpg,E,1,,,44100
Aa3d19703,06_SOUND_EFFECTS/reverse/sfx_reverse_scroll_077.wav,06_SOUND_EFFECTS,sfx,,,Reversed copy (ffmpeg areverse) of sfx_whoosh_scroll_long_a_032: Kenney ~1 s scroll swish used as soft whoosh,GitHub: Calinou/kenney-interface-sounds (Godot repack of Kenney Interface Sounds),https://github.com/Calinou/kenney-interface-sounds,https://raw.githubusercontent.com/Calinou/kenney-interface-sounds/master/addons/kenney_interface_sounds/scroll_001.wav,Kenney (kenney.nl); WAV repack by Calinou,CC0-1.0,https://raw.githubusercontent.com/Calinou/kenney-interface-sounds/master/LICENSE.txt,False,,wav,,,1.02,,,reverse; riser; suck-in; whoosh; scroll,reverse riser into cut; pre-hit suck-in,glitch-transition; beat-sync-montage,medium,False,False,downloaded,Derivative: time-reversed with ffmpeg from CC0 source sfx_whoosh_scroll_long_a_032 (not synthesized). Source license applies (CC0 / see source).,True,True,,90062,f78d3aebecbd46e6df8b20bdc1713e6c89fe361dccf3477249d2abbd4a59c69f,,09_PREVIEWS/thumbs/Aa3d19703.jpg,E,1,,,44100
Acff06472,06_SOUND_EFFECTS/reverse/sfx_reverse_shutter_071.wav,06_SOUND_EFFECTS,sfx,,,Reversed copy (ffmpeg areverse) of sfx_shutter_dslr_fast_054: Modern DSLR shutter click,GitHub: remotion-dev/remotion (@remotion/sfx),https://github.com/remotion-dev/remotion/blob/main/packages/remotion-media/shutter-modern.wav,https://raw.githubusercontent.com/remotion-dev/remotion/main/packages/remotion-media/shutter-modern.wav,ristooooo1 (Freesound 539136),CC0-1.0,https://github.com/remotion-dev/remotion/blob/main/packages/docs/docs/sfx/shutter-modern.mdx,False,,wav,,,0.489,,,reverse; riser; suck-in; camera; shutter,reverse riser into cut; pre-hit suck-in,glitch-transition; beat-sync-montage,medium,False,False,downloaded,Derivative: time-reversed with ffmpeg from CC0 source sfx_shutter_dslr_fast_054 (not synthesized). Source license applies (CC0 / see source).,True,True,,43224,d4bd13b691ac4c0ce4e5e756f0e316b52920f53302ee449088b2e589b5d91dc5,,09_PREVIEWS/thumbs/Acff06472.jpg,E,1,,,44100
Ad93243f2,06_SOUND_EFFECTS/reverse/sfx_reverse_whoosh_070.wav,06_SOUND_EFFECTS,sfx,,,"Reversed copy (ffmpeg areverse) of sfx_whoosh_short_airy_030: Short airy whoosh, 0.15 s",GitHub: remotion-dev/remotion (@remotion/sfx),https://github.com/remotion-dev/remotion/blob/main/packages/remotion-media/whoosh.wav,https://raw.githubusercontent.com/remotion-dev/remotion/main/packages/remotion-media/whoosh.wav,1bob (Freesound 831936),CC0-1.0,https://github.com/remotion-dev/remotion/blob/main/packages/docs/docs/sfx/whoosh.mdx,False,,wav,,,0.154,,,reverse; riser; suck-in; whoosh; air,reverse riser into cut; pre-hit suck-in,glitch-transition; beat-sync-montage,medium,False,False,downloaded,Derivative: time-reversed with ffmpeg from CC0 source sfx_whoosh_short_airy_030 (not synthesized). Source license applies (CC0 / see source).,True,True,,13620,c718d8e4383c7f9197eac75083747c22e474ec661d5c52bc49223ee874c80a22,,09_PREVIEWS/thumbs/Ad93243f2.jpg,E,1,,,44100
A0e39408b,06_SOUND_EFFECTS/reverse/sfx_rewind_sweep_095.wav,06_SOUND_EFFECTS,sfx,,,Rewind sweep,GitHub: RezaParsian/free-sfx-bgm-pack,https://github.com/RezaParsian/free-sfx-bgm-pack,https://raw.githubusercontent.com/RezaParsian/free-sfx-bgm-pack/HEAD/audio-pack/sfx/rewind_sweep.wav,RezaParsian,CC0-1.0,https://github.com/RezaParsian/free-sfx-bgm-pack/blob/main/LICENSE,False,,wav,,,0.75,,,rewind; reverse; sweep,reverse riser into cut,glitch-transition,medium,False,False,downloaded,"Third-party CC0 pack whose README says the waveforms are computed by code (synthesized by that author, not by us). Flag: synthetic, not recorded.",True,True,,132344,17d9428116210d0a22c7ebd4368b94097d82f13a37c1b8fe00e10e6c8f8de0e3,,09_PREVIEWS/thumbs/A0e39408b.jpg,E,2,,,44100
Ae5a802a0,06_SOUND_EFFECTS/textures/sfx_drop_water_plop_069.wav,06_SOUND_EFFECTS,sfx,,,"Kenney drop/plop, 0.29 s",GitHub: Calinou/kenney-interface-sounds (Godot repack of Kenney Interface Sounds),https://github.com/Calinou/kenney-interface-sounds,https://raw.githubusercontent.com/Calinou/kenney-interface-sounds/master/addons/kenney_interface_sounds/drop_004.wav,Kenney (kenney.nl); WAV repack by Calinou,CC0-1.0,https://raw.githubusercontent.com/Calinou/kenney-interface-sounds/master/LICENSE.txt,False,,wav,,,0.295,,,drop; plop; ink; splat,ink splat,ink-wipe,high,False,False,downloaded,Kenney Interface Sounds 1.0; this WAV is Calinou's lossless conversion of Kenney's original OGG (original OGG not in this repo).,True,True,,52046,8bec0bc73a2536c81467790f41529a0c335b3915baa2caf3d248b6ebacce93a2,,09_PREVIEWS/thumbs/Ae5a802a0.jpg,E,2,,,44100
Ae7922262,06_SOUND_EFFECTS/textures/sfx_force_field_shimmer_104.ogg,06_SOUND_EFFECTS,sfx,,,Kenney force field shimmer,GitHub: smaltra/soundix (repack of Kenney Sci-Fi Sounds),https://github.com/smaltra/soundix,https://raw.githubusercontent.com/smaltra/soundix/main/packs/sci-fi-sounds/Audio/forceField_001.ogg,Kenney (kenney.nl),CC0-1.0,https://kenney.nl/assets/sci-fi-sounds,False,,ogg,,,0.953,,,shimmer; energy; flare,4-point star flare,star-flare,high,False,False,downloaded,Original from Kenney Sci-Fi Sounds; soundix lists it as CC0 and the pack's own license/INFO file confirms CC0. Original OGG kept; WAV is a conversion.,True,True,,28947,5574e69dd04e5f59322c5ddffde5978f077b09170ae5e29cec0bd9901828cd90,,09_PREVIEWS/thumbs/Ae7922262.jpg,E,1,,,44100
Aba30e351,06_SOUND_EFFECTS/textures/sfx_force_field_shimmer_104.wav,06_SOUND_EFFECTS,sfx,,,Kenney force field shimmer (WAV conversion),GitHub: smaltra/soundix (repack of Kenney Sci-Fi Sounds),https://github.com/smaltra/soundix,https://raw.githubusercontent.com/smaltra/soundix/main/packs/sci-fi-sounds/Audio/forceField_001.ogg,Kenney (kenney.nl),CC0-1.0,https://kenney.nl/assets/sci-fi-sounds,False,,wav,,,0.953,,,shimmer; energy; flare,4-point star flare,star-flare,high,False,False,downloaded,WAV is an ffmpeg conversion of sfx_force_field_shimmer_104.ogg,True,True,,84170,13e438dc4e5de0bc644d9ffdce2e67deffcbc92ce6c7d0d1366a5d1209c89e83,,09_PREVIEWS/thumbs/Aba30e351.jpg,E,1,,,44100
A2eafb101,06_SOUND_EFFECTS/textures/sfx_glass_shimmer_long_068.wav,06_SOUND_EFFECTS,sfx,,,"Kenney glass shimmer, 0.7 s",GitHub: Calinou/kenney-interface-sounds (Godot repack of Kenney Interface Sounds),https://github.com/Calinou/kenney-interface-sounds,https://raw.githubusercontent.com/Calinou/kenney-interface-sounds/master/addons/kenney_interface_sounds/glass_004.wav,Kenney (kenney.nl); WAV repack by Calinou,CC0-1.0,https://raw.githubusercontent.com/Calinou/kenney-interface-sounds/master/LICENSE.txt,False,,wav,,,0.713,,,glass; shimmer; sparkle,star flare sparkle,star-flare,high,False,False,downloaded,Kenney Interface Sounds 1.0; this WAV is Calinou's lossless conversion of Kenney's original OGG (original OGG not in this repo).,True,True,,62926,54dd436b826bed6360cc32c059776dc98942bb5abd35b036c8fda075482adef7,,09_PREVIEWS/thumbs/A2eafb101.jpg,E,1,,,44100
A7710bb88,06_SOUND_EFFECTS/textures/sfx_ink_slime_splat_101.ogg,06_SOUND_EFFECTS,sfx,,,"Kenney slime squelch, usable as ink/liquid splat",GitHub: smaltra/soundix (repack of Kenney Sci-Fi Sounds),https://github.com/smaltra/soundix,https://raw.githubusercontent.com/smaltra/soundix/main/packs/sci-fi-sounds/Audio/slime_000.ogg,Kenney (kenney.nl),CC0-1.0,https://kenney.nl/assets/sci-fi-sounds,False,,ogg,,,0.5,,,slime; ink; splat; liquid,ink splat/blob,ink-wipe,high,False,False,downloaded,Original from Kenney Sci-Fi Sounds; soundix lists it as CC0 and the pack's own license/INFO file confirms CC0. Original OGG kept; WAV is a conversion.,True,True,,20870,480ee82b690136ea9db6966a3c3033356b8274752795c4e37afd6b6defcfacff,,09_PREVIEWS/thumbs/A7710bb88.jpg,E,1,,,44100
Aa26b7700,06_SOUND_EFFECTS/textures/sfx_ink_slime_splat_101.wav,06_SOUND_EFFECTS,sfx,,,"Kenney slime squelch, usable as ink/liquid splat (WAV conversion)",GitHub: smaltra/soundix (repack of Kenney Sci-Fi Sounds),https://github.com/smaltra/soundix,https://raw.githubusercontent.com/smaltra/soundix/main/packs/sci-fi-sounds/Audio/slime_000.ogg,Kenney (kenney.nl),CC0-1.0,https://kenney.nl/assets/sci-fi-sounds,False,,wav,,,0.5,,,slime; ink; splat; liquid,ink splat/blob,ink-wipe,high,False,False,downloaded,WAV is an ffmpeg conversion of sfx_ink_slime_splat_101.ogg,True,True,,44178,15d6f2fad1ac10a7ca5ad250494113e7f20bf101cc22a9a2a8ab70abc8d25cf4,,09_PREVIEWS/thumbs/Aa26b7700.jpg,E,1,,,44100
A49d97424,06_SOUND_EFFECTS/textures/sfx_ink_soft_splat_heavy_102.ogg,06_SOUND_EFFECTS,sfx,,,"Kenney soft heavy impact, wet-splat-like",GitHub: smaltra/soundix (repack of Kenney Impact Sounds),https://github.com/smaltra/soundix,https://raw.githubusercontent.com/smaltra/soundix/main/packs/impact-sounds/Audio/impactSoft_heavy_000.ogg,Kenney (kenney.nl),CC0-1.0,https://kenney.nl/assets/impact-sounds,False,,ogg,,,0.505,,,splat; soft; thud; ink,ink blot hit,ink-wipe,medium,False,False,downloaded,Original from Kenney Impact Sounds; soundix lists it as CC0 and the pack's own license/INFO file confirms CC0. Original OGG kept; WAV is a conversion.,True,True,,6570,49e7ca88743fca974bb8676ea138b751cfd8f9033b5e7af8736c2a215d6edbc1,,09_PREVIEWS/thumbs/A49d97424.jpg,E,2,,,44100
Afdf8e986,06_SOUND_EFFECTS/textures/sfx_ink_soft_splat_heavy_102.wav,06_SOUND_EFFECTS,sfx,,,"Kenney soft heavy impact, wet-splat-like (WAV conversion)",GitHub: smaltra/soundix (repack of Kenney Impact Sounds),https://github.com/smaltra/soundix,https://raw.githubusercontent.com/smaltra/soundix/main/packs/impact-sounds/Audio/impactSoft_heavy_000.ogg,Kenney (kenney.nl),CC0-1.0,https://kenney.nl/assets/impact-sounds,False,,wav,,,0.527,,,splat; soft; thud; ink,ink blot hit,ink-wipe,medium,False,False,downloaded,WAV is an ffmpeg conversion of sfx_ink_soft_splat_heavy_102.ogg,True,True,,93006,ed3e6a81d7ae642bc5ccf3b7b66031ec88e2c64237c8cc847117ce0129b2015a,,09_PREVIEWS/thumbs/Afdf8e986.jpg,E,2,,,44100
Ab68d883c,06_SOUND_EFFECTS/textures/sfx_ink_soft_splat_heavy_b_103.ogg,06_SOUND_EFFECTS,sfx,,,Kenney soft heavy impact variant,GitHub: smaltra/soundix (repack of Kenney Impact Sounds),https://github.com/smaltra/soundix,https://raw.githubusercontent.com/smaltra/soundix/main/packs/impact-sounds/Audio/impactSoft_heavy_003.ogg,Kenney (kenney.nl),CC0-1.0,https://kenney.nl/assets/impact-sounds,False,,ogg,,,0.544,,,splat; soft; thud,ink blot hit,ink-wipe,medium,False,False,downloaded,Original from Kenney Impact Sounds; soundix lists it as CC0 and the pack's own license/INFO file confirms CC0. Original OGG kept; WAV is a conversion.,True,True,,6665,d00286a2dc62ee5cb4d42bf56120e7050a855f69e655fc1294410aadd337eba3,,09_PREVIEWS/thumbs/Ab68d883c.jpg,E,2,,,44100
A1aeef7a6,06_SOUND_EFFECTS/textures/sfx_ink_soft_splat_heavy_b_103.wav,06_SOUND_EFFECTS,sfx,,,Kenney soft heavy impact variant (WAV conversion),GitHub: smaltra/soundix (repack of Kenney Impact Sounds),https://github.com/smaltra/soundix,https://raw.githubusercontent.com/smaltra/soundix/main/packs/impact-sounds/Audio/impactSoft_heavy_003.ogg,Kenney (kenney.nl),CC0-1.0,https://kenney.nl/assets/impact-sounds,False,,wav,,,0.541,,,splat; soft; thud,ink blot hit,ink-wipe,medium,False,False,downloaded,WAV is an ffmpeg conversion of sfx_ink_soft_splat_heavy_b_103.ogg,True,True,,95558,511b2fd165abf3b9d505b46570869c1f2185cb3fab2bb584b5729a307495cb5e,,09_PREVIEWS/thumbs/A1aeef7a6.jpg,E,2,,,44100
A2c1be4ef,06_SOUND_EFFECTS/textures/sfx_paper_ink_scratch_a_064.wav,06_SOUND_EFFECTS,sfx,,,"Kenney scratch, reads as pen/ink scribble on paper",GitHub: Calinou/kenney-interface-sounds (Godot repack of Kenney Interface Sounds),https://github.com/Calinou/kenney-interface-sounds,https://raw.githubusercontent.com/Calinou/kenney-interface-sounds/master/addons/kenney_interface_sounds/scratch_001.wav,Kenney (kenney.nl); WAV repack by Calinou,CC0-1.0,https://raw.githubusercontent.com/Calinou/kenney-interface-sounds/master/LICENSE.txt,False,,wav,,,0.161,,,scratch; pen; ink; paper; scribble,red pen scribble loops; ink scribble chase,paper-collage; ink-wipe,high,False,False,downloaded,Kenney Interface Sounds 1.0; this WAV is Calinou's lossless conversion of Kenney's original OGG (original OGG not in this repo).,True,True,,14286,8db53f023af3410573861dc7b434a052965b6282573b999af17e31d23557d7d2,,09_PREVIEWS/thumbs/A2c1be4ef.jpg,E,1,,,44100
Aeef73fc1,06_SOUND_EFFECTS/textures/sfx_paper_ink_scratch_c_065.wav,06_SOUND_EFFECTS,sfx,,,"Kenney scratch, reads as pen/ink scribble on paper",GitHub: Calinou/kenney-interface-sounds (Godot repack of Kenney Interface Sounds),https://github.com/Calinou/kenney-interface-sounds,https://raw.githubusercontent.com/Calinou/kenney-interface-sounds/master/addons/kenney_interface_sounds/scratch_003.wav,Kenney (kenney.nl); WAV repack by Calinou,CC0-1.0,https://raw.githubusercontent.com/Calinou/kenney-interface-sounds/master/LICENSE.txt,False,,wav,,,0.125,,,scratch; pen; ink; paper; scribble,red pen scribble loops; ink scribble chase,paper-collage; ink-wipe,high,False,False,downloaded,Kenney Interface Sounds 1.0; this WAV is Calinou's lossless conversion of Kenney's original OGG (original OGG not in this repo).,True,True,,11086,a780f81592bf48e5615824193bccfbad1ae9673f734e43a4b2bb604a65009b7e,,09_PREVIEWS/thumbs/Aeef73fc1.jpg,E,1,,,44100
A66f6041c,06_SOUND_EFFECTS/textures/sfx_paper_ink_scratch_d_pen_066.wav,06_SOUND_EFFECTS,sfx,,,"Kenney scratch, reads as pen/ink scribble on paper",GitHub: Calinou/kenney-interface-sounds (Godot repack of Kenney Interface Sounds),https://github.com/Calinou/kenney-interface-sounds,https://raw.githubusercontent.com/Calinou/kenney-interface-sounds/master/addons/kenney_interface_sounds/scratch_004.wav,Kenney (kenney.nl); WAV repack by Calinou,CC0-1.0,https://raw.githubusercontent.com/Calinou/kenney-interface-sounds/master/LICENSE.txt,False,,wav,,,0.347,,,scratch; pen; ink; paper; scribble,red pen scribble loops; ink scribble chase,paper-collage; ink-wipe,high,False,False,downloaded,Kenney Interface Sounds 1.0; this WAV is Calinou's lossless conversion of Kenney's original OGG (original OGG not in this repo).,True,True,,30670,a9b0e3aff14d785414bdf22294e42bb43e4975c7c30171426aaea217d69328d1,,09_PREVIEWS/thumbs/A66f6041c.jpg,E,1,,,44100
A2a3392b4,06_SOUND_EFFECTS/textures/sfx_paper_ink_scratch_e_pen_067.wav,06_SOUND_EFFECTS,sfx,,,"Kenney scratch, reads as pen/ink scribble on paper",GitHub: Calinou/kenney-interface-sounds (Godot repack of Kenney Interface Sounds),https://github.com/Calinou/kenney-interface-sounds,https://raw.githubusercontent.com/Calinou/kenney-interface-sounds/master/addons/kenney_interface_sounds/scratch_005.wav,Kenney (kenney.nl); WAV repack by Calinou,CC0-1.0,https://raw.githubusercontent.com/Calinou/kenney-interface-sounds/master/LICENSE.txt,False,,wav,,,0.344,,,scratch; pen; ink; paper; scribble,red pen scribble loops; ink scribble chase,paper-collage; ink-wipe,high,False,False,downloaded,Kenney Interface Sounds 1.0; this WAV is Calinou's lossless conversion of Kenney's original OGG (original OGG not in this repo).,True,True,,30414,80dbfdd6406a0c370699ea610b06b63bef2f1ed2588816209d71f9f81c2749a3,,09_PREVIEWS/thumbs/A2a3392b4.jpg,E,1,,,44100
A5d3eeff3,06_SOUND_EFFECTS/textures/sfx_vinyl_crackle_loop_093.wav,06_SOUND_EFFECTS,sfx,,,Vinyl crackle loop,GitHub: RezaParsian/free-sfx-bgm-pack,https://github.com/RezaParsian/free-sfx-bgm-pack,https://raw.githubusercontent.com/RezaParsian/free-sfx-bgm-pack/HEAD/audio-pack/sfx/vinyl_crackle_loop.wav,RezaParsian,CC0-1.0,https://github.com/RezaParsian/free-sfx-bgm-pack/blob/main/LICENSE,False,,wav,,,9.0,,,vinyl; crackle; loop,vinyl scene bed (13-16.5 s),loop-bg,high,False,False,downloaded,"Third-party CC0 pack whose README says the waveforms are computed by code (synthesized by that author, not by us). Flag: synthetic, not recorded.",True,True,,1587644,a8e7488107604c90271792ae4dc9cd18f08f04912636ec815331dccbf17dfb70,,09_PREVIEWS/thumbs/A5d3eeff3.jpg,E,2,,,44100
A2ec906b2,06_SOUND_EFFECTS/textures/sfx_vinyl_stop_brake_094.wav,06_SOUND_EFFECTS,sfx,,,Record stop / brake,GitHub: RezaParsian/free-sfx-bgm-pack,https://github.com/RezaParsian/free-sfx-bgm-pack,https://raw.githubusercontent.com/RezaParsian/free-sfx-bgm-pack/HEAD/audio-pack/sfx/vinyl_stop.wav,RezaParsian,CC0-1.0,https://github.com/RezaParsian/free-sfx-bgm-pack/blob/main/LICENSE,False,,wav,,,0.7,,,vinyl; stop; record,dropout before outro (20.5 s),match-cut,high,False,False,downloaded,"Third-party CC0 pack whose README says the waveforms are computed by code (synthesized by that author, not by us). Flag: synthetic, not recorded.",True,True,,123520,e3898e0b533f97f8695ededf317c752198a216289362f772ab699c1e79e728ee,,09_PREVIEWS/thumbs/A2ec906b2.jpg,E,2,,,44100
A85936420,06_SOUND_EFFECTS/transitions/sfx_8bit_portal1_146.wav,06_SOUND_EFFECTS,sfx,,,Junkala 8-bit portal1,"GitHub: smaltra/soundix (repack of Juhani Junkala 512 Sound Effects (CC0, per pack INFO.txt))",https://github.com/smaltra/soundix,https://raw.githubusercontent.com/smaltra/soundix/main/packs/retro-512/The%20Essential%20Retro%20Video%20Game%20Sound%20Effects%20Collection%20[512%20sounds]%20By%20Juhani%20Junkala/Movement/Portals%20and%20Transitions/sfx_movement_portal1.wav,Juhani Junkala,CC0-1.0,https://opengameart.org/content/512-sound-effects-8-bit-style,False,,wav,,,1.405,,,8-bit; portal; sweep; transition,playful transition,glitch-transition,high,False,False,downloaded,"Original from Juhani Junkala 512 Sound Effects (CC0, per pack INFO.txt); soundix lists it as CC0 and the pack's own license/INFO file confirms CC0.",True,True,,123948,2a8f60fa39895b111b8bca3ecba155340aa30afbb1e93dcd267a8aa1427d8a92,,09_PREVIEWS/thumbs/A85936420.jpg,E,1,,,44100
A3bde13fb,06_SOUND_EFFECTS/transitions/sfx_8bit_portal4_147.wav,06_SOUND_EFFECTS,sfx,,,Junkala 8-bit portal4,"GitHub: smaltra/soundix (repack of Juhani Junkala 512 Sound Effects (CC0, per pack INFO.txt))",https://github.com/smaltra/soundix,https://raw.githubusercontent.com/smaltra/soundix/main/packs/retro-512/The%20Essential%20Retro%20Video%20Game%20Sound%20Effects%20Collection%20[512%20sounds]%20By%20Juhani%20Junkala/Movement/Portals%20and%20Transitions/sfx_movement_portal4.wav,Juhani Junkala,CC0-1.0,https://opengameart.org/content/512-sound-effects-8-bit-style,False,,wav,,,1.382,,,8-bit; portal; sweep; transition,playful transition,glitch-transition,high,False,False,downloaded,"Original from Juhani Junkala 512 Sound Effects (CC0, per pack INFO.txt); soundix lists it as CC0 and the pack's own license/INFO file confirms CC0.",True,True,,121972,089cbe8ae293cfaf6090e6c4ec7aa7d5fdfa4373df9135dd58a74aac4b48b169,,09_PREVIEWS/thumbs/A3bde13fb.jpg,E,1,,,44100
Ae9f2f1b6,06_SOUND_EFFECTS/transitions/sfx_city_remove_poof_a_059.ogg,06_SOUND_EFFECTS,sfx,,,Kenney soft poof removal,GitHub: KenneyNL/Starter-Kit-City-Builder,https://github.com/KenneyNL/Starter-Kit-City-Builder,https://raw.githubusercontent.com/KenneyNL/Starter-Kit-City-Builder/main/sounds/removal-a.ogg,Kenney (kenney.nl),CC0-1.0 (sound effects; repo code MIT),https://github.com/KenneyNL/Starter-Kit-City-Builder#license,False,,ogg,,,0.444,,,poof; remove; smoke,smoke puff burst,object-ring,high,False,False,downloaded,Original OGG kept; WAV is a conversion.,True,True,,11203,76301d3fccd52dca0344c63e4b56995eead7e6bc88b430d31497d58c82350f64,,09_PREVIEWS/thumbs/Ae9f2f1b6.jpg,E,2,,,44100
Ad87476a7,06_SOUND_EFFECTS/transitions/sfx_city_remove_poof_a_059.wav,06_SOUND_EFFECTS,sfx,,,Kenney soft poof removal (WAV conversion),GitHub: KenneyNL/Starter-Kit-City-Builder,https://github.com/KenneyNL/Starter-Kit-City-Builder,https://raw.githubusercontent.com/KenneyNL/Starter-Kit-City-Builder/main/sounds/removal-a.ogg,Kenney (kenney.nl),CC0-1.0 (sound effects; repo code MIT),https://github.com/KenneyNL/Starter-Kit-City-Builder#license,False,,wav,,,0.444,,,poof; remove; smoke,smoke puff burst,object-ring,high,False,False,downloaded,WAV is an ffmpeg conversion (44.1 kHz 16-bit) of the original OGG file sfx_city_remove_poof_a_059.ogg.,True,True,,78426,5c5611fcaab0303fc4c066f2b1fe8f97b6640f2290f10ede251714b293dd0362,,09_PREVIEWS/thumbs/Ad87476a7.jpg,E,2,,,44100
Af0bf248e,06_SOUND_EFFECTS/transitions/sfx_paper_card_fan_1_107.ogg,06_SOUND_EFFECTS,sfx,,,Kenney card/paper card-fan-1,GitHub: smaltra/soundix (repack of Kenney Casino Audio),https://github.com/smaltra/soundix,https://raw.githubusercontent.com/smaltra/soundix/main/packs/casino-audio/Audio/card-fan-1.ogg,Kenney (kenney.nl),CC0-1.0,https://kenney.nl/assets/casino-audio,False,,ogg,,,0.721,,,paper; card; slide; swish,paper collage movement,paper-collage,high,False,False,downloaded,Original from Kenney Casino Audio; soundix lists it as CC0 and the pack's own license/INFO file confirms CC0. Original OGG kept; WAV is a conversion.,True,True,,12489,7a9758ccad8899baef1b9f60b4064e4baa724a548293832fdaea07e6e07e638d,,09_PREVIEWS/thumbs/Af0bf248e.jpg,E,2,,,44100
Aa963e710,06_SOUND_EFFECTS/transitions/sfx_paper_card_fan_1_107.wav,06_SOUND_EFFECTS,sfx,,,Kenney card/paper card-fan-1 (WAV conversion),GitHub: smaltra/soundix (repack of Kenney Casino Audio),https://github.com/smaltra/soundix,https://raw.githubusercontent.com/smaltra/soundix/main/packs/casino-audio/Audio/card-fan-1.ogg,Kenney (kenney.nl),CC0-1.0,https://kenney.nl/assets/casino-audio,False,,wav,,,0.721,,,paper; card; slide; swish,paper collage movement,paper-collage,high,False,False,downloaded,WAV is an ffmpeg conversion of sfx_paper_card_fan_1_107.ogg,True,True,,127230,b66f458f984c22b1c2f6026f3ce91ea62c06417a182b6ff7263da9d4e20eaf35,,09_PREVIEWS/thumbs/Aa963e710.jpg,E,2,,,44100
A0f634bfc,06_SOUND_EFFECTS/transitions/sfx_paper_card_place_2_108.ogg,06_SOUND_EFFECTS,sfx,,,Kenney card/paper card-place-2,GitHub: smaltra/soundix (repack of Kenney Casino Audio),https://github.com/smaltra/soundix,https://raw.githubusercontent.com/smaltra/soundix/main/packs/casino-audio/Audio/card-place-2.ogg,Kenney (kenney.nl),CC0-1.0,https://kenney.nl/assets/casino-audio,False,,ogg,,,0.459,,,paper; card; slide; swish,paper collage movement,paper-collage,high,False,False,downloaded,Original from Kenney Casino Audio; soundix lists it as CC0 and the pack's own license/INFO file confirms CC0. Original OGG kept; WAV is a conversion.,True,True,,8046,903d5050718595e87864dd755643b476ab1a5533080dcc2dddc72570d33ba9f8,,09_PREVIEWS/thumbs/A0f634bfc.jpg,E,2,,,44100
A5d42099a,06_SOUND_EFFECTS/transitions/sfx_paper_card_place_2_108.wav,06_SOUND_EFFECTS,sfx,,,Kenney card/paper card-place-2 (WAV conversion),GitHub: smaltra/soundix (repack of Kenney Casino Audio),https://github.com/smaltra/soundix,https://raw.githubusercontent.com/smaltra/soundix/main/packs/casino-audio/Audio/card-place-2.ogg,Kenney (kenney.nl),CC0-1.0,https://kenney.nl/assets/casino-audio,False,,wav,,,0.456,,,paper; card; slide; swish,paper collage movement,paper-collage,high,False,False,downloaded,WAV is an ffmpeg conversion of sfx_paper_card_place_2_108.ogg,True,True,,80602,f4d3a5bd085337f2ddc87b2510de1a511ed33e783196cd4a9eeadba6f897cf87,,09_PREVIEWS/thumbs/A5d42099a.jpg,E,2,,,44100
Ad0d0ce17,06_SOUND_EFFECTS/transitions/sfx_paper_card_shove_1_106.ogg,06_SOUND_EFFECTS,sfx,,,Kenney card/paper card-shove-1,GitHub: smaltra/soundix (repack of Kenney Casino Audio),https://github.com/smaltra/soundix,https://raw.githubusercontent.com/smaltra/soundix/main/packs/casino-audio/Audio/card-shove-1.ogg,Kenney (kenney.nl),CC0-1.0,https://kenney.nl/assets/casino-audio,False,,ogg,,,0.766,,,paper; card; slide; swish,paper collage movement,paper-collage,high,False,False,downloaded,Original from Kenney Casino Audio; soundix lists it as CC0 and the pack's own license/INFO file confirms CC0. Original OGG kept; WAV is a conversion.,True,True,,10690,1ea667aa6795d5f14239192116ebcbd8f3f47eb1c7faaf2ec56844b9067b8b06,,09_PREVIEWS/thumbs/Ad0d0ce17.jpg,E,2,,,44100
Ad5eebf08,06_SOUND_EFFECTS/transitions/sfx_paper_card_shove_1_106.wav,06_SOUND_EFFECTS,sfx,,,Kenney card/paper card-shove-1 (WAV conversion),GitHub: smaltra/soundix (repack of Kenney Casino Audio),https://github.com/smaltra/soundix,https://raw.githubusercontent.com/smaltra/soundix/main/packs/casino-audio/Audio/card-shove-1.ogg,Kenney (kenney.nl),CC0-1.0,https://kenney.nl/assets/casino-audio,False,,wav,,,0.766,,,paper; card; slide; swish,paper collage movement,paper-collage,high,False,False,downloaded,WAV is an ffmpeg conversion of sfx_paper_card_shove_1_106.ogg,True,True,,135178,f873403bc86cf8d1f10aa29ac98cc452d6feccb89397cf2eeffea75a29e60b5b,,09_PREVIEWS/thumbs/Ad5eebf08.jpg,E,2,,,44100
A4cb10a84,06_SOUND_EFFECTS/transitions/sfx_paper_card_slide_2_105.ogg,06_SOUND_EFFECTS,sfx,,,Kenney card/paper card-slide-2,GitHub: smaltra/soundix (repack of Kenney Casino Audio),https://github.com/smaltra/soundix,https://raw.githubusercontent.com/smaltra/soundix/main/packs/casino-audio/Audio/card-slide-2.ogg,Kenney (kenney.nl),CC0-1.0,https://kenney.nl/assets/casino-audio,False,,ogg,,,0.584,,,paper; card; slide; swish,paper collage movement,paper-collage,high,False,False,downloaded,Original from Kenney Casino Audio; soundix lists it as CC0 and the pack's own license/INFO file confirms CC0. Original OGG kept; WAV is a conversion.,True,True,,9042,e674a1679ec87b507047fe012d068ad2c412125f56186f0e732684705c2a6888,,09_PREVIEWS/thumbs/A4cb10a84.jpg,E,2,,,44100
A41693c16,06_SOUND_EFFECTS/transitions/sfx_paper_card_slide_2_105.wav,06_SOUND_EFFECTS,sfx,,,Kenney card/paper card-slide-2 (WAV conversion),GitHub: smaltra/soundix (repack of Kenney Casino Audio),https://github.com/smaltra/soundix,https://raw.githubusercontent.com/smaltra/soundix/main/packs/casino-audio/Audio/card-slide-2.ogg,Kenney (kenney.nl),CC0-1.0,https://kenney.nl/assets/casino-audio,False,,wav,,,0.584,,,paper; card; slide; swish,paper collage movement,paper-collage,high,False,False,downloaded,WAV is an ffmpeg conversion of sfx_paper_card_slide_2_105.ogg,True,True,,103110,4340a9193a81f837addb89044ea6e8e31b623101abeddd851d654c3a52449f57,,09_PREVIEWS/thumbs/A41693c16.jpg,E,2,,,44100
A80345e5a,06_SOUND_EFFECTS/transitions/sfx_paper_page_turn_056.wav,06_SOUND_EFFECTS,sfx,,,"Page turn / paper swish, 0.4 s (Kenney draw knife)",GitHub: remotion-dev/remotion (@remotion/sfx),https://github.com/remotion-dev/remotion/blob/main/packages/remotion-media/page-turn.wav,https://raw.githubusercontent.com/remotion-dev/remotion/main/packages/remotion-media/page-turn.wav,Kenney (Draw Knife 1),CC0-1.0,https://github.com/remotion-dev/remotion/blob/main/packages/docs/docs/sfx/page-turn.mdx,False,,wav,,,0.4,,,paper; page; swish,paper-collage cut,paper-collage,high,False,False,downloaded,Remotion docs page lists this clip as Creative Commons 0 (verified in sfx docs mdx).,True,True,,35334,72762a9dafd5f9dd4bdf365f373519a35a8786ae975de4e2bc339fcdcf6b5f6d,,09_PREVIEWS/thumbs/A80345e5a.jpg,E,1,,,44100
A1a9b01fe,06_SOUND_EFFECTS/transitions/sfx_paper_swipe_synth_099.wav,06_SOUND_EFFECTS,sfx,,,Paper swipe,GitHub: RezaParsian/free-sfx-bgm-pack,https://github.com/RezaParsian/free-sfx-bgm-pack,https://raw.githubusercontent.com/RezaParsian/free-sfx-bgm-pack/HEAD/audio-pack/sfx/swipe_paper.wav,RezaParsian,CC0-1.0,https://github.com/RezaParsian/free-sfx-bgm-pack/blob/main/LICENSE,False,,wav,,,0.3,,,paper; swipe,paper-collage cut,paper-collage,high,False,False,downloaded,"Third-party CC0 pack whose README says the waveforms are computed by code (synthesized by that author, not by us). Flag: synthetic, not recorded.",True,True,,52964,32e7d4d25fc5d6adaada255c76f4f65d35c60a8af5bff4b92ccae74c3c6d9f23,,09_PREVIEWS/thumbs/A1a9b01fe.jpg,E,2,,,44100
A7f42a3ca,06_SOUND_EFFECTS/transitions/sfx_scifi_loading_rise_058.ogg,06_SOUND_EFFECTS,sfx,,,"uisfx loading rise, 1.2 s",npm: @wubbleai/community-sfx (mirror of romainsimon/uisfx audio),https://github.com/romainsimon/uisfx,https://registry.npmjs.org/@wubbleai/community-sfx/-/community-sfx-0.1.0.tgz (catalog/sounds/scifi/loading.ogg),Romain Simon (uisfx),CC0-1.0,npm package LICENSE-AUDIO (CC0 1.0); upstream https://github.com/romainsimon/uisfx,False,,ogg,,,1.206,,,loading; rise; bleeps,build to dropout,glitch-transition,medium,False,False,downloaded,Upstream describes these as procedurally generated UI SFX (not made by us). Original OGG kept; WAV is a conversion.,True,True,,8835,a72e190e08b2f8984676797cf52d5ac4b980819ff6de0abbd28257314850794b,,09_PREVIEWS/thumbs/A7f42a3ca.jpg,E,1,,,48000
Aa3799197,06_SOUND_EFFECTS/transitions/sfx_scifi_loading_rise_058.wav,06_SOUND_EFFECTS,sfx,,,"uisfx loading rise, 1.2 s (WAV conversion)",npm: @wubbleai/community-sfx (mirror of romainsimon/uisfx audio),https://github.com/romainsimon/uisfx,https://registry.npmjs.org/@wubbleai/community-sfx/-/community-sfx-0.1.0.tgz (catalog/sounds/scifi/loading.ogg),Romain Simon (uisfx),CC0-1.0,npm package LICENSE-AUDIO (CC0 1.0); upstream https://github.com/romainsimon/uisfx,False,,wav,,,1.2,,,loading; rise; bleeps,build to dropout,glitch-transition,medium,False,False,downloaded,WAV is an ffmpeg conversion (44.1 kHz 16-bit) of the original OGG file sfx_scifi_loading_rise_058.ogg.,True,True,,105918,6fe8a4b10f0abe9c4bbf46617125a6203203ded8ac5297a0df054c4bf5e60212,,09_PREVIEWS/thumbs/Aa3799197.jpg,E,1,,,44100
A967c7386,06_SOUND_EFFECTS/transitions/sfx_scroll_long_e_057.wav,06_SOUND_EFFECTS,sfx,,,Kenney 1 s scroll sweep,GitHub: Calinou/kenney-interface-sounds (Godot repack of Kenney Interface Sounds),https://github.com/Calinou/kenney-interface-sounds,https://raw.githubusercontent.com/Calinou/kenney-interface-sounds/master/addons/kenney_interface_sounds/scroll_005.wav,Kenney (kenney.nl); WAV repack by Calinou,CC0-1.0,https://raw.githubusercontent.com/Calinou/kenney-interface-sounds/master/LICENSE.txt,False,,wav,,,1.023,,,scroll; sweep; transition,ink blob wipe through objects,ink-wipe,medium,False,False,downloaded,Kenney Interface Sounds 1.0; this WAV is Calinou's lossless conversion of Kenney's original OGG (original OGG not in this repo).,True,True,,90318,6281128ed59bb3d1f7d6fb40e7b11ab824ef3c46930aeb5f7f242a1a321a2fa2,,09_PREVIEWS/thumbs/A967c7386.jpg,E,1,,,44100
A67c1a070,06_SOUND_EFFECTS/ui/sfx_8bit_button13_142.wav,06_SOUND_EFFECTS,sfx,,,Junkala 8-bit button13,"GitHub: smaltra/soundix (repack of Juhani Junkala 512 Sound Effects (CC0, per pack INFO.txt))",https://github.com/smaltra/soundix,https://raw.githubusercontent.com/smaltra/soundix/main/packs/retro-512/The%20Essential%20Retro%20Video%20Game%20Sound%20Effects%20Collection%20[512%20sounds]%20By%20Juhani%20Junkala/General%20Sounds/Buttons/sfx_sounds_button13.wav,Juhani Junkala,CC0-1.0,https://opengameart.org/content/512-sound-effects-8-bit-style,False,,wav,,,0.415,,,8-bit; button; click; ui,retro window,retro-window,high,False,False,downloaded,"Original from Juhani Junkala 512 Sound Effects (CC0, per pack INFO.txt); soundix lists it as CC0 and the pack's own license/INFO file confirms CC0.",True,True,,36768,71d6c8fa66f0509316a3f6b8f5606f988da43cf18aba7a6475c98b9fa5c356f3,,09_PREVIEWS/thumbs/A67c1a070.jpg,E,1,,,44100
A3192e4a6,06_SOUND_EFFECTS/ui/sfx_8bit_button1_139.wav,06_SOUND_EFFECTS,sfx,,,Junkala 8-bit button1,"GitHub: smaltra/soundix (repack of Juhani Junkala 512 Sound Effects (CC0, per pack INFO.txt))",https://github.com/smaltra/soundix,https://raw.githubusercontent.com/smaltra/soundix/main/packs/retro-512/The%20Essential%20Retro%20Video%20Game%20Sound%20Effects%20Collection%20[512%20sounds]%20By%20Juhani%20Junkala/General%20Sounds/Buttons/sfx_sounds_button1.wav,Juhani Junkala,CC0-1.0,https://opengameart.org/content/512-sound-effects-8-bit-style,False,,wav,,,0.333,,,8-bit; button; click; ui,retro window,retro-window,high,False,False,downloaded,"Original from Juhani Junkala 512 Sound Effects (CC0, per pack INFO.txt); soundix lists it as CC0 and the pack's own license/INFO file confirms CC0.",True,True,,29592,7f4dea2f09a568ea27c266ea62c4547031efacacc1ae010f6a1ceb0f4902cf58,,09_PREVIEWS/thumbs/A3192e4a6.jpg,E,1,,,44100
A14debf32,06_SOUND_EFFECTS/ui/sfx_8bit_button5_140.wav,06_SOUND_EFFECTS,sfx,,,Junkala 8-bit button5,"GitHub: smaltra/soundix (repack of Juhani Junkala 512 Sound Effects (CC0, per pack INFO.txt))",https://github.com/smaltra/soundix,https://raw.githubusercontent.com/smaltra/soundix/main/packs/retro-512/The%20Essential%20Retro%20Video%20Game%20Sound%20Effects%20Collection%20[512%20sounds]%20By%20Juhani%20Junkala/General%20Sounds/Buttons/sfx_sounds_button5.wav,Juhani Junkala,CC0-1.0,https://opengameart.org/content/512-sound-effects-8-bit-style,False,,wav,,,0.283,,,8-bit; button; click; ui,retro window,retro-window,high,False,False,downloaded,"Original from Juhani Junkala 512 Sound Effects (CC0, per pack INFO.txt); soundix lists it as CC0 and the pack's own license/INFO file confirms CC0.",True,True,,25208,01d7c9e89b249ad1e99ba5ab4da85534c3afd34f939bda87005eb23b27e4aa63,,09_PREVIEWS/thumbs/A14debf32.jpg,E,1,,,44100
Afd454386,06_SOUND_EFFECTS/ui/sfx_8bit_button9_141.wav,06_SOUND_EFFECTS,sfx,,,Junkala 8-bit button9,"GitHub: smaltra/soundix (repack of Juhani Junkala 512 Sound Effects (CC0, per pack INFO.txt))",https://github.com/smaltra/soundix,https://raw.githubusercontent.com/smaltra/soundix/main/packs/retro-512/The%20Essential%20Retro%20Video%20Game%20Sound%20Effects%20Collection%20[512%20sounds]%20By%20Juhani%20Junkala/General%20Sounds/Buttons/sfx_sounds_button9.wav,Juhani Junkala,CC0-1.0,https://opengameart.org/content/512-sound-effects-8-bit-style,False,,wav,,,0.232,,,8-bit; button; click; ui,retro window,retro-window,high,False,False,downloaded,"Original from Juhani Junkala 512 Sound Effects (CC0, per pack INFO.txt); soundix lists it as CC0 and the pack's own license/INFO file confirms CC0.",True,True,,20684,067b7f71ac37685e46f5e3086e8daea1de510417e368896289019df551356a27,,09_PREVIEWS/thumbs/Afd454386.jpg,E,1,,,44100
Ae793aaaf,06_SOUND_EFFECTS/ui/sfx_confirm_bright_up_006.wav,06_SOUND_EFFECTS,sfx,,,Kenney bright upward confirmation blip,GitHub: Calinou/kenney-interface-sounds (Godot repack of Kenney Interface Sounds),https://github.com/Calinou/kenney-interface-sounds,https://raw.githubusercontent.com/Calinou/kenney-interface-sounds/master/addons/kenney_interface_sounds/confirmation_003.wav,Kenney (kenney.nl); WAV repack by Calinou,CC0-1.0,https://raw.githubusercontent.com/Calinou/kenney-interface-sounds/master/LICENSE.txt,False,,wav,,,0.324,,,ui; retro; interface; window,retro-window popup; cursor/type-on UI moments,retro-window; type-on,high,False,False,downloaded,Kenney Interface Sounds 1.0; this WAV is Calinou's lossless conversion of Kenney's original OGG (original OGG not in this repo).,True,True,,28622,d9b3719731a409c8109c5a049aceffbff9ff6c0ffe074a02fe52664393139b79,,09_PREVIEWS/thumbs/Ae793aaaf.jpg,E,1,,,44100
A0f9e3a6b,06_SOUND_EFFECTS/ui/sfx_confirm_soft_chime_005.wav,06_SOUND_EFFECTS,sfx,,,Kenney soft two-note confirmation chime,GitHub: Calinou/kenney-interface-sounds (Godot repack of Kenney Interface Sounds),https://github.com/Calinou/kenney-interface-sounds,https://raw.githubusercontent.com/Calinou/kenney-interface-sounds/master/addons/kenney_interface_sounds/confirmation_001.wav,Kenney (kenney.nl); WAV repack by Calinou,CC0-1.0,https://raw.githubusercontent.com/Calinou/kenney-interface-sounds/master/LICENSE.txt,False,,wav,,,0.295,,,ui; retro; interface; window,retro-window popup; cursor/type-on UI moments,retro-window; type-on,high,False,False,downloaded,Kenney Interface Sounds 1.0; this WAV is Calinou's lossless conversion of Kenney's original OGG (original OGG not in this repo).,True,True,,26062,f9d0ef5a5c740c2ac250ac3876db9e4340669044a5bf78ae09192918db3e2ebc,,09_PREVIEWS/thumbs/A0f9e3a6b.jpg,E,1,,,44100
A0e0c47e0,06_SOUND_EFFECTS/ui/sfx_error_dull_buzz_007.wav,06_SOUND_EFFECTS,sfx,,,Kenney dull short error buzz,GitHub: Calinou/kenney-interface-sounds (Godot repack of Kenney Interface Sounds),https://github.com/Calinou/kenney-interface-sounds,https://raw.githubusercontent.com/Calinou/kenney-interface-sounds/master/addons/kenney_interface_sounds/error_002.wav,Kenney (kenney.nl); WAV repack by Calinou,CC0-1.0,https://raw.githubusercontent.com/Calinou/kenney-interface-sounds/master/LICENSE.txt,False,,wav,,,0.165,,,ui; retro; interface; window,retro-window popup; cursor/type-on UI moments,retro-window; type-on,high,False,False,downloaded,Kenney Interface Sounds 1.0; this WAV is Calinou's lossless conversion of Kenney's original OGG (original OGG not in this repo).,True,True,,29262,4d48b7d740ccb35d74fed1cfca1a4efd826659ad295bd0b0f907e5d56918dbac,,09_PREVIEWS/thumbs/A0e0c47e0.jpg,E,2,,,44100
A3a9b0f12,06_SOUND_EFFECTS/ui/sfx_question_rising_blip_008.wav,06_SOUND_EFFECTS,sfx,,,Kenney rising question blip,GitHub: Calinou/kenney-interface-sounds (Godot repack of Kenney Interface Sounds),https://github.com/Calinou/kenney-interface-sounds,https://raw.githubusercontent.com/Calinou/kenney-interface-sounds/master/addons/kenney_interface_sounds/question_001.wav,Kenney (kenney.nl); WAV repack by Calinou,CC0-1.0,https://raw.githubusercontent.com/Calinou/kenney-interface-sounds/master/LICENSE.txt,False,,wav,,,0.501,,,ui; retro; interface; window,retro-window popup; cursor/type-on UI moments,retro-window; type-on,high,False,False,downloaded,Kenney Interface Sounds 1.0; this WAV is Calinou's lossless conversion of Kenney's original OGG (original OGG not in this repo).,True,True,,44238,3c43a9626843f30727f35d290d88bcf4da61a36cdbbc20c13b18966c597f62b6,,09_PREVIEWS/thumbs/A3a9b0f12.jpg,E,1,,,44100
Aae5fb355,06_SOUND_EFFECTS/ui/sfx_ui_back_blip_012.wav,06_SOUND_EFFECTS,sfx,,,Kenney short back blip,GitHub: Calinou/kenney-interface-sounds (Godot repack of Kenney Interface Sounds),https://github.com/Calinou/kenney-interface-sounds,https://raw.githubusercontent.com/Calinou/kenney-interface-sounds/master/addons/kenney_interface_sounds/back_002.wav,Kenney (kenney.nl); WAV repack by Calinou,CC0-1.0,https://raw.githubusercontent.com/Calinou/kenney-interface-sounds/master/LICENSE.txt,False,,wav,,,0.091,,,ui; retro; interface; window,retro-window popup; cursor/type-on UI moments,retro-window; type-on,high,False,False,downloaded,Kenney Interface Sounds 1.0; this WAV is Calinou's lossless conversion of Kenney's original OGG (original OGG not in this repo).,True,True,,8142,45f1c9df0db7af4c55166bad72568dcbd6e729ee362ce470b88d9deee51a5e5c,,09_PREVIEWS/thumbs/Aae5fb355.jpg,E,1,,,44100
Ae734da35,06_SOUND_EFFECTS/ui/sfx_ui_open_snap_011.wav,06_SOUND_EFFECTS,sfx,,,Kenney snappy open sound,GitHub: Calinou/kenney-interface-sounds (Godot repack of Kenney Interface Sounds),https://github.com/Calinou/kenney-interface-sounds,https://raw.githubusercontent.com/Calinou/kenney-interface-sounds/master/addons/kenney_interface_sounds/open_002.wav,Kenney (kenney.nl); WAV repack by Calinou,CC0-1.0,https://raw.githubusercontent.com/Calinou/kenney-interface-sounds/master/LICENSE.txt,False,,wav,,,0.316,,,ui; retro; interface; window,retro-window popup; cursor/type-on UI moments,retro-window; type-on,high,False,False,downloaded,Kenney Interface Sounds 1.0; this WAV is Calinou's lossless conversion of Kenney's original OGG (original OGG not in this repo).,True,True,,27982,fe6f58e1915885e4aa887a14f0e660476e0ab0b2345bda968dffdb1cd5873710,,09_PREVIEWS/thumbs/Ae734da35.jpg,E,1,,,44100
Acb1da2a6,06_SOUND_EFFECTS/ui/sfx_ui_toggle_click_013.wav,06_SOUND_EFFECTS,sfx,,,Kenney toggle switch click,GitHub: Calinou/kenney-interface-sounds (Godot repack of Kenney Interface Sounds),https://github.com/Calinou/kenney-interface-sounds,https://raw.githubusercontent.com/Calinou/kenney-interface-sounds/master/addons/kenney_interface_sounds/toggle_002.wav,Kenney (kenney.nl); WAV repack by Calinou,CC0-1.0,https://raw.githubusercontent.com/Calinou/kenney-interface-sounds/master/LICENSE.txt,False,,wav,,,0.141,,,ui; retro; interface; window,retro-window popup; cursor/type-on UI moments,retro-window; type-on,high,False,False,downloaded,Kenney Interface Sounds 1.0; this WAV is Calinou's lossless conversion of Kenney's original OGG (original OGG not in this repo).,True,True,,12494,9eb9b937ff6f0790b00a523084e51669bc4675b13ca80d91e8fcf9eb1b5ca174,,09_PREVIEWS/thumbs/Acb1da2a6.jpg,E,1,,,44100
A477acbb1,06_SOUND_EFFECTS/ui/sfx_window_maximize_pop_009.wav,06_SOUND_EFFECTS,sfx,,,Kenney retro window maximize pop,GitHub: Calinou/kenney-interface-sounds (Godot repack of Kenney Interface Sounds),https://github.com/Calinou/kenney-interface-sounds,https://raw.githubusercontent.com/Calinou/kenney-interface-sounds/master/addons/kenney_interface_sounds/maximize_003.wav,Kenney (kenney.nl); WAV repack by Calinou,CC0-1.0,https://raw.githubusercontent.com/Calinou/kenney-interface-sounds/master/LICENSE.txt,False,,wav,,,0.212,,,ui; retro; interface; window,retro-window popup; cursor/type-on UI moments,retro-window; type-on,high,False,False,downloaded,Kenney Interface Sounds 1.0; this WAV is Calinou's lossless conversion of Kenney's original OGG (original OGG not in this repo).,True,True,,18766,3233c5bad496e64a707177583e34f2ed786212e3da87c123e11ad4ae1e77dfee,,09_PREVIEWS/thumbs/A477acbb1.jpg,E,1,,,44100
Ac3852134,06_SOUND_EFFECTS/ui/sfx_window_minimize_down_010.wav,06_SOUND_EFFECTS,sfx,,,Kenney retro window minimize drop,GitHub: Calinou/kenney-interface-sounds (Godot repack of Kenney Interface Sounds),https://github.com/Calinou/kenney-interface-sounds,https://raw.githubusercontent.com/Calinou/kenney-interface-sounds/master/addons/kenney_interface_sounds/minimize_005.wav,Kenney (kenney.nl); WAV repack by Calinou,CC0-1.0,https://raw.githubusercontent.com/Calinou/kenney-interface-sounds/master/LICENSE.txt,False,,wav,,,0.547,,,ui; retro; interface; window,retro-window popup; cursor/type-on UI moments,retro-window; type-on,high,False,False,downloaded,Kenney Interface Sounds 1.0; this WAV is Calinou's lossless conversion of Kenney's original OGG (original OGG not in this repo).,True,True,,48334,3786f60baddba2891eca440c1a538537bf4a037ab87de163c3c8630770d2328a,,09_PREVIEWS/thumbs/Ac3852134.jpg,E,1,,,44100
A2544ce78,06_SOUND_EFFECTS/whooshes/sfx_swipe_arcade_033.ogg,06_SOUND_EFFECTS,sfx,,,uisfx arcade bright swipe/whoosh,npm: @wubbleai/community-sfx (mirror of romainsimon/uisfx audio),https://github.com/romainsimon/uisfx,https://registry.npmjs.org/@wubbleai/community-sfx/-/community-sfx-0.1.0.tgz (catalog/sounds/arcade/swipe.ogg),Romain Simon (uisfx),CC0-1.0,npm package LICENSE-AUDIO (CC0 1.0); upstream https://github.com/romainsimon/uisfx,False,,ogg,,,0.362,,,swipe; whoosh; swish,transition swipe; object slide,ink-wipe; beat-sync-montage,medium,False,False,downloaded,Upstream describes these as procedurally generated UI SFX (not made by us). Original OGG kept; WAV is a conversion.,True,True,,3423,da5b04eb0e45ceed435cc6d5e0f2c53b74cde6b3e8775afba44964fdef735362,,09_PREVIEWS/thumbs/A2544ce78.jpg,E,2,,,48000
Aae41c038,06_SOUND_EFFECTS/whooshes/sfx_swipe_arcade_033.wav,06_SOUND_EFFECTS,sfx,,,uisfx arcade bright swipe/whoosh (WAV conversion),npm: @wubbleai/community-sfx (mirror of romainsimon/uisfx audio),https://github.com/romainsimon/uisfx,https://registry.npmjs.org/@wubbleai/community-sfx/-/community-sfx-0.1.0.tgz (catalog/sounds/arcade/swipe.ogg),Romain Simon (uisfx),CC0-1.0,npm package LICENSE-AUDIO (CC0 1.0); upstream https://github.com/romainsimon/uisfx,False,,wav,,,0.356,,,swipe; whoosh; swish,transition swipe; object slide,ink-wipe; beat-sync-montage,medium,False,False,downloaded,WAV is an ffmpeg conversion (44.1 kHz 16-bit) of the original OGG file sfx_swipe_arcade_033.ogg.,True,True,,62854,f8fb9f02a955c050f51893ac82933457b24eb1be2b9b8aca85576be6011e4809,,09_PREVIEWS/thumbs/Aae41c038.jpg,E,2,,,44100
Aeea317bd,06_SOUND_EFFECTS/whooshes/sfx_swipe_cinematic_035.ogg,06_SOUND_EFFECTS,sfx,,,uisfx cinematic long swipe/whoosh,npm: @wubbleai/community-sfx (mirror of romainsimon/uisfx audio),https://github.com/romainsimon/uisfx,https://registry.npmjs.org/@wubbleai/community-sfx/-/community-sfx-0.1.0.tgz (catalog/sounds/cinematic/swipe.ogg),Romain Simon (uisfx),CC0-1.0,npm package LICENSE-AUDIO (CC0 1.0); upstream https://github.com/romainsimon/uisfx,False,,ogg,,,0.693,,,swipe; whoosh; swish,transition swipe; object slide,ink-wipe; beat-sync-montage,medium,False,False,downloaded,Upstream describes these as procedurally generated UI SFX (not made by us). Original OGG kept; WAV is a conversion.,True,True,,4375,f64f93968a0fb1be394d25aa3943310a414846b92341c3a0c2a60458bd9507fc,,09_PREVIEWS/thumbs/Aeea317bd.jpg,E,2,,,48000
Ad57a23ad,06_SOUND_EFFECTS/whooshes/sfx_swipe_cinematic_035.wav,06_SOUND_EFFECTS,sfx,,,uisfx cinematic long swipe/whoosh (WAV conversion),npm: @wubbleai/community-sfx (mirror of romainsimon/uisfx audio),https://github.com/romainsimon/uisfx,https://registry.npmjs.org/@wubbleai/community-sfx/-/community-sfx-0.1.0.tgz (catalog/sounds/cinematic/swipe.ogg),Romain Simon (uisfx),CC0-1.0,npm package LICENSE-AUDIO (CC0 1.0); upstream https://github.com/romainsimon/uisfx,False,,wav,,,0.686,,,swipe; whoosh; swish,transition swipe; object slide,ink-wipe; beat-sync-montage,medium,False,False,downloaded,WAV is an ffmpeg conversion (44.1 kHz 16-bit) of the original OGG file sfx_swipe_cinematic_035.ogg.,True,True,,121162,4167183d7eff0c2e040af19ce85061caa0bb766b02f1033df72871a22e1b383e,,09_PREVIEWS/thumbs/Ad57a23ad.jpg,E,2,,,44100
Aaffc191b,06_SOUND_EFFECTS/whooshes/sfx_swipe_minimal_034.ogg,06_SOUND_EFFECTS,sfx,,,uisfx minimal clean swipe/whoosh,npm: @wubbleai/community-sfx (mirror of romainsimon/uisfx audio),https://github.com/romainsimon/uisfx,https://registry.npmjs.org/@wubbleai/community-sfx/-/community-sfx-0.1.0.tgz (catalog/sounds/minimal/swipe.ogg),Romain Simon (uisfx),CC0-1.0,npm package LICENSE-AUDIO (CC0 1.0); upstream https://github.com/romainsimon/uisfx,False,,ogg,,,0.327,,,swipe; whoosh; swish,transition swipe; object slide,ink-wipe; beat-sync-montage,medium,False,False,downloaded,Upstream describes these as procedurally generated UI SFX (not made by us). Original OGG kept; WAV is a conversion.,True,True,,2225,7824ce3366e0922d290ffd2ebc9b75458fa503a81a6e349e4a56804d7d72a511,,09_PREVIEWS/thumbs/Aaffc191b.jpg,E,2,,,48000
A26260f26,06_SOUND_EFFECTS/whooshes/sfx_swipe_minimal_034.wav,06_SOUND_EFFECTS,sfx,,,uisfx minimal clean swipe/whoosh (WAV conversion),npm: @wubbleai/community-sfx (mirror of romainsimon/uisfx audio),https://github.com/romainsimon/uisfx,https://registry.npmjs.org/@wubbleai/community-sfx/-/community-sfx-0.1.0.tgz (catalog/sounds/minimal/swipe.ogg),Romain Simon (uisfx),CC0-1.0,npm package LICENSE-AUDIO (CC0 1.0); upstream https://github.com/romainsimon/uisfx,False,,wav,,,0.32,,,swipe; whoosh; swish,transition swipe; object slide,ink-wipe; beat-sync-montage,medium,False,False,downloaded,WAV is an ffmpeg conversion (44.1 kHz 16-bit) of the original OGG file sfx_swipe_minimal_034.ogg.,True,True,,56602,8575ede48c2906a449bbe81a8b6e255e1b4b0bbb933bcdf6e42e009add7e12b9,,09_PREVIEWS/thumbs/A26260f26.jpg,E,2,,,44100
A2fd15086,06_SOUND_EFFECTS/whooshes/sfx_swipe_organic_036.ogg,06_SOUND_EFFECTS,sfx,,,uisfx organic breathy swipe/whoosh,npm: @wubbleai/community-sfx (mirror of romainsimon/uisfx audio),https://github.com/romainsimon/uisfx,https://registry.npmjs.org/@wubbleai/community-sfx/-/community-sfx-0.1.0.tgz (catalog/sounds/organic/swipe.ogg),Romain Simon (uisfx),CC0-1.0,npm package LICENSE-AUDIO (CC0 1.0); upstream https://github.com/romainsimon/uisfx,False,,ogg,,,0.526,,,swipe; whoosh; swish,transition swipe; object slide,ink-wipe; beat-sync-montage,medium,False,False,downloaded,Upstream describes these as procedurally generated UI SFX (not made by us). Original OGG kept; WAV is a conversion.,True,True,,3677,47c7abb221fe9600e36c50ca777bcbb107865c90e73255f7d6275b0d263bc6d4,,09_PREVIEWS/thumbs/A2fd15086.jpg,E,2,,,48000
A79168b5d,06_SOUND_EFFECTS/whooshes/sfx_swipe_organic_036.wav,06_SOUND_EFFECTS,sfx,,,uisfx organic breathy swipe/whoosh (WAV conversion),npm: @wubbleai/community-sfx (mirror of romainsimon/uisfx audio),https://github.com/romainsimon/uisfx,https://registry.npmjs.org/@wubbleai/community-sfx/-/community-sfx-0.1.0.tgz (catalog/sounds/organic/swipe.ogg),Romain Simon (uisfx),CC0-1.0,npm package LICENSE-AUDIO (CC0 1.0); upstream https://github.com/romainsimon/uisfx,False,,wav,,,0.519,,,swipe; whoosh; swish,transition swipe; object slide,ink-wipe; beat-sync-montage,medium,False,False,downloaded,WAV is an ffmpeg conversion (44.1 kHz 16-bit) of the original OGG file sfx_swipe_organic_036.ogg.,True,True,,91670,a253229cac8e55fe29951da9ace7fe0116410bcdabe06ce2204049521414846b,,09_PREVIEWS/thumbs/A79168b5d.jpg,E,2,,,44100
A8ed25d19,06_SOUND_EFFECTS/whooshes/sfx_swipe_rubber_037.ogg,06_SOUND_EFFECTS,sfx,,,uisfx rubbery swipe/whoosh,npm: @wubbleai/community-sfx (mirror of romainsimon/uisfx audio),https://github.com/romainsimon/uisfx,https://registry.npmjs.org/@wubbleai/community-sfx/-/community-sfx-0.1.0.tgz (catalog/sounds/rubber/swipe.ogg),Romain Simon (uisfx),CC0-1.0,npm package LICENSE-AUDIO (CC0 1.0); upstream https://github.com/romainsimon/uisfx,False,,ogg,,,0.341,,,swipe; whoosh; swish,transition swipe; object slide,ink-wipe; beat-sync-montage,medium,False,False,downloaded,Upstream describes these as procedurally generated UI SFX (not made by us). Original OGG kept; WAV is a conversion.,True,True,,2503,136752e4f8698102c41a87678f412bd87e39a55764b131ff21d91d9005ebfd45,,09_PREVIEWS/thumbs/A8ed25d19.jpg,E,2,,,48000
A85aa016a,06_SOUND_EFFECTS/whooshes/sfx_swipe_rubber_037.wav,06_SOUND_EFFECTS,sfx,,,uisfx rubbery swipe/whoosh (WAV conversion),npm: @wubbleai/community-sfx (mirror of romainsimon/uisfx audio),https://github.com/romainsimon/uisfx,https://registry.npmjs.org/@wubbleai/community-sfx/-/community-sfx-0.1.0.tgz (catalog/sounds/rubber/swipe.ogg),Romain Simon (uisfx),CC0-1.0,npm package LICENSE-AUDIO (CC0 1.0); upstream https://github.com/romainsimon/uisfx,False,,wav,,,0.335,,,swipe; whoosh; swish,transition swipe; object slide,ink-wipe; beat-sync-montage,medium,False,False,downloaded,WAV is an ffmpeg conversion (44.1 kHz 16-bit) of the original OGG file sfx_swipe_rubber_037.ogg.,True,True,,59142,6339ec25083e04dedbbe565fe82aa12283b1b7bdb66cd77ccbc2340b47e34f0c,,09_PREVIEWS/thumbs/A85aa016a.jpg,E,2,,,44100
A9f367f17,06_SOUND_EFFECTS/whooshes/sfx_whip_fast_swish_031.wav,06_SOUND_EFFECTS,sfx,,,"Fast racquet whip swish, 0.17 s",GitHub: remotion-dev/remotion (@remotion/sfx),https://github.com/remotion-dev/remotion/blob/main/packages/remotion-media/whip.wav,https://raw.githubusercontent.com/remotion-dev/remotion/main/packages/remotion-media/whip.wav,JW_Audio (Freesound 838766),CC0-1.0,https://github.com/remotion-dev/remotion/blob/main/packages/docs/docs/sfx/whip.mdx,False,,wav,,,0.173,,,whip; swish; fast,scribble stroke; hand swipe,ink-wipe,high,False,False,downloaded,Remotion docs page lists this clip as Creative Commons 0 (verified in sfx docs mdx).,True,True,,66732,8713e68578c7f579bdfc24ff77fd3e3eefc1a9b5d1232a63c10800b81d0ead5f,,09_PREVIEWS/thumbs/A9f367f17.jpg,E,2,,,96000
A4ca100cf,06_SOUND_EFFECTS/whooshes/sfx_whoosh_scroll_long_a_032.wav,06_SOUND_EFFECTS,sfx,,,Kenney ~1 s scroll swish used as soft whoosh,GitHub: Calinou/kenney-interface-sounds (Godot repack of Kenney Interface Sounds),https://github.com/Calinou/kenney-interface-sounds,https://raw.githubusercontent.com/Calinou/kenney-interface-sounds/master/addons/kenney_interface_sounds/scroll_001.wav,Kenney (kenney.nl); WAV repack by Calinou,CC0-1.0,https://raw.githubusercontent.com/Calinou/kenney-interface-sounds/master/LICENSE.txt,False,,wav,,,1.02,,,whoosh; scroll; swish,ink blob wipe; letters scatter,ink-wipe; scatter-letters,medium,False,False,downloaded,Kenney Interface Sounds 1.0; this WAV is Calinou's lossless conversion of Kenney's original OGG (original OGG not in this repo).,True,True,,90062,bb3fba1afeb65bf7e371f658d1d7734c826a83a1ad6d6608a83f92ec93933341,,09_PREVIEWS/thumbs/A4ca100cf.jpg,E,1,,,44100
Aff8dbb16,06_SOUND_EFFECTS/whooshes/sfx_whoosh_short_airy_030.wav,06_SOUND_EFFECTS,sfx,,,"Short airy whoosh, 0.15 s",GitHub: remotion-dev/remotion (@remotion/sfx),https://github.com/remotion-dev/remotion/blob/main/packages/remotion-media/whoosh.wav,https://raw.githubusercontent.com/remotion-dev/remotion/main/packages/remotion-media/whoosh.wav,1bob (Freesound 831936),CC0-1.0,https://github.com/remotion-dev/remotion/blob/main/packages/docs/docs/sfx/whoosh.mdx,False,,wav,,,0.154,,,whoosh; air; short,fast object move; scale punch,ink-wipe; beat-sync-montage,high,False,False,downloaded,Remotion docs page lists this clip as Creative Commons 0 (verified in sfx docs mdx).,True,True,,13620,d98f010fa5f03fd3f4f77418f8ba6a962d36e63357265772771c4ac69c1a63a7,,09_PREVIEWS/thumbs/Aff8dbb16.jpg,E,1,,,44100
Ac6ce0243,07_MOTION_GRAPHICS/brushes_scribbles/mg_arrow_bigloop_003.png,07_MOTION_GRAPHICS,svg,,,"Bold arrow with big loop PNG preview alongside (1024w, transparent).",GitHub: Eronred/handy-arrows,https://github.com/Eronred/handy-arrows/blob/main/static/arrows/8.svg,https://raw.githubusercontent.com/Eronred/handy-arrows/main/static/arrows/8.svg,DaryaKro (artwork); repo by Eronred,CC-BY-4.0,https://creativecommons.org/licenses/by/4.0/,True,"Hand-drawn art by DaryaKro, via github.com/Eronred/handy-arrows, CC BY 4.0",png,1024,759,,,True,arrow; loop; bold; hand-drawn,pointer arrow,type-on,high,False,False,downloaded,PNG render of 07_MOTION_GRAPHICS/brushes_scribbles/mg_arrow_bigloop_003.svg. License derived from CC BY 4.0 link in repo's site UI; repo has no LICENSE file. Vector; animate with stroke-dashoffset/trim paths.,True,True,attribution_required; license_caveat,29161,f2bf340e518dd11bdbf004ec590aa6d9b54bfb549f7a7ceb6f3e30584ba10614,07_MOTION_GRAPHICS/brushes_scribbles/mg_arrow_bigloop_003.svg,09_PREVIEWS/thumbs/Ac6ce0243.jpg,F,,,,
A1ce8ff43,07_MOTION_GRAPHICS/brushes_scribbles/mg_arrow_bigloop_003.svg,07_MOTION_GRAPHICS,svg,,,"Bold arrow with big loop PNG preview alongside (1024w, transparent).",GitHub: Eronred/handy-arrows,https://github.com/Eronred/handy-arrows/blob/main/static/arrows/8.svg,https://raw.githubusercontent.com/Eronred/handy-arrows/main/static/arrows/8.svg,DaryaKro (artwork); repo by Eronred,CC-BY-4.0,https://creativecommons.org/licenses/by/4.0/,True,"Hand-drawn art by DaryaKro, via github.com/Eronred/handy-arrows, CC BY 4.0",svg,640,474,,,True,arrow; loop; bold; hand-drawn,pointer arrow,type-on,high,False,False,downloaded,License derived from CC BY 4.0 link in repo's site UI; repo has no LICENSE file. Vector; animate with stroke-dashoffset/trim paths.,True,True,attribution_required; license_caveat,7179,70f71923648ffedaf7c0e5c0e41f6a11a17eef78eb2540e97318c9f9e708a89e,07_MOTION_GRAPHICS/brushes_scribbles/mg_arrow_bigloop_003.png,09_PREVIEWS/thumbs/A1ce8ff43.jpg,F,,,,
Aa0459acf,07_MOTION_GRAPHICS/brushes_scribbles/mg_arrow_curlicue_001_red.png,07_MOTION_GRAPHICS,svg,,,"Curly loop arrow pointing down-left Recolored to signal red #E0261B (derivative). PNG preview alongside (1024w, transparent).",GitHub: Eronred/handy-arrows,https://github.com/Eronred/handy-arrows/blob/main/static/arrows/arrow-1.svg,https://raw.githubusercontent.com/Eronred/handy-arrows/main/static/arrows/arrow-1.svg,DaryaKro (artwork); repo by Eronred,CC-BY-4.0,https://creativecommons.org/licenses/by/4.0/,True,"Hand-drawn art by DaryaKro, via github.com/Eronred/handy-arrows, CC BY 4.0",png,1024,1280,,,True,arrow; loop; curl; hand-drawn,pointer arrow draw-on,type-on,high,False,False,downloaded,PNG render of 07_MOTION_GRAPHICS/brushes_scribbles/mg_arrow_curlicue_001_red.svg. License derived from CC BY 4.0 link in repo's site UI; repo has no LICENSE file. Vector; animate with stroke-dashoffset/trim paths.,True,True,attribution_required; license_caveat,63818,ca46b99d4e594030635240a22c5e3543463c878ffde267ccbd9fd9c2aefcbe59,07_MOTION_GRAPHICS/brushes_scribbles/mg_arrow_curlicue_001_red.svg,09_PREVIEWS/thumbs/Aa0459acf.jpg,F,,,,
Acb3e34a9,07_MOTION_GRAPHICS/brushes_scribbles/mg_arrow_curlicue_001_red.svg,07_MOTION_GRAPHICS,svg,,,"Curly loop arrow pointing down-left Recolored to signal red #E0261B (derivative). PNG preview alongside (1024w, transparent).",GitHub: Eronred/handy-arrows,https://github.com/Eronred/handy-arrows/blob/main/static/arrows/arrow-1.svg,https://raw.githubusercontent.com/Eronred/handy-arrows/main/static/arrows/arrow-1.svg,DaryaKro (artwork); repo by Eronred,CC-BY-4.0,https://creativecommons.org/licenses/by/4.0/,True,"Hand-drawn art by DaryaKro, via github.com/Eronred/handy-arrows, CC BY 4.0",svg,640,800,,,True,arrow; loop; curl; hand-drawn,pointer arrow draw-on,type-on,high,False,False,downloaded,License derived from CC BY 4.0 link in repo's site UI; repo has no LICENSE file. Vector; animate with stroke-dashoffset/trim paths.,True,True,attribution_required; license_caveat,4567,ce993b2ba802d9fa265642a80ecf17aa4c2979eb6fe2681648906bfd2629a3e5,07_MOTION_GRAPHICS/brushes_scribbles/mg_arrow_curlicue_001_red.png,09_PREVIEWS/thumbs/Acb3e34a9.jpg,F,,,,
A6e1459ed,07_MOTION_GRAPHICS/brushes_scribbles/mg_arrow_scrawl_006.png,07_MOTION_GRAPHICS,svg,,,"Scrawled triangle scribble fill PNG preview alongside (1024w, transparent).",GitHub: Eronred/handy-arrows,https://github.com/Eronred/handy-arrows/blob/main/static/arrows/29.svg,https://raw.githubusercontent.com/Eronred/handy-arrows/main/static/arrows/29.svg,DaryaKro (artwork); repo by Eronred,CC-BY-4.0,https://creativecommons.org/licenses/by/4.0/,True,"Hand-drawn art by DaryaKro, via github.com/Eronred/handy-arrows, CC BY 4.0",png,1024,1024,,,True,scribble; scrawl; triangle; hand-drawn,scribble fill,ink-wipe,medium,False,False,downloaded,PNG render of 07_MOTION_GRAPHICS/brushes_scribbles/mg_arrow_scrawl_006.svg. License derived from CC BY 4.0 link in repo's site UI; repo has no LICENSE file. Vector; animate with stroke-dashoffset/trim paths.,True,True,attribution_required; license_caveat,47330,11df3412b856fdfdf34ef632dbab55e2dd13ba4dc0b6e8c886198fd0def338d1,07_MOTION_GRAPHICS/brushes_scribbles/mg_arrow_scrawl_006.svg,09_PREVIEWS/thumbs/A6e1459ed.jpg,F,,,,
A11356fe9,07_MOTION_GRAPHICS/brushes_scribbles/mg_arrow_scrawl_006.svg,07_MOTION_GRAPHICS,svg,,,"Scrawled triangle scribble fill PNG preview alongside (1024w, transparent).",GitHub: Eronred/handy-arrows,https://github.com/Eronred/handy-arrows/blob/main/static/arrows/29.svg,https://raw.githubusercontent.com/Eronred/handy-arrows/main/static/arrows/29.svg,DaryaKro (artwork); repo by Eronred,CC-BY-4.0,https://creativecommons.org/licenses/by/4.0/,True,"Hand-drawn art by DaryaKro, via github.com/Eronred/handy-arrows, CC BY 4.0",svg,640,640,,,True,scribble; scrawl; triangle; hand-drawn,scribble fill,ink-wipe,medium,False,False,downloaded,License derived from CC BY 4.0 link in repo's site UI; repo has no LICENSE file. Vector; animate with stroke-dashoffset/trim paths.,True,True,attribution_required; license_caveat,20745,d38ce253a7adf01ba4b2edcec854c9c6b5b1ac2ea5febfe1389e6194de1786fe,07_MOTION_GRAPHICS/brushes_scribbles/mg_arrow_scrawl_006.png,09_PREVIEWS/thumbs/A11356fe9.jpg,F,,,,
Ad4b5b001,07_MOTION_GRAPHICS/brushes_scribbles/mg_arrow_scribbled_005.png,07_MOTION_GRAPHICS,svg,,,"Dense scribble-hatch arrow PNG preview alongside (1024w, transparent).",GitHub: Eronred/handy-arrows,https://github.com/Eronred/handy-arrows/blob/main/static/arrows/24.svg,https://raw.githubusercontent.com/Eronred/handy-arrows/main/static/arrows/24.svg,DaryaKro (artwork); repo by Eronred,CC-BY-4.0,https://creativecommons.org/licenses/by/4.0/,True,"Hand-drawn art by DaryaKro, via github.com/Eronred/handy-arrows, CC BY 4.0",png,1024,874,,,True,arrow; scribble; hatch; hand-drawn,scribble burst,scatter-letters,high,False,False,downloaded,PNG render of 07_MOTION_GRAPHICS/brushes_scribbles/mg_arrow_scribbled_005.svg. License derived from CC BY 4.0 link in repo's site UI; repo has no LICENSE file. Vector; animate with stroke-dashoffset/trim paths.,True,True,attribution_required; license_caveat,42837,e011d639ddd747cdfd53bd5cb89e7045ce9f38f6e8f65a29cde72dcc30123da7,07_MOTION_GRAPHICS/brushes_scribbles/mg_arrow_scribbled_005.svg,09_PREVIEWS/thumbs/Ad4b5b001.jpg,F,,,,
A6b063282,07_MOTION_GRAPHICS/brushes_scribbles/mg_arrow_scribbled_005.svg,07_MOTION_GRAPHICS,svg,,,"Dense scribble-hatch arrow PNG preview alongside (1024w, transparent).",GitHub: Eronred/handy-arrows,https://github.com/Eronred/handy-arrows/blob/main/static/arrows/24.svg,https://raw.githubusercontent.com/Eronred/handy-arrows/main/static/arrows/24.svg,DaryaKro (artwork); repo by Eronred,CC-BY-4.0,https://creativecommons.org/licenses/by/4.0/,True,"Hand-drawn art by DaryaKro, via github.com/Eronred/handy-arrows, CC BY 4.0",svg,640,546,,,True,arrow; scribble; hatch; hand-drawn,scribble burst,scatter-letters,high,False,False,downloaded,License derived from CC BY 4.0 link in repo's site UI; repo has no LICENSE file. Vector; animate with stroke-dashoffset/trim paths.,True,True,attribution_required; license_caveat,14822,e263badee67eb0a9251016c55a281e90573c157df73587a88324b1590c67d896,07_MOTION_GRAPHICS/brushes_scribbles/mg_arrow_scribbled_005.png,09_PREVIEWS/thumbs/A6b063282.jpg,F,,,,
Aa30a15a4,07_MOTION_GRAPHICS/brushes_scribbles/mg_arrow_spring_004.png,07_MOTION_GRAPHICS,svg,,,"Spring-coil arrow PNG preview alongside (1024w, transparent).",GitHub: Eronred/handy-arrows,https://github.com/Eronred/handy-arrows/blob/main/static/arrows/11.svg,https://raw.githubusercontent.com/Eronred/handy-arrows/main/static/arrows/11.svg,DaryaKro (artwork); repo by Eronred,CC-BY-4.0,https://creativecommons.org/licenses/by/4.0/,True,"Hand-drawn art by DaryaKro, via github.com/Eronred/handy-arrows, CC BY 4.0",png,1024,1050,,,True,arrow; coil; spring; hand-drawn,scribble arrow,scatter-letters,medium,False,False,downloaded,PNG render of 07_MOTION_GRAPHICS/brushes_scribbles/mg_arrow_spring_004.svg. License derived from CC BY 4.0 link in repo's site UI; repo has no LICENSE file. Vector; animate with stroke-dashoffset/trim paths.,True,True,attribution_required; license_caveat,44521,e8a3a463ddb3b1e1121e23f1a9126c7bfc2f5f3553cbc038a303f97260a4c4e8,07_MOTION_GRAPHICS/brushes_scribbles/mg_arrow_spring_004.svg,09_PREVIEWS/thumbs/Aa30a15a4.jpg,F,,,,
A424f0479,07_MOTION_GRAPHICS/brushes_scribbles/mg_arrow_spring_004.svg,07_MOTION_GRAPHICS,svg,,,"Spring-coil arrow PNG preview alongside (1024w, transparent).",GitHub: Eronred/handy-arrows,https://github.com/Eronred/handy-arrows/blob/main/static/arrows/11.svg,https://raw.githubusercontent.com/Eronred/handy-arrows/main/static/arrows/11.svg,DaryaKro (artwork); repo by Eronred,CC-BY-4.0,https://creativecommons.org/licenses/by/4.0/,True,"Hand-drawn art by DaryaKro, via github.com/Eronred/handy-arrows, CC BY 4.0",svg,640,656,,,True,arrow; coil; spring; hand-drawn,scribble arrow,scatter-letters,medium,False,False,downloaded,License derived from CC BY 4.0 link in repo's site UI; repo has no LICENSE file. Vector; animate with stroke-dashoffset/trim paths.,True,True,attribution_required; license_caveat,13306,fbc15619b173f01d4e34c5982b3bae0f17a37f77de24d38422a455598df13073,07_MOTION_GRAPHICS/brushes_scribbles/mg_arrow_spring_004.png,09_PREVIEWS/thumbs/A424f0479.jpg,F,,,,
Ac7e2a34a,07_MOTION_GRAPHICS/brushes_scribbles/mg_arrow_swirl_002.png,07_MOTION_GRAPHICS,svg,,,"Curved arrow with small loop PNG preview alongside (1024w, transparent).",GitHub: Eronred/handy-arrows,https://github.com/Eronred/handy-arrows/blob/main/static/arrows/arrow-8.svg,https://raw.githubusercontent.com/Eronred/handy-arrows/main/static/arrows/arrow-8.svg,DaryaKro (artwork); repo by Eronred,CC-BY-4.0,https://creativecommons.org/licenses/by/4.0/,True,"Hand-drawn art by DaryaKro, via github.com/Eronred/handy-arrows, CC BY 4.0",png,1024,1003,,,True,arrow; loop; curved; hand-drawn,pointer arrow,type-on,high,False,False,downloaded,PNG render of 07_MOTION_GRAPHICS/brushes_scribbles/mg_arrow_swirl_002.svg. License derived from CC BY 4.0 link in repo's site UI; repo has no LICENSE file. Vector; animate with stroke-dashoffset/trim paths.,True,True,attribution_required; license_caveat,26262,fd8d47cd4c9a2d9c4ce17209e1aaf8cbc11bd6ada8dc6a7942df02738e25633b,07_MOTION_GRAPHICS/brushes_scribbles/mg_arrow_swirl_002.svg,09_PREVIEWS/thumbs/Ac7e2a34a.jpg,F,,,,
A12f31a0f,07_MOTION_GRAPHICS/brushes_scribbles/mg_arrow_swirl_002.svg,07_MOTION_GRAPHICS,svg,,,"Curved arrow with small loop PNG preview alongside (1024w, transparent).",GitHub: Eronred/handy-arrows,https://github.com/Eronred/handy-arrows/blob/main/static/arrows/arrow-8.svg,https://raw.githubusercontent.com/Eronred/handy-arrows/main/static/arrows/arrow-8.svg,DaryaKro (artwork); repo by Eronred,CC-BY-4.0,https://creativecommons.org/licenses/by/4.0/,True,"Hand-drawn art by DaryaKro, via github.com/Eronred/handy-arrows, CC BY 4.0",svg,640,627,,,True,arrow; loop; curved; hand-drawn,pointer arrow,type-on,high,False,False,downloaded,License derived from CC BY 4.0 link in repo's site UI; repo has no LICENSE file. Vector; animate with stroke-dashoffset/trim paths.,True,True,attribution_required; license_caveat,2761,cb153160c87f852c4f329adfaa8117fb1a9c74762a6b521d0a7a1a5e5fac7d02,07_MOTION_GRAPHICS/brushes_scribbles/mg_arrow_swirl_002.png,09_PREVIEWS/thumbs/A12f31a0f.jpg,F,,,,
A6e5541f5,07_MOTION_GRAPHICS/brushes_scribbles/mg_brush_underline_029.png,07_MOTION_GRAPHICS,svg,,,"Three heavy slanted brush bars PNG preview alongside (1024w, transparent).",GitHub: Eronred/handy-arrows,https://github.com/Eronred/handy-arrows/blob/main/static/underlines/underline_29.svg,https://raw.githubusercontent.com/Eronred/handy-arrows/main/static/underlines/underline_29.svg,DaryaKro (artwork); repo by Eronred,CC-BY-4.0,https://creativecommons.org/licenses/by/4.0/,True,"Hand-drawn art by DaryaKro, via github.com/Eronred/handy-arrows, CC BY 4.0",png,1024,611,,,True,brush; bars; marker; highlighter,brush stroke wipe / highlighter,ink-wipe,high,False,False,downloaded,PNG render of 07_MOTION_GRAPHICS/brushes_scribbles/mg_brush_underline_029.svg. License derived from CC BY 4.0 link in repo's site UI; repo has no LICENSE file. Vector; animate with stroke-dashoffset/trim paths.,True,True,attribution_required; license_caveat,19271,ea997a6add5f0d9bdae605ed154593610af081768d0046f8f6f9b558bf144615,07_MOTION_GRAPHICS/brushes_scribbles/mg_brush_underline_029.svg,09_PREVIEWS/thumbs/A6e5541f5.jpg,F,,,,
A2309ca09,07_MOTION_GRAPHICS/brushes_scribbles/mg_brush_underline_029.svg,07_MOTION_GRAPHICS,svg,,,"Three heavy slanted brush bars PNG preview alongside (1024w, transparent).",GitHub: Eronred/handy-arrows,https://github.com/Eronred/handy-arrows/blob/main/static/underlines/underline_29.svg,https://raw.githubusercontent.com/Eronred/handy-arrows/main/static/underlines/underline_29.svg,DaryaKro (artwork); repo by Eronred,CC-BY-4.0,https://creativecommons.org/licenses/by/4.0/,True,"Hand-drawn art by DaryaKro, via github.com/Eronred/handy-arrows, CC BY 4.0",svg,640,382,,,True,brush; bars; marker; highlighter,brush stroke wipe / highlighter,ink-wipe,high,False,False,downloaded,License derived from CC BY 4.0 link in repo's site UI; repo has no LICENSE file. Vector; animate with stroke-dashoffset/trim paths.,True,True,attribution_required; license_caveat,1630,1a6f74bb21a9af298e7a4640380de166ae462ce4eb4b125e67dd76e9a23bd7e0,07_MOTION_GRAPHICS/brushes_scribbles/mg_brush_underline_029.png,09_PREVIEWS/thumbs/A2309ca09.jpg,F,,,,
A0ec21770,07_MOTION_GRAPHICS/brushes_scribbles/mg_brush_underline_032.png,07_MOTION_GRAPHICS,svg,,,"Heavy ink brush zigzag blob stroke PNG preview alongside (1024w, transparent).",GitHub: Eronred/handy-arrows,https://github.com/Eronred/handy-arrows/blob/main/static/underlines/underline_32.svg,https://raw.githubusercontent.com/Eronred/handy-arrows/main/static/underlines/underline_32.svg,DaryaKro (artwork); repo by Eronred,CC-BY-4.0,https://creativecommons.org/licenses/by/4.0/,True,"Hand-drawn art by DaryaKro, via github.com/Eronred/handy-arrows, CC BY 4.0",png,1024,611,,,True,ink; brush; heavy; stroke,black ink wipe matte,ink-wipe,high,False,False,downloaded,PNG render of 07_MOTION_GRAPHICS/brushes_scribbles/mg_brush_underline_032.svg. License derived from CC BY 4.0 link in repo's site UI; repo has no LICENSE file. Vector; animate with stroke-dashoffset/trim paths.,True,True,attribution_required; license_caveat,19914,afc1078f2e190165391401784d5ca19397652937f5fa4450fb4a4a586dd68df1,07_MOTION_GRAPHICS/brushes_scribbles/mg_brush_underline_032.svg,09_PREVIEWS/thumbs/A0ec21770.jpg,F,,,,
Ad4e96089,07_MOTION_GRAPHICS/brushes_scribbles/mg_brush_underline_032.svg,07_MOTION_GRAPHICS,svg,,,"Heavy ink brush zigzag blob stroke PNG preview alongside (1024w, transparent).",GitHub: Eronred/handy-arrows,https://github.com/Eronred/handy-arrows/blob/main/static/underlines/underline_32.svg,https://raw.githubusercontent.com/Eronred/handy-arrows/main/static/underlines/underline_32.svg,DaryaKro (artwork); repo by Eronred,CC-BY-4.0,https://creativecommons.org/licenses/by/4.0/,True,"Hand-drawn art by DaryaKro, via github.com/Eronred/handy-arrows, CC BY 4.0",svg,640,382,,,True,ink; brush; heavy; stroke,black ink wipe matte,ink-wipe,high,False,False,downloaded,License derived from CC BY 4.0 link in repo's site UI; repo has no LICENSE file. Vector; animate with stroke-dashoffset/trim paths.,True,True,attribution_required; license_caveat,1714,e50e6691d178b50df5adb50ef0216915c61fcfcbeeb62cedcd57c662bf46e2f5,07_MOTION_GRAPHICS/brushes_scribbles/mg_brush_underline_032.png,09_PREVIEWS/thumbs/Ad4e96089.jpg,F,,,,
Ac76a8faf,07_MOTION_GRAPHICS/brushes_scribbles/mg_ink_blot_rough_003.png,07_MOTION_GRAPHICS,overlay,,,Rough irregular blot [orig scorch_03.png],GitHub: Calinou/kenney-particle-pack (Kenney Particle Pack 1.1),https://github.com/Calinou/kenney-particle-pack,https://raw.githubusercontent.com/Calinou/kenney-particle-pack/master/addons/kenney_particle_pack/scorch_03.png,Kenney Vleugels (Kenney.nl),CC0-1.0,https://creativecommons.org/publicdomain/zero/1.0/,False,,png,512,512,,,True,ink; blot; rough,ink blot wipe/matte (scale to fill),ink-wipe,high,False,False,downloaded,White-on-transparent; use Screen/Add blend or tint. Credit Kenney.nl optional.,True,True,,87486,9eec4d5b9e9c3ea4b7f2036fb4a094c93ac7829752d899979523733bd04182f8,,09_PREVIEWS/thumbs/Ac76a8faf.jpg,F,,,,
A0c65d47a,07_MOTION_GRAPHICS/brushes_scribbles/mg_ink_splat_burst_001.png,07_MOTION_GRAPHICS,overlay,,,Ragged splat/burst blot with radiating flecks (white on transparent; tint black/red) [orig scorch_01.png],GitHub: Calinou/kenney-particle-pack (Kenney Particle Pack 1.1),https://github.com/Calinou/kenney-particle-pack,https://raw.githubusercontent.com/Calinou/kenney-particle-pack/master/addons/kenney_particle_pack/scorch_01.png,Kenney Vleugels (Kenney.nl),CC0-1.0,https://creativecommons.org/publicdomain/zero/1.0/,False,,png,512,512,,,True,ink; splat; blot; burst,tinted ink splat on object bursts; impact stamp,ink-wipe; object-ring,high,False,False,downloaded,White-on-transparent; use Screen/Add blend or tint. Credit Kenney.nl optional.,True,True,,57261,f2247ba0feeb084b1b26ea6bec312bcce3d4cd52c1891835dcfabea7bc0c77ce,,09_PREVIEWS/thumbs/A0c65d47a.jpg,F,,,,
A62894397,07_MOTION_GRAPHICS/brushes_scribbles/mg_ink_splat_burst_002.png,07_MOTION_GRAPHICS,overlay,,,Ragged splat variant with fine flecks [orig scorch_02.png],GitHub: Calinou/kenney-particle-pack (Kenney Particle Pack 1.1),https://github.com/Calinou/kenney-particle-pack,https://raw.githubusercontent.com/Calinou/kenney-particle-pack/master/addons/kenney_particle_pack/scorch_02.png,Kenney Vleugels (Kenney.nl),CC0-1.0,https://creativecommons.org/publicdomain/zero/1.0/,False,,png,512,512,,,True,ink; splat; blot,ink burst,ink-wipe; object-ring,high,False,False,downloaded,White-on-transparent; use Screen/Add blend or tint. Credit Kenney.nl optional.,True,True,,70510,7408707eb3cd1aacb86bd008a99696b71df21df233227002bb9ba6ddc6b4da02,,09_PREVIEWS/thumbs/A62894397.jpg,F,,,,
A12bd23e1,07_MOTION_GRAPHICS/brushes_scribbles/mg_loop_underline_001.png,07_MOTION_GRAPHICS,svg,,,"Hand-drawn loose oval loop, circles a word PNG preview alongside (1024w, transparent).",GitHub: Eronred/handy-arrows,https://github.com/Eronred/handy-arrows/blob/main/static/underlines/underline_1.svg,https://raw.githubusercontent.com/Eronred/handy-arrows/main/static/underlines/underline_1.svg,DaryaKro (artwork); repo by Eronred,CC-BY-4.0,https://creativecommons.org/licenses/by/4.0/,True,"Hand-drawn art by DaryaKro, via github.com/Eronred/handy-arrows, CC BY 4.0",png,1024,334,,,True,oval; loop; circle; scribble; red-pen,circle a word with draw-on; red pen loop,type-on,high,False,False,downloaded,PNG render of 07_MOTION_GRAPHICS/brushes_scribbles/mg_loop_underline_001.svg. License derived from CC BY 4.0 link in repo's site UI; repo has no LICENSE file. Vector; animate with stroke-dashoffset/trim paths.,True,True,attribution_required; license_caveat,15202,4d27232b0cfa140f5e7817b888d85bac6a7c3e2b0f2245fe07af199e8176fc42,07_MOTION_GRAPHICS/brushes_scribbles/mg_loop_underline_001.svg; 07_MOTION_GRAPHICS/brushes_scribbles/mg_loop_underline_001_red.png; 07_MOTION_GRAPHICS/brushes_scribbles/mg_loop_underline_001_red.svg,09_PREVIEWS/thumbs/A12bd23e1.jpg,F,,,,
A427601b6,07_MOTION_GRAPHICS/brushes_scribbles/mg_loop_underline_001.svg,07_MOTION_GRAPHICS,svg,,,"Hand-drawn loose oval loop, circles a word PNG preview alongside (1024w, transparent).",GitHub: Eronred/handy-arrows,https://github.com/Eronred/handy-arrows/blob/main/static/underlines/underline_1.svg,https://raw.githubusercontent.com/Eronred/handy-arrows/main/static/underlines/underline_1.svg,DaryaKro (artwork); repo by Eronred,CC-BY-4.0,https://creativecommons.org/licenses/by/4.0/,True,"Hand-drawn art by DaryaKro, via github.com/Eronred/handy-arrows, CC BY 4.0",svg,640,209,,,True,oval; loop; circle; scribble; red-pen,circle a word with draw-on; red pen loop,type-on,high,False,False,downloaded,License derived from CC BY 4.0 link in repo's site UI; repo has no LICENSE file. Vector; animate with stroke-dashoffset/trim paths.,True,True,attribution_required; license_caveat,2925,a5f8f02c97cd60875d3e604035fc200ebd96c4d807400e3d9098f38aa7888c01,07_MOTION_GRAPHICS/brushes_scribbles/mg_loop_underline_001.png; 07_MOTION_GRAPHICS/brushes_scribbles/mg_loop_underline_001_red.png; 07_MOTION_GRAPHICS/brushes_scribbles/mg_loop_underline_001_red.svg,09_PREVIEWS/thumbs/A427601b6.jpg,F,,,,
A197705b8,07_MOTION_GRAPHICS/brushes_scribbles/mg_loop_underline_001_red.png,07_MOTION_GRAPHICS,svg,,,"Hand-drawn loose oval loop, circles a word Recolored to signal red #E0261B (derivative). PNG preview alongside (1024w, transparent).",GitHub: Eronred/handy-arrows,https://github.com/Eronred/handy-arrows/blob/main/static/underlines/underline_1.svg,https://raw.githubusercontent.com/Eronred/handy-arrows/main/static/underlines/underline_1.svg,DaryaKro (artwork); repo by Eronred,CC-BY-4.0,https://creativecommons.org/licenses/by/4.0/,True,"Hand-drawn art by DaryaKro, via github.com/Eronred/handy-arrows, CC BY 4.0",png,1024,334,,,True,oval; loop; circle; scribble; red-pen,circle a word with draw-on; red pen loop,type-on,high,False,False,downloaded,PNG render of 07_MOTION_GRAPHICS/brushes_scribbles/mg_loop_underline_001_red.svg. License derived from CC BY 4.0 link in repo's site UI; repo has no LICENSE file. Vector; animate with stroke-dashoffset/trim paths.,True,True,attribution_required; license_caveat,23988,2220c84bd783ddd9701a05c8c5796acc4591a7525fb7777d7981b5d09c0c75bc,07_MOTION_GRAPHICS/brushes_scribbles/mg_loop_underline_001.png; 07_MOTION_GRAPHICS/brushes_scribbles/mg_loop_underline_001.svg; 07_MOTION_GRAPHICS/brushes_scribbles/mg_loop_underline_001_red.svg,09_PREVIEWS/thumbs/A197705b8.jpg,F,,,,
A4294973b,07_MOTION_GRAPHICS/brushes_scribbles/mg_loop_underline_001_red.svg,07_MOTION_GRAPHICS,svg,,,"Hand-drawn loose oval loop, circles a word Recolored to signal red #E0261B (derivative). PNG preview alongside (1024w, transparent).",GitHub: Eronred/handy-arrows,https://github.com/Eronred/handy-arrows/blob/main/static/underlines/underline_1.svg,https://raw.githubusercontent.com/Eronred/handy-arrows/main/static/underlines/underline_1.svg,DaryaKro (artwork); repo by Eronred,CC-BY-4.0,https://creativecommons.org/licenses/by/4.0/,True,"Hand-drawn art by DaryaKro, via github.com/Eronred/handy-arrows, CC BY 4.0",svg,640,209,,,True,oval; loop; circle; scribble; red-pen,circle a word with draw-on; red pen loop,type-on,high,False,False,downloaded,License derived from CC BY 4.0 link in repo's site UI; repo has no LICENSE file. Vector; animate with stroke-dashoffset/trim paths.,True,True,attribution_required; license_caveat,2927,b9394f8aa1e1934f71e0664ecf52e7690d17fd36057fbc666c20d8a498db9183,07_MOTION_GRAPHICS/brushes_scribbles/mg_loop_underline_001.png; 07_MOTION_GRAPHICS/brushes_scribbles/mg_loop_underline_001.svg; 07_MOTION_GRAPHICS/brushes_scribbles/mg_loop_underline_001_red.png,09_PREVIEWS/thumbs/A4294973b.jpg,F,,,,
Abb4372bd,07_MOTION_GRAPHICS/brushes_scribbles/mg_loop_underline_002.png,07_MOTION_GRAPHICS,svg,,,"Hand-drawn closed oval ring PNG preview alongside (1024w, transparent).",GitHub: Eronred/handy-arrows,https://github.com/Eronred/handy-arrows/blob/main/static/underlines/underline_2.svg,https://raw.githubusercontent.com/Eronred/handy-arrows/main/static/underlines/underline_2.svg,DaryaKro (artwork); repo by Eronred,CC-BY-4.0,https://creativecommons.org/licenses/by/4.0/,True,"Hand-drawn art by DaryaKro, via github.com/Eronred/handy-arrows, CC BY 4.0",png,1024,295,,,True,oval; ring; circle; scribble,highlight ring,type-on,high,False,False,downloaded,PNG render of 07_MOTION_GRAPHICS/brushes_scribbles/mg_loop_underline_002.svg. License derived from CC BY 4.0 link in repo's site UI; repo has no LICENSE file. Vector; animate with stroke-dashoffset/trim paths.,True,True,attribution_required; license_caveat,13475,4ab1c18d60443b030f473f04c0cfe5b84f02b219e552f777423ac98c948c7abe,07_MOTION_GRAPHICS/brushes_scribbles/mg_loop_underline_002.svg,09_PREVIEWS/thumbs/Abb4372bd.jpg,F,,,,
Aeec3f43d,07_MOTION_GRAPHICS/brushes_scribbles/mg_loop_underline_002.svg,07_MOTION_GRAPHICS,svg,,,"Hand-drawn closed oval ring PNG preview alongside (1024w, transparent).",GitHub: Eronred/handy-arrows,https://github.com/Eronred/handy-arrows/blob/main/static/underlines/underline_2.svg,https://raw.githubusercontent.com/Eronred/handy-arrows/main/static/underlines/underline_2.svg,DaryaKro (artwork); repo by Eronred,CC-BY-4.0,https://creativecommons.org/licenses/by/4.0/,True,"Hand-drawn art by DaryaKro, via github.com/Eronred/handy-arrows, CC BY 4.0",svg,640,184,,,True,oval; ring; circle; scribble,highlight ring,type-on,high,False,False,downloaded,License derived from CC BY 4.0 link in repo's site UI; repo has no LICENSE file. Vector; animate with stroke-dashoffset/trim paths.,True,True,attribution_required; license_caveat,2181,461c88fa3f08edb48adbcea3e8b662f873e5a44b8072f9db369f70cd3f63693e,07_MOTION_GRAPHICS/brushes_scribbles/mg_loop_underline_002.png,09_PREVIEWS/thumbs/Aeec3f43d.jpg,F,,,,
Aa3be59e0,07_MOTION_GRAPHICS/brushes_scribbles/mg_loop_underline_010.png,07_MOTION_GRAPHICS,svg,,,"Hand-drawn wide oval loop PNG preview alongside (1024w, transparent).",GitHub: Eronred/handy-arrows,https://github.com/Eronred/handy-arrows/blob/main/static/underlines/underline_10.svg,https://raw.githubusercontent.com/Eronred/handy-arrows/main/static/underlines/underline_10.svg,DaryaKro (artwork); repo by Eronred,CC-BY-4.0,https://creativecommons.org/licenses/by/4.0/,True,"Hand-drawn art by DaryaKro, via github.com/Eronred/handy-arrows, CC BY 4.0",png,1024,284,,,True,oval; loop; circle,circle highlight,type-on,high,False,False,downloaded,PNG render of 07_MOTION_GRAPHICS/brushes_scribbles/mg_loop_underline_010.svg. License derived from CC BY 4.0 link in repo's site UI; repo has no LICENSE file. Vector; animate with stroke-dashoffset/trim paths.,True,True,attribution_required; license_caveat,13282,ad4c39063a78247af1aceb71c90b3b03bbb92145f49253519a98068a65b3f918,07_MOTION_GRAPHICS/brushes_scribbles/mg_loop_underline_010.svg,09_PREVIEWS/thumbs/Aa3be59e0.jpg,F,,,,
A69f57b67,07_MOTION_GRAPHICS/brushes_scribbles/mg_loop_underline_010.svg,07_MOTION_GRAPHICS,svg,,,"Hand-drawn wide oval loop PNG preview alongside (1024w, transparent).",GitHub: Eronred/handy-arrows,https://github.com/Eronred/handy-arrows/blob/main/static/underlines/underline_10.svg,https://raw.githubusercontent.com/Eronred/handy-arrows/main/static/underlines/underline_10.svg,DaryaKro (artwork); repo by Eronred,CC-BY-4.0,https://creativecommons.org/licenses/by/4.0/,True,"Hand-drawn art by DaryaKro, via github.com/Eronred/handy-arrows, CC BY 4.0",svg,640,178,,,True,oval; loop; circle,circle highlight,type-on,high,False,False,downloaded,License derived from CC BY 4.0 link in repo's site UI; repo has no LICENSE file. Vector; animate with stroke-dashoffset/trim paths.,True,True,attribution_required; license_caveat,2402,11ab443cab926f7726f03f216f34624573c1b9326e48c99c8f621ba4f9ff8a52,07_MOTION_GRAPHICS/brushes_scribbles/mg_loop_underline_010.png,09_PREVIEWS/thumbs/A69f57b67.jpg,F,,,,
Ad720860b,07_MOTION_GRAPHICS/brushes_scribbles/mg_squiggle_underline_018.png,07_MOTION_GRAPHICS,svg,,,"Looping 'eeee' scribble underline PNG preview alongside (1024w, transparent).",GitHub: Eronred/handy-arrows,https://github.com/Eronred/handy-arrows/blob/main/static/underlines/underline_18.svg,https://raw.githubusercontent.com/Eronred/handy-arrows/main/static/underlines/underline_18.svg,DaryaKro (artwork); repo by Eronred,CC-BY-4.0,https://creativecommons.org/licenses/by/4.0/,True,"Hand-drawn art by DaryaKro, via github.com/Eronred/handy-arrows, CC BY 4.0",png,1024,153,,,True,scribble; loops; underline; coil,red looped scribble chasing the cursor,type-on; scatter-letters,high,False,False,downloaded,PNG render of 07_MOTION_GRAPHICS/brushes_scribbles/mg_squiggle_underline_018.svg. License derived from CC BY 4.0 link in repo's site UI; repo has no LICENSE file. Vector; animate with stroke-dashoffset/trim paths.,True,True,attribution_required; license_caveat,12214,e96472b15ae2fce912f2ba39655f8294de35d21d8b9ae1b0632030d442a01b24,07_MOTION_GRAPHICS/brushes_scribbles/mg_squiggle_underline_018.svg; 07_MOTION_GRAPHICS/brushes_scribbles/mg_squiggle_underline_018_red.png; 07_MOTION_GRAPHICS/brushes_scribbles/mg_squiggle_underline_018_red.svg,09_PREVIEWS/thumbs/Ad720860b.jpg,F,,,,
Aab324b51,07_MOTION_GRAPHICS/brushes_scribbles/mg_squiggle_underline_018.svg,07_MOTION_GRAPHICS,svg,,,"Looping 'eeee' scribble underline PNG preview alongside (1024w, transparent).",GitHub: Eronred/handy-arrows,https://github.com/Eronred/handy-arrows/blob/main/static/underlines/underline_18.svg,https://raw.githubusercontent.com/Eronred/handy-arrows/main/static/underlines/underline_18.svg,DaryaKro (artwork); repo by Eronred,CC-BY-4.0,https://creativecommons.org/licenses/by/4.0/,True,"Hand-drawn art by DaryaKro, via github.com/Eronred/handy-arrows, CC BY 4.0",svg,640,96,,,True,scribble; loops; underline; coil,red looped scribble chasing the cursor,type-on; scatter-letters,high,False,False,downloaded,License derived from CC BY 4.0 link in repo's site UI; repo has no LICENSE file. Vector; animate with stroke-dashoffset/trim paths.,True,True,attribution_required; license_caveat,2953,25f7af55c5bc7aaa2a9883b584184a0020fe438f514e05c29dbb0363482029cd,07_MOTION_GRAPHICS/brushes_scribbles/mg_squiggle_underline_018.png; 07_MOTION_GRAPHICS/brushes_scribbles/mg_squiggle_underline_018_red.png; 07_MOTION_GRAPHICS/brushes_scribbles/mg_squiggle_underline_018_red.svg,09_PREVIEWS/thumbs/Aab324b51.jpg,F,,,,
A77f090e7,07_MOTION_GRAPHICS/brushes_scribbles/mg_squiggle_underline_018_red.png,07_MOTION_GRAPHICS,svg,,,"Looping 'eeee' scribble underline Recolored to signal red #E0261B (derivative). PNG preview alongside (1024w, transparent).",GitHub: Eronred/handy-arrows,https://github.com/Eronred/handy-arrows/blob/main/static/underlines/underline_18.svg,https://raw.githubusercontent.com/Eronred/handy-arrows/main/static/underlines/underline_18.svg,DaryaKro (artwork); repo by Eronred,CC-BY-4.0,https://creativecommons.org/licenses/by/4.0/,True,"Hand-drawn art by DaryaKro, via github.com/Eronred/handy-arrows, CC BY 4.0",png,1024,153,,,True,scribble; loops; underline; coil,red looped scribble chasing the cursor,type-on; scatter-letters,high,False,False,downloaded,PNG render of 07_MOTION_GRAPHICS/brushes_scribbles/mg_squiggle_underline_018_red.svg. License derived from CC BY 4.0 link in repo's site UI; repo has no LICENSE file. Vector; animate with stroke-dashoffset/trim paths.,True,True,attribution_required; license_caveat,18432,6daf56ef7a541b2892e0dd026c9ab6d4e43329e18631e0ef27d89902165f42d2,07_MOTION_GRAPHICS/brushes_scribbles/mg_squiggle_underline_018.png; 07_MOTION_GRAPHICS/brushes_scribbles/mg_squiggle_underline_018.svg; 07_MOTION_GRAPHICS/brushes_scribbles/mg_squiggle_underline_018_red.svg,09_PREVIEWS/thumbs/A77f090e7.jpg,F,,,,
Ae0b348b9,07_MOTION_GRAPHICS/brushes_scribbles/mg_squiggle_underline_018_red.svg,07_MOTION_GRAPHICS,svg,,,"Looping 'eeee' scribble underline Recolored to signal red #E0261B (derivative). PNG preview alongside (1024w, transparent).",GitHub: Eronred/handy-arrows,https://github.com/Eronred/handy-arrows/blob/main/static/underlines/underline_18.svg,https://raw.githubusercontent.com/Eronred/handy-arrows/main/static/underlines/underline_18.svg,DaryaKro (artwork); repo by Eronred,CC-BY-4.0,https://creativecommons.org/licenses/by/4.0/,True,"Hand-drawn art by DaryaKro, via github.com/Eronred/handy-arrows, CC BY 4.0",svg,640,96,,,True,scribble; loops; underline; coil,red looped scribble chasing the cursor,type-on; scatter-letters,high,False,False,downloaded,License derived from CC BY 4.0 link in repo's site UI; repo has no LICENSE file. Vector; animate with stroke-dashoffset/trim paths.,True,True,attribution_required; license_caveat,2955,668072417ecf44b3d69bc22cfbea81c4516bf5a31e40b6f5e396230352022e42,07_MOTION_GRAPHICS/brushes_scribbles/mg_squiggle_underline_018.png; 07_MOTION_GRAPHICS/brushes_scribbles/mg_squiggle_underline_018.svg; 07_MOTION_GRAPHICS/brushes_scribbles/mg_squiggle_underline_018_red.png,09_PREVIEWS/thumbs/Ae0b348b9.jpg,F,,,,
A111f9272,07_MOTION_GRAPHICS/brushes_scribbles/mg_squiggle_underline_022.png,07_MOTION_GRAPHICS,svg,,,"Coiled loop scribble line PNG preview alongside (1024w, transparent).",GitHub: Eronred/handy-arrows,https://github.com/Eronred/handy-arrows/blob/main/static/underlines/underline_22.svg,https://raw.githubusercontent.com/Eronred/handy-arrows/main/static/underlines/underline_22.svg,DaryaKro (artwork); repo by Eronred,CC-BY-4.0,https://creativecommons.org/licenses/by/4.0/,True,"Hand-drawn art by DaryaKro, via github.com/Eronred/handy-arrows, CC BY 4.0",png,1024,257,,,True,coil; loops; scribble,pen loops,scatter-letters,high,False,False,downloaded,PNG render of 07_MOTION_GRAPHICS/brushes_scribbles/mg_squiggle_underline_022.svg. License derived from CC BY 4.0 link in repo's site UI; repo has no LICENSE file. Vector; animate with stroke-dashoffset/trim paths.,True,True,attribution_required; license_caveat,21519,9a74363dd5699f9989cd19c466f9259586b71840c7861b3aca8497f684578f58,07_MOTION_GRAPHICS/brushes_scribbles/mg_squiggle_underline_022.svg,09_PREVIEWS/thumbs/A111f9272.jpg,F,,,,
A1b3ac8ba,07_MOTION_GRAPHICS/brushes_scribbles/mg_squiggle_underline_022.svg,07_MOTION_GRAPHICS,svg,,,"Coiled loop scribble line PNG preview alongside (1024w, transparent).",GitHub: Eronred/handy-arrows,https://github.com/Eronred/handy-arrows/blob/main/static/underlines/underline_22.svg,https://raw.githubusercontent.com/Eronred/handy-arrows/main/static/underlines/underline_22.svg,DaryaKro (artwork); repo by Eronred,CC-BY-4.0,https://creativecommons.org/licenses/by/4.0/,True,"Hand-drawn art by DaryaKro, via github.com/Eronred/handy-arrows, CC BY 4.0",svg,640,160,,,True,coil; loops; scribble,pen loops,scatter-letters,high,False,False,downloaded,License derived from CC BY 4.0 link in repo's site UI; repo has no LICENSE file. Vector; animate with stroke-dashoffset/trim paths.,True,True,attribution_required; license_caveat,3836,b69c2e32848976ec13a82fa6b4b292d370ba6797998b28ca18433f41dfd2e613,07_MOTION_GRAPHICS/brushes_scribbles/mg_squiggle_underline_022.png,09_PREVIEWS/thumbs/A1b3ac8ba.jpg,F,,,,
Af4d8979f,07_MOTION_GRAPHICS/brushes_scribbles/mg_squiggle_underline_025.png,07_MOTION_GRAPHICS,svg,,,"Thick loop-de-loop brush scribble PNG preview alongside (1024w, transparent).",GitHub: Eronred/handy-arrows,https://github.com/Eronred/handy-arrows/blob/main/static/underlines/underline_25.svg,https://raw.githubusercontent.com/Eronred/handy-arrows/main/static/underlines/underline_25.svg,DaryaKro (artwork); repo by Eronred,CC-BY-4.0,https://creativecommons.org/licenses/by/4.0/,True,"Hand-drawn art by DaryaKro, via github.com/Eronred/handy-arrows, CC BY 4.0",png,1024,292,,,True,loops; brush; scribble,letters becoming red loops,scatter-letters,high,False,False,downloaded,PNG render of 07_MOTION_GRAPHICS/brushes_scribbles/mg_squiggle_underline_025.svg. License derived from CC BY 4.0 link in repo's site UI; repo has no LICENSE file. Vector; animate with stroke-dashoffset/trim paths.,True,True,attribution_required; license_caveat,16451,98b7006097cfbc42075ba098be721550d1ff7dd84e639a3bc9e2f39b0a69b0b8,07_MOTION_GRAPHICS/brushes_scribbles/mg_squiggle_underline_025.svg; 07_MOTION_GRAPHICS/brushes_scribbles/mg_squiggle_underline_025_red.png; 07_MOTION_GRAPHICS/brushes_scribbles/mg_squiggle_underline_025_red.svg,09_PREVIEWS/thumbs/Af4d8979f.jpg,F,,,,
Ae6cdd150,07_MOTION_GRAPHICS/brushes_scribbles/mg_squiggle_underline_025.svg,07_MOTION_GRAPHICS,svg,,,"Thick loop-de-loop brush scribble PNG preview alongside (1024w, transparent).",GitHub: Eronred/handy-arrows,https://github.com/Eronred/handy-arrows/blob/main/static/underlines/underline_25.svg,https://raw.githubusercontent.com/Eronred/handy-arrows/main/static/underlines/underline_25.svg,DaryaKro (artwork); repo by Eronred,CC-BY-4.0,https://creativecommons.org/licenses/by/4.0/,True,"Hand-drawn art by DaryaKro, via github.com/Eronred/handy-arrows, CC BY 4.0",svg,640,182,,,True,loops; brush; scribble,letters becoming red loops,scatter-letters,high,False,False,downloaded,License derived from CC BY 4.0 link in repo's site UI; repo has no LICENSE file. Vector; animate with stroke-dashoffset/trim paths.,True,True,attribution_required; license_caveat,2059,974fc2e5b8f3dba3665b0ea2617f88e2b5ea7e94d86441f06f633a152f115679,07_MOTION_GRAPHICS/brushes_scribbles/mg_squiggle_underline_025.png; 07_MOTION_GRAPHICS/brushes_scribbles/mg_squiggle_underline_025_red.png; 07_MOTION_GRAPHICS/brushes_scribbles/mg_squiggle_underline_025_red.svg,09_PREVIEWS/thumbs/Ae6cdd150.jpg,F,,,,
Af8eda695,07_MOTION_GRAPHICS/brushes_scribbles/mg_squiggle_underline_025_red.png,07_MOTION_GRAPHICS,svg,,,"Thick loop-de-loop brush scribble Recolored to signal red #E0261B (derivative). PNG preview alongside (1024w, transparent).",GitHub: Eronred/handy-arrows,https://github.com/Eronred/handy-arrows/blob/main/static/underlines/underline_25.svg,https://raw.githubusercontent.com/Eronred/handy-arrows/main/static/underlines/underline_25.svg,DaryaKro (artwork); repo by Eronred,CC-BY-4.0,https://creativecommons.org/licenses/by/4.0/,True,"Hand-drawn art by DaryaKro, via github.com/Eronred/handy-arrows, CC BY 4.0",png,1024,292,,,True,loops; brush; scribble,letters becoming red loops,scatter-letters,high,False,False,downloaded,PNG render of 07_MOTION_GRAPHICS/brushes_scribbles/mg_squiggle_underline_025_red.svg. License derived from CC BY 4.0 link in repo's site UI; repo has no LICENSE file. Vector; animate with stroke-dashoffset/trim paths.,True,True,attribution_required; license_caveat,25039,048868d9999473963230a337079443c3e9f24bcdb8f1d231b37f572997f7b628,07_MOTION_GRAPHICS/brushes_scribbles/mg_squiggle_underline_025.png; 07_MOTION_GRAPHICS/brushes_scribbles/mg_squiggle_underline_025.svg; 07_MOTION_GRAPHICS/brushes_scribbles/mg_squiggle_underline_025_red.svg,09_PREVIEWS/thumbs/Af8eda695.jpg,F,,,,
Abd3c6fbb,07_MOTION_GRAPHICS/brushes_scribbles/mg_squiggle_underline_025_red.svg,07_MOTION_GRAPHICS,svg,,,"Thick loop-de-loop brush scribble Recolored to signal red #E0261B (derivative). PNG preview alongside (1024w, transparent).",GitHub: Eronred/handy-arrows,https://github.com/Eronred/handy-arrows/blob/main/static/underlines/underline_25.svg,https://raw.githubusercontent.com/Eronred/handy-arrows/main/static/underlines/underline_25.svg,DaryaKro (artwork); repo by Eronred,CC-BY-4.0,https://creativecommons.org/licenses/by/4.0/,True,"Hand-drawn art by DaryaKro, via github.com/Eronred/handy-arrows, CC BY 4.0",svg,640,182,,,True,loops; brush; scribble,letters becoming red loops,scatter-letters,high,False,False,downloaded,License derived from CC BY 4.0 link in repo's site UI; repo has no LICENSE file. Vector; animate with stroke-dashoffset/trim paths.,True,True,attribution_required; license_caveat,2061,15f1d9efd5f3584dcf51dfab22a908b6be98abb6de04db8e0fb2f991d3c183c8,07_MOTION_GRAPHICS/brushes_scribbles/mg_squiggle_underline_025.png; 07_MOTION_GRAPHICS/brushes_scribbles/mg_squiggle_underline_025.svg; 07_MOTION_GRAPHICS/brushes_scribbles/mg_squiggle_underline_025_red.png,09_PREVIEWS/thumbs/Abd3c6fbb.jpg,F,,,,
A4097170b,07_MOTION_GRAPHICS/brushes_scribbles/mg_swoosh_underline_004.png,07_MOTION_GRAPHICS,svg,,,"Thick brush squiggle ending in arrowhead PNG preview alongside (1024w, transparent).",GitHub: Eronred/handy-arrows,https://github.com/Eronred/handy-arrows/blob/main/static/underlines/underline_4.svg,https://raw.githubusercontent.com/Eronred/handy-arrows/main/static/underlines/underline_4.svg,DaryaKro (artwork); repo by Eronred,CC-BY-4.0,https://creativecommons.org/licenses/by/4.0/,True,"Hand-drawn art by DaryaKro, via github.com/Eronred/handy-arrows, CC BY 4.0",png,1024,251,,,True,brush; arrow; swoosh,wipe/underline stroke,ink-wipe,medium,False,False,downloaded,PNG render of 07_MOTION_GRAPHICS/brushes_scribbles/mg_swoosh_underline_004.svg. License derived from CC BY 4.0 link in repo's site UI; repo has no LICENSE file. Vector; animate with stroke-dashoffset/trim paths.,True,True,attribution_required; license_caveat,10824,8dbac65735124956584554527c97043bc8f6bee085931ff49a3f7432b55675ba,07_MOTION_GRAPHICS/brushes_scribbles/mg_swoosh_underline_004.svg,09_PREVIEWS/thumbs/A4097170b.jpg,F,,,,
Ad86361a0,07_MOTION_GRAPHICS/brushes_scribbles/mg_swoosh_underline_004.svg,07_MOTION_GRAPHICS,svg,,,"Thick brush squiggle ending in arrowhead PNG preview alongside (1024w, transparent).",GitHub: Eronred/handy-arrows,https://github.com/Eronred/handy-arrows/blob/main/static/underlines/underline_4.svg,https://raw.githubusercontent.com/Eronred/handy-arrows/main/static/underlines/underline_4.svg,DaryaKro (artwork); repo by Eronred,CC-BY-4.0,https://creativecommons.org/licenses/by/4.0/,True,"Hand-drawn art by DaryaKro, via github.com/Eronred/handy-arrows, CC BY 4.0",svg,640,157,,,True,brush; arrow; swoosh,wipe/underline stroke,ink-wipe,medium,False,False,downloaded,License derived from CC BY 4.0 link in repo's site UI; repo has no LICENSE file. Vector; animate with stroke-dashoffset/trim paths.,True,True,attribution_required; license_caveat,1594,dd96ac36de6964324eafc8ab463826bd99b47e757d92fc176dab2c43ec99318d,07_MOTION_GRAPHICS/brushes_scribbles/mg_swoosh_underline_004.png,09_PREVIEWS/thumbs/Ad86361a0.jpg,F,,,,
Ae3d6a9fa,07_MOTION_GRAPHICS/brushes_scribbles/mg_swoosh_underline_007.png,07_MOTION_GRAPHICS,svg,,,"Bold brush zigzag stroke PNG preview alongside (1024w, transparent).",GitHub: Eronred/handy-arrows,https://github.com/Eronred/handy-arrows/blob/main/static/underlines/underline_7.svg,https://raw.githubusercontent.com/Eronred/handy-arrows/main/static/underlines/underline_7.svg,DaryaKro (artwork); repo by Eronred,CC-BY-4.0,https://creativecommons.org/licenses/by/4.0/,True,"Hand-drawn art by DaryaKro, via github.com/Eronred/handy-arrows, CC BY 4.0",png,1024,288,,,True,brush; zigzag; stroke,ink brush wipe,ink-wipe,high,False,False,downloaded,PNG render of 07_MOTION_GRAPHICS/brushes_scribbles/mg_swoosh_underline_007.svg. License derived from CC BY 4.0 link in repo's site UI; repo has no LICENSE file. Vector; animate with stroke-dashoffset/trim paths.,True,True,attribution_required; license_caveat,11920,c69c42aacfd38935fc80f7ee0d7a4c13c5bcdb08830022954f49ba2b33cceba9,07_MOTION_GRAPHICS/brushes_scribbles/mg_swoosh_underline_007.svg,09_PREVIEWS/thumbs/Ae3d6a9fa.jpg,F,,,,
A1dd120a7,07_MOTION_GRAPHICS/brushes_scribbles/mg_swoosh_underline_007.svg,07_MOTION_GRAPHICS,svg,,,"Bold brush zigzag stroke PNG preview alongside (1024w, transparent).",GitHub: Eronred/handy-arrows,https://github.com/Eronred/handy-arrows/blob/main/static/underlines/underline_7.svg,https://raw.githubusercontent.com/Eronred/handy-arrows/main/static/underlines/underline_7.svg,DaryaKro (artwork); repo by Eronred,CC-BY-4.0,https://creativecommons.org/licenses/by/4.0/,True,"Hand-drawn art by DaryaKro, via github.com/Eronred/handy-arrows, CC BY 4.0",svg,640,180,,,True,brush; zigzag; stroke,ink brush wipe,ink-wipe,high,False,False,downloaded,License derived from CC BY 4.0 link in repo's site UI; repo has no LICENSE file. Vector; animate with stroke-dashoffset/trim paths.,True,True,attribution_required; license_caveat,1150,b9ec505463b22c9714b70616a0e51da11951049566494c3e0e47112cd13f86db,07_MOTION_GRAPHICS/brushes_scribbles/mg_swoosh_underline_007.png,09_PREVIEWS/thumbs/A1dd120a7.jpg,F,,,,
A015b3e37,07_MOTION_GRAPHICS/fonts/bricolage_grotesque/mg_font_bricolage_grotesque_opsz_wdth_wght.ttf,07_MOTION_GRAPHICS,font,,,"Bricolage Grotesque: Variable quirky grotesque with optical size, width and weight axes; characterful heavy headlines; OFL.txt in same folder",GitHub: google/fonts,https://github.com/google/fonts/tree/main/ofl/bricolagegrotesque,https://raw.githubusercontent.com/google/fonts/main/ofl/bricolagegrotesque/BricolageGrotesque%5Bopsz%2Cwdth%2Cwght%5D.ttf,Mathieu Triay (Bricolage Grotesque Project Authors),OFL-1.1,https://openfontlicense.org/,False,,ttf,,,,,,bricolage grotesque; sans; font; ttf,kinetic lowercase headline,scatter-letters,high,False,False,downloaded,Keep OFL.txt with font; fonts may not be sold standalone. Variable font axes where bracketed.,True,True,,408496,413e7357809ddd12fd80a96a8a396de0e401638d4acd3cb3e37532f0472ac682,,09_PREVIEWS/thumbs/A015b3e37.jpg,F,,,,
A915a1be9,07_MOTION_GRAPHICS/fonts/caveat/mg_font_caveat_wght.ttf,07_MOTION_GRAPHICS,font,,,"Caveat: Variable casual handwriting, weights 400-700; pen-note feel; OFL.txt in same folder",GitHub: google/fonts,https://github.com/google/fonts/tree/main/ofl/caveat,https://raw.githubusercontent.com/google/fonts/main/ofl/caveat/Caveat%5Bwght%5D.ttf,Impallari Type (Caveat Project Authors),OFL-1.1,https://openfontlicense.org/,False,,ttf,,,,,,caveat; hand; font; ttf,hand-written annotation,scatter-letters,high,False,False,downloaded,Keep OFL.txt with font; fonts may not be sold standalone. Variable font axes where bracketed.,True,True,,403648,0bdb6b660482d31531b3945849fba5916b3ef8695da7024a9e6b9ee3c4157988,,09_PREVIEWS/thumbs/A915a1be9.jpg,F,,,,
Ae3cdc98a,07_MOTION_GRAPHICS/fonts/ibm_plex_mono/mg_font_ibm_plex_mono_bold.ttf,07_MOTION_GRAPHICS,font,,,IBM Plex Mono: Clean typewriter-style monospace; OFL.txt in same folder,GitHub: google/fonts,https://github.com/google/fonts/tree/main/ofl/ibmplexmono,https://raw.githubusercontent.com/google/fonts/main/ofl/ibmplexmono/IBMPlexMono-Bold.ttf,IBM / Bold Monday (IBM Plex Mono Project Authors),OFL-1.1,https://openfontlicense.org/,False,,ttf,,,,,,ibm plex mono; mono; font; ttf,type-on with cursor,type-on,medium,False,False,downloaded,Keep OFL.txt with font; fonts may not be sold standalone. Variable font axes where bracketed.,True,True,,137784,ac27abd6450a64dd94467580a02fe6235156d5b92f2926ebbc8e7489df64e0be,,09_PREVIEWS/thumbs/Ae3cdc98a.jpg,F,,,,
A8b4079c6,07_MOTION_GRAPHICS/fonts/ibm_plex_mono/mg_font_ibm_plex_mono_regular.ttf,07_MOTION_GRAPHICS,font,,,IBM Plex Mono: Clean typewriter-style monospace; OFL.txt in same folder,GitHub: google/fonts,https://github.com/google/fonts/tree/main/ofl/ibmplexmono,https://raw.githubusercontent.com/google/fonts/main/ofl/ibmplexmono/IBMPlexMono-Regular.ttf,IBM / Bold Monday (IBM Plex Mono Project Authors),OFL-1.1,https://openfontlicense.org/,False,,ttf,,,,,,ibm plex mono; mono; font; ttf,type-on with cursor,type-on,medium,False,False,downloaded,Keep OFL.txt with font; fonts may not be sold standalone. Variable font axes where bracketed.,True,True,,135580,6a3412f058c7d8dfd9170c41e85ade48e5156ecb89356110ca57a0a27734af46,,09_PREVIEWS/thumbs/A8b4079c6.jpg,F,,,,
Aa4eaac8f,07_MOTION_GRAPHICS/fonts/instrument_sans/mg_font_instrument_sans_wdth_wght.ttf,07_MOTION_GRAPHICS,font,,,Instrument Sans: Variable clean grotesque with width/weight axes; OFL.txt in same folder,GitHub: google/fonts,https://github.com/google/fonts/tree/main/ofl/instrumentsans,https://raw.githubusercontent.com/google/fonts/main/ofl/instrumentsans/InstrumentSans%5Bwdth%2Cwght%5D.ttf,Instrument / Rodrigo Fuenzalida (Instrument Sans Project Authors),OFL-1.1,https://openfontlicense.org/,False,,ttf,,,,,,instrument sans; sans; font; ttf,kinetic lowercase headline,scatter-letters,medium,False,False,downloaded,Keep OFL.txt with font; fonts may not be sold standalone. Variable font axes where bracketed.,True,True,,194336,b24f1812584816958afcf22e22d08e44318c5e51651e25d2438efdde389b33b1,,09_PREVIEWS/thumbs/Aa4eaac8f.jpg,F,,,,
A9cd51438,07_MOTION_GRAPHICS/fonts/jersey_10/mg_font_jersey_10_regular.ttf,07_MOTION_GRAPHICS,font,,,Jersey 10: Tall condensed pixel sports-jersey display font; OFL.txt in same folder,GitHub: google/fonts,https://github.com/google/fonts/tree/main/ofl/jersey10,https://raw.githubusercontent.com/google/fonts/main/ofl/jersey10/Jersey10-Regular.ttf,Sarah Cadigan-Fried (Soft Type) (Jersey 10 Project Authors),OFL-1.1,https://openfontlicense.org/,False,,ttf,,,,,,jersey 10; pixel; font; ttf,retro pixel type,type-on,medium,False,False,downloaded,Keep OFL.txt with font; fonts may not be sold standalone. Variable font axes where bracketed.,True,True,,77732,db9cbd091617048a145d249daa2b815fe7083be6ab66ac26626e21a4e01c3e82,,09_PREVIEWS/thumbs/A9cd51438.jpg,F,,,,
Ad7c37396,07_MOTION_GRAPHICS/fonts/outfit/mg_font_outfit_wght.ttf,07_MOTION_GRAPHICS,font,,,"Outfit: Variable geometric sans, weights 100-900; Black weight gives heavy round lowercase; OFL.txt in same folder",GitHub: google/fonts,https://github.com/google/fonts/tree/main/ofl/outfit,https://raw.githubusercontent.com/google/fonts/main/ofl/outfit/Outfit%5Bwght%5D.ttf,Outfitio / Rodrigo Fuenzalida (Outfit Project Authors),OFL-1.1,https://openfontlicense.org/,False,,ttf,,,,,,outfit; sans; font; ttf,kinetic lowercase headline,scatter-letters,high,False,False,downloaded,Keep OFL.txt with font; fonts may not be sold standalone. Variable font axes where bracketed.,True,True,,110884,fc7287273e66929776e2ba54f144fe699080bec29f61bf649d70d871468aeade,,09_PREVIEWS/thumbs/Ad7c37396.jpg,F,,,,
A615d9d5a,07_MOTION_GRAPHICS/fonts/pixelify_sans/mg_font_pixelify_sans_wght.ttf,07_MOTION_GRAPHICS,font,,,"Pixelify Sans: Variable pixel font, weights 400-700, friendly rounded pixel look; OFL.txt in same folder",GitHub: google/fonts,https://github.com/google/fonts/tree/main/ofl/pixelifysans,https://raw.githubusercontent.com/google/fonts/main/ofl/pixelifysans/PixelifySans%5Bwght%5D.ttf,Stefie Justprince (Pixelify Sans Project Authors),OFL-1.1,https://openfontlicense.org/,False,,ttf,,,,,,pixelify sans; pixel; font; ttf,retro pixel type,type-on,high,False,False,downloaded,Keep OFL.txt with font; fonts may not be sold standalone. Variable font axes where bracketed.,True,True,,79160,9ba86cd010a4de309d263ceff8e8044092c9db7efda869620cb9ff1c4389e8a5,,09_PREVIEWS/thumbs/A615d9d5a.jpg,F,,,,
A93475b98,07_MOTION_GRAPHICS/fonts/plus_jakarta_sans/mg_font_plus_jakarta_sans_wght.ttf,07_MOTION_GRAPHICS,font,,,"Plus Jakarta Sans: Variable geometric sans, weights 200-800; ExtraBold is close to the reference heavy lowercase headline; OFL.txt in same folder",GitHub: google/fonts,https://github.com/google/fonts/tree/main/ofl/plusjakartasans,https://raw.githubusercontent.com/google/fonts/main/ofl/plusjakartasans/PlusJakartaSans%5Bwght%5D.ttf,Tokotype / Gumpita Rahayu (Plus Jakarta Sans Project Authors),OFL-1.1,https://openfontlicense.org/,False,,ttf,,,,,,plus jakarta sans; sans; font; ttf,kinetic lowercase headline,scatter-letters,high,False,False,downloaded,Keep OFL.txt with font; fonts may not be sold standalone. Variable font axes where bracketed.,True,True,,176288,89b3fb38aa0d275d7a731d0d817a4f1622b316b4d7fbdedcf02ee9099ff68bc8,,09_PREVIEWS/thumbs/A93475b98.jpg,F,,,,
Add99a381,07_MOTION_GRAPHICS/fonts/press_start_2p/mg_font_press_start_2p_regular.ttf,07_MOTION_GRAPHICS,font,,,Press Start 2P: Classic 8-bit arcade pixel font; OFL.txt in same folder,GitHub: google/fonts,https://github.com/google/fonts/tree/main/ofl/pressstart2p,https://raw.githubusercontent.com/google/fonts/main/ofl/pressstart2p/PressStart2P-Regular.ttf,CodeMan38 (Press Start 2P Project Authors),OFL-1.1,https://openfontlicense.org/,False,,ttf,,,,,,press start 2p; pixel; font; ttf,retro pixel type,type-on,high,False,False,downloaded,Keep OFL.txt with font; fonts may not be sold standalone. Variable font axes where bracketed.,True,True,,118204,034c77f1f05ec89421e4a63f0e3a4ca1ecf852cc6d2bf611f126f275728e017d,,09_PREVIEWS/thumbs/Add99a381.jpg,F,,,,
A97f4cb0f,07_MOTION_GRAPHICS/fonts/shadows_into_light/mg_font_shadows_into_light_regular.ttf,07_MOTION_GRAPHICS,font,,,Shadows Into Light: Thin marker-style handwriting; OFL.txt in same folder,GitHub: google/fonts,https://github.com/google/fonts/tree/main/ofl/shadowsintolight,https://raw.githubusercontent.com/google/fonts/main/ofl/shadowsintolight/ShadowsIntoLight.ttf,Kimberly Geswein (Shadows Into Light Project Authors),OFL-1.1,https://openfontlicense.org/,False,,ttf,,,,,,shadows into light; hand; font; ttf,hand-written annotation,scatter-letters,medium,False,False,downloaded,Keep OFL.txt with font; fonts may not be sold standalone. Variable font axes where bracketed.,True,True,,54304,1347863151acdc00fa281daaba1a3543dbce5870b55f9cf7479a15bb84007681,,09_PREVIEWS/thumbs/A97f4cb0f.jpg,F,,,,
A222e30f4,07_MOTION_GRAPHICS/fonts/silkscreen/mg_font_silkscreen_bold.ttf,07_MOTION_GRAPHICS,font,,,"Silkscreen: Small-caps pixel font, regular and bold; OFL.txt in same folder",GitHub: google/fonts,https://github.com/google/fonts/tree/main/ofl/silkscreen,https://raw.githubusercontent.com/google/fonts/main/ofl/silkscreen/Silkscreen-Bold.ttf,Jason Kottke (Silkscreen Project Authors),OFL-1.1,https://openfontlicense.org/,False,,ttf,,,,,,silkscreen; pixel; font; ttf,retro pixel type,type-on,high,False,False,downloaded,Keep OFL.txt with font; fonts may not be sold standalone. Variable font axes where bracketed.,True,True,,30632,768476aa712d4f5c3e18d3bce80f980a8bd3f72b7094d22ec5e768df3acfed61,,09_PREVIEWS/thumbs/A222e30f4.jpg,F,,,,
A96ce4961,07_MOTION_GRAPHICS/fonts/silkscreen/mg_font_silkscreen_regular.ttf,07_MOTION_GRAPHICS,font,,,"Silkscreen: Small-caps pixel font, regular and bold; OFL.txt in same folder",GitHub: google/fonts,https://github.com/google/fonts/tree/main/ofl/silkscreen,https://raw.githubusercontent.com/google/fonts/main/ofl/silkscreen/Silkscreen-Regular.ttf,Jason Kottke (Silkscreen Project Authors),OFL-1.1,https://openfontlicense.org/,False,,ttf,,,,,,silkscreen; pixel; font; ttf,retro pixel type,type-on,high,False,False,downloaded,Keep OFL.txt with font; fonts may not be sold standalone. Variable font axes where bracketed.,True,True,,32220,c845473330b94c2079ce9af01c51ac8ba2d99c24f4d14c039843bbb8e642ebd8,,09_PREVIEWS/thumbs/A96ce4961.jpg,F,,,,
Aca829033,07_MOTION_GRAPHICS/fonts/space_grotesk/mg_font_space_grotesk_wght.ttf,07_MOTION_GRAPHICS,font,,,"Space Grotesk: Variable quirky geometric grotesque, techy startup feel; OFL.txt in same folder",GitHub: google/fonts,https://github.com/google/fonts/tree/main/ofl/spacegrotesk,https://raw.githubusercontent.com/google/fonts/main/ofl/spacegrotesk/SpaceGrotesk%5Bwght%5D.ttf,Florian Karsten (Space Grotesk Project Authors),OFL-1.1,https://openfontlicense.org/,False,,ttf,,,,,,space grotesk; sans; font; ttf,kinetic lowercase headline,scatter-letters,medium,False,False,downloaded,Keep OFL.txt with font; fonts may not be sold standalone. Variable font axes where bracketed.,True,True,,136676,acad6de1fc93436f5c0f1f4137751ef04f1aea3063e7036535970ffcfbd79f72,,09_PREVIEWS/thumbs/Aca829033.jpg,F,,,,
A962c1259,07_MOTION_GRAPHICS/fonts/space_mono/mg_font_space_mono_bold.ttf,07_MOTION_GRAPHICS,font,,,Space Mono: Quirky geometric monospace for typewriter / type-on effects; OFL.txt in same folder,GitHub: google/fonts,https://github.com/google/fonts/tree/main/ofl/spacemono,https://raw.githubusercontent.com/google/fonts/main/ofl/spacemono/SpaceMono-Bold.ttf,Colophon Foundry (Space Mono Project Authors),OFL-1.1,https://openfontlicense.org/,False,,ttf,,,,,,space mono; mono; font; ttf,type-on with cursor,type-on,high,False,False,downloaded,Keep OFL.txt with font; fonts may not be sold standalone. Variable font axes where bracketed.,True,True,,98232,405e73d41afb7e5906efce206a326af5c956f38e255f35421c260e861e599c59,,09_PREVIEWS/thumbs/A962c1259.jpg,F,,,,
A62b84127,07_MOTION_GRAPHICS/fonts/space_mono/mg_font_space_mono_regular.ttf,07_MOTION_GRAPHICS,font,,,Space Mono: Quirky geometric monospace for typewriter / type-on effects; OFL.txt in same folder,GitHub: google/fonts,https://github.com/google/fonts/tree/main/ofl/spacemono,https://raw.githubusercontent.com/google/fonts/main/ofl/spacemono/SpaceMono-Regular.ttf,Colophon Foundry (Space Mono Project Authors),OFL-1.1,https://openfontlicense.org/,False,,ttf,,,,,,space mono; mono; font; ttf,type-on with cursor,type-on,high,False,False,downloaded,Keep OFL.txt with font; fonts may not be sold standalone. Variable font axes where bracketed.,True,True,,99356,95837e182baeeada83368f7748db28357f0a1b75c6b84ff7065b5edf933c8e18,,09_PREVIEWS/thumbs/A62b84127.jpg,F,,,,
Adced9d17,07_MOTION_GRAPHICS/fonts/syne/mg_font_syne_wght.ttf,07_MOTION_GRAPHICS,font,,,Syne: Variable art-gallery display sans; ExtraBold is wide and experimental; OFL.txt in same folder,GitHub: google/fonts,https://github.com/google/fonts/tree/main/ofl/syne,https://raw.githubusercontent.com/google/fonts/main/ofl/syne/Syne%5Bwght%5D.ttf,Bonjour Monde (Syne Project Authors),OFL-1.1,https://openfontlicense.org/,False,,ttf,,,,,,syne; sans; font; ttf,kinetic lowercase headline,scatter-letters,medium,False,False,downloaded,Keep OFL.txt with font; fonts may not be sold standalone. Variable font axes where bracketed.,True,True,,146980,ce5ac77142a65cab2248a1a2ebb740b1d4d9c20b52488877d3ff664d1356104a,,09_PREVIEWS/thumbs/Adced9d17.jpg,F,,,,
A37d43411,07_MOTION_GRAPHICS/fonts/vt323/mg_font_vt323_regular.ttf,07_MOTION_GRAPHICS,font,,,"VT323: Terminal/VT320 style monospace pixel font, ideal with a blinking block cursor; OFL.txt in same folder",GitHub: google/fonts,https://github.com/google/fonts/tree/main/ofl/vt323,https://raw.githubusercontent.com/google/fonts/main/ofl/vt323/VT323-Regular.ttf,Peter Hull (VT323 Project Authors),OFL-1.1,https://openfontlicense.org/,False,,ttf,,,,,,vt323; pixel; font; ttf,retro pixel type,type-on,high,False,False,downloaded,Keep OFL.txt with font; fonts may not be sold standalone. Variable font axes where bracketed.,True,True,,153116,cf4de751ada78ceac033dbe16a687742939995b77bc2a052ae17a4957958594d,,09_PREVIEWS/thumbs/A37d43411.jpg,F,,,,
A0074f33c,07_MOTION_GRAPHICS/lottie/lottie_android/mg_lottie_android_bullseye_001.json,07_MOTION_GRAPHICS,lottie,,,Bullseye target animation (sample Lottie JSON),GitHub: airbnb/lottie-android,https://github.com/airbnb/lottie-android/blob/master/sample/src/main/res/raw/bullseye.json,https://raw.githubusercontent.com/airbnb/lottie-android/master/sample/src/main/res/raw/bullseye.json,Airbnb / lottie-android contributors,Apache-2.0,https://github.com/airbnb/lottie-android/blob/master/LICENSE,True,Apache-2.0,json,667,667,4.0,,True,bullseye; target; rings; lottie,target pop,loop-bg,low,False,False,downloaded,Sample asset in lottie-android repo,True,True,attribution_required,11703,73d3c06f433cb588e0defde21d7cf4bd213c576f0cadcec5b47c05081bdf3d18,,09_PREVIEWS/thumbs/A0074f33c.jpg,F,,,,
A8a6cd22e,07_MOTION_GRAPHICS/lottie/lottie_android/mg_lottie_android_hamburger_arrow_001.json,07_MOTION_GRAPHICS,lottie,,,Hamburger-to-arrow icon morph (sample Lottie JSON),GitHub: airbnb/lottie-android,https://github.com/airbnb/lottie-android/blob/master/sample/src/main/assets/HamburgerArrow.json,https://raw.githubusercontent.com/airbnb/lottie-android/master/sample/src/main/assets/HamburgerArrow.json,Airbnb / lottie-android contributors,Apache-2.0,https://github.com/airbnb/lottie-android/blob/master/LICENSE,True,Apache-2.0,json,400,300,6.0,,True,hamburger; arrow; morph; icon; lottie,UI icon morph,loop-bg,low,False,False,downloaded,Sample asset in lottie-android repo,True,True,attribution_required,6209,49322690f37d82767c123b48b8a10e99ac32f6b2ae81d91abf380157444c4bb6,,09_PREVIEWS/thumbs/A8a6cd22e.jpg,F,,,,
Aa9d867fc,07_MOTION_GRAPHICS/lottie/lottie_android/mg_lottie_android_heart_001.json,07_MOTION_GRAPHICS,lottie,,,Animated heart (like) burst (sample Lottie JSON),GitHub: airbnb/lottie-android,https://github.com/airbnb/lottie-android/blob/master/sample-compose/src/main/res/raw/heart.json,https://raw.githubusercontent.com/airbnb/lottie-android/master/sample-compose/src/main/res/raw/heart.json,Airbnb / lottie-android contributors,Apache-2.0,https://github.com/airbnb/lottie-android/blob/master/LICENSE,True,Apache-2.0,json,50,50,1.93,,True,heart; love; like; burst; lottie,love heart pop,loop-bg,medium,False,False,downloaded,Sample asset in lottie-android repo,True,True,attribution_required,34816,2a44ae99830389561f3282f2b8c5a3e3060e3a630783ab88327c31a42cdfc123,,09_PREVIEWS/thumbs/Aa9d867fc.jpg,F,,,,
A4b31bc89,07_MOTION_GRAPHICS/lottie/lottie_android/mg_lottie_android_loading_001.json,07_MOTION_GRAPHICS,lottie,,,Loading animation (sample Lottie JSON),GitHub: airbnb/lottie-android,https://github.com/airbnb/lottie-android/blob/master/sample-compose/src/main/res/raw/loading.json,https://raw.githubusercontent.com/airbnb/lottie-android/master/sample-compose/src/main/res/raw/loading.json,Airbnb / lottie-android contributors,Apache-2.0,https://github.com/airbnb/lottie-android/blob/master/LICENSE,True,Apache-2.0,json,600,600,1.0,,True,loading; spinner; lottie,loading card,loop-bg,low,False,False,downloaded,Sample asset in lottie-android repo,True,True,attribution_required,35001,082299bfb6a1f1f34b43d0be2543c2cd7ee208cc396d7a2f44229dfa3e6ab181,,09_PREVIEWS/thumbs/A4b31bc89.jpg,F,,,,
Ac6f6c165,07_MOTION_GRAPHICS/lottie/lottie_android/mg_lottie_android_sun_moon_001.json,07_MOTION_GRAPHICS,lottie,,,Sun/moon toggle animation (sample Lottie JSON),GitHub: airbnb/lottie-android,https://github.com/airbnb/lottie-android/blob/master/sample-compose/src/main/res/raw/sun_moon.json,https://raw.githubusercontent.com/airbnb/lottie-android/master/sample-compose/src/main/res/raw/sun_moon.json,Airbnb / lottie-android contributors,Apache-2.0,https://github.com/airbnb/lottie-android/blob/master/LICENSE,True,Apache-2.0,json,528,500,3.28,,True,sun; moon; toggle; lottie,day-night swap,loop-bg,low,False,False,downloaded,Sample asset in lottie-android repo,True,True,attribution_required,6967,d3547802773b647f13aebd0443799d3db42ad8db21837e61dd3b6a2aa0a16cae,,09_PREVIEWS/thumbs/Ac6f6c165.jpg,F,,,,
Abfdcbe89,07_MOTION_GRAPHICS/lottie/lottie_web/mg_lottie_web_bodymovin_001.json,07_MOTION_GRAPHICS,lottie,,,"Animated 'bodymovin' text/font animation, wide 1820x275 (test animation, Lottie JSON)",GitHub: airbnb/lottie-web,https://github.com/airbnb/lottie-web/blob/master/test/animations/bodymovin.json,https://raw.githubusercontent.com/airbnb/lottie-web/master/test/animations/bodymovin.json,Bodymovin / airbnb lottie-web contributors,MIT,https://github.com/airbnb/lottie-web/blob/master/LICENSE.md,True,MIT (Bodymovin 2015),json,1820,275,3.43,,True,kinetic; type; text; bodymovin; font; lottie,kinetic type reference / lower-third,loop-bg,high,False,False,downloaded,From lottie-web test/animations; individual-file authorship not stated.,True,True,attribution_required,1102932,cc18ed3dbe96c632d1ad13cb8828b28ad0fea7bb95d2e8b194e91654724c9ea5,,09_PREVIEWS/thumbs/Abfdcbe89.jpg,F,,,,
Ab1827ac8,07_MOTION_GRAPHICS/lottie/lottie_web/mg_lottie_web_lights_001.json,07_MOTION_GRAPHICS,lottie,,,"Christmas-lights string animation (test animation, Lottie JSON)",GitHub: airbnb/lottie-web,https://github.com/airbnb/lottie-web/blob/master/test/animations/lights.json,https://raw.githubusercontent.com/airbnb/lottie-web/master/test/animations/lights.json,Bodymovin / airbnb lottie-web contributors,MIT,https://github.com/airbnb/lottie-web/blob/master/LICENSE.md,True,MIT (Bodymovin 2015),json,800,600,5.0,,True,lights; string; glow; lottie,glow loop (recolor),loop-bg,low,False,False,downloaded,From lottie-web test/animations; individual-file authorship not stated.,True,True,attribution_required,22043,6a4ac49f8b0b9d2a93bc6ecede15cc5a43088a5e6c5179ff4e7a614ba868dd5d,,09_PREVIEWS/thumbs/Ab1827ac8.jpg,F,,,,
Aad52987b,07_MOTION_GRAPHICS/lottie/lottie_web/mg_lottie_web_ripple_001.json,07_MOTION_GRAPHICS,lottie,,,"Ripple graph animation (test animation, Lottie JSON)",GitHub: airbnb/lottie-web,https://github.com/airbnb/lottie-web/blob/master/test/animations/ripple.json,https://raw.githubusercontent.com/airbnb/lottie-web/master/test/animations/ripple.json,Bodymovin / airbnb lottie-web contributors,MIT,https://github.com/airbnb/lottie-web/blob/master/LICENSE.md,True,MIT (Bodymovin 2015),json,800,600,6.02,,True,ripple; wave; rings; graph; lottie,ripple ring transition,loop-bg,medium,False,False,downloaded,From lottie-web test/animations; individual-file authorship not stated.,True,True,attribution_required,11458,9bae16bf6c26263b37d1330c2fbc49468a83753f6179818badcf4954ca8f11f0,,09_PREVIEWS/thumbs/Aad52987b.jpg,F,,,,
A3fd80543,07_MOTION_GRAPHICS/lottie/lottie_web/mg_lottie_web_starfish_001.json,07_MOTION_GRAPHICS,lottie,,,"Starfish shape animation (test animation, Lottie JSON)",GitHub: airbnb/lottie-web,https://github.com/airbnb/lottie-web/blob/master/test/animations/starfish.json,https://raw.githubusercontent.com/airbnb/lottie-web/master/test/animations/starfish.json,Bodymovin / airbnb lottie-web contributors,MIT,https://github.com/airbnb/lottie-web/blob/master/LICENSE.md,True,MIT (Bodymovin 2015),json,800,600,5.02,,True,starfish; shape; star; lottie,shape loop,loop-bg,medium,False,False,downloaded,From lottie-web test/animations; individual-file authorship not stated.,True,True,attribution_required,24780,8a87402d48c24b8f3045679505536c8ad4c5dfe26703adb92429a9a13765c3cd,,09_PREVIEWS/thumbs/A3fd80543.jpg,F,,,,
A818ad677,07_MOTION_GRAPHICS/lottie/lottiefiles/mg_lottie_bounce_strokes_001.json,07_MOTION_GRAPHICS,lottie,,,Bouncing stroke shapes loop (Lottie JSON),GitHub: airbnb/lottie-ios (files originally from lottiefiles.com),https://github.com/airbnb/lottie-ios/blob/master/Tests/Samples/LottieFiles/bounce_strokes.json,https://raw.githubusercontent.com/airbnb/lottie-ios/master/Tests/Samples/LottieFiles/bounce_strokes.json,Original LottieFiles creator (unnamed in repo),Lottie Simple License (FL 9.13.21),https://lottiefiles.com/page/license,False,Attribution not required; strongly encouraged. Redistribution must carry the same license (LOTTIEFILES_SIMPLE_LICENSE.md in folder).,json,800,800,3.0,,True,bounce; stroke; shapes; loop; lottie,shape loop bg,loop-bg,medium,False,False,downloaded,Retrieved by lottie-ios from lottiefiles.com under Lottie Simple License; individual creator not recorded.,True,True,,5191,0071f7975b5c1fcfb6a04990ffd7d17449a716324052e6ac7c16c8ed9b26957b,,09_PREVIEWS/thumbs/A818ad677.jpg,F,,,,
A12b970f9,07_MOTION_GRAPHICS/lottie/lottiefiles/mg_lottie_cactus_001.json,07_MOTION_GRAPHICS,lottie,,,Cute cactus character animation (Lottie JSON),GitHub: airbnb/lottie-ios (files originally from lottiefiles.com),https://github.com/airbnb/lottie-ios/blob/master/Tests/Samples/LottieFiles/cactus.json,https://raw.githubusercontent.com/airbnb/lottie-ios/master/Tests/Samples/LottieFiles/cactus.json,Original LottieFiles creator (unnamed in repo),Lottie Simple License (FL 9.13.21),https://lottiefiles.com/page/license,False,Attribution not required; strongly encouraged. Redistribution must carry the same license (LOTTIEFILES_SIMPLE_LICENSE.md in folder).,json,89,111,30.0,,True,cactus; plant; character; lottie,cute object floating,object-ring,medium,False,False,downloaded,Retrieved by lottie-ios from lottiefiles.com under Lottie Simple License; individual creator not recorded.,True,True,,29053,ebcf52c4ce325e606e0c8c85a9e2c0174615c6432da61e6a672bdd31ddaa4e33,,09_PREVIEWS/thumbs/A12b970f9.jpg,F,,,,
A8634bc98,07_MOTION_GRAPHICS/lottie/lottiefiles/mg_lottie_fireworks_001.json,07_MOTION_GRAPHICS,lottie,,,Fireworks burst animation (Lottie JSON),GitHub: airbnb/lottie-ios (files originally from lottiefiles.com),https://github.com/airbnb/lottie-ios/blob/master/Tests/Samples/LottieFiles/fireworks.json,https://raw.githubusercontent.com/airbnb/lottie-ios/master/Tests/Samples/LottieFiles/fireworks.json,Original LottieFiles creator (unnamed in repo),Lottie Simple License (FL 9.13.21),https://lottiefiles.com/page/license,False,Attribution not required; strongly encouraged. Redistribution must carry the same license (LOTTIEFILES_SIMPLE_LICENSE.md in folder).,json,720,1280,5.0,,True,fireworks; burst; celebration; lottie,celebration burst,star-flare,medium,False,False,downloaded,Retrieved by lottie-ios from lottiefiles.com under Lottie Simple License; individual creator not recorded.,True,True,,9299,fda965c402f74cb209d6aa5b0bf120d3c0ded42ffa0bb5bfbea317d126b694da,,09_PREVIEWS/thumbs/A8634bc98.jpg,F,,,,
A9446f0f9,07_MOTION_GRAPHICS/lottie/lottiefiles/mg_lottie_gradient_shapes_001.json,07_MOTION_GRAPHICS,lottie,,,Gradient-filled morphing shapes (Lottie JSON),GitHub: airbnb/lottie-ios (files originally from lottiefiles.com),https://github.com/airbnb/lottie-ios/blob/master/Tests/Samples/LottieFiles/gradient_shapes.json,https://raw.githubusercontent.com/airbnb/lottie-ios/master/Tests/Samples/LottieFiles/gradient_shapes.json,Original LottieFiles creator (unnamed in repo),Lottie Simple License (FL 9.13.21),https://lottiefiles.com/page/license,False,Attribution not required; strongly encouraged. Redistribution must carry the same license (LOTTIEFILES_SIMPLE_LICENSE.md in folder).,json,1920,1080,24.02,,True,gradient; shapes; abstract; lottie,animated gradient bg shapes,loop-bg,medium,False,False,downloaded,Retrieved by lottie-ios from lottiefiles.com under Lottie Simple License; individual creator not recorded.,True,True,,35056,6e9621ce72cfaa93da4e823f9cfa1e09990d8fe5361e8a685cec882bbe44361a,,09_PREVIEWS/thumbs/A9446f0f9.jpg,F,,,,
A7efed67d,07_MOTION_GRAPHICS/lottie/lottiefiles/mg_lottie_infinity_loader_001.json,07_MOTION_GRAPHICS,lottie,,,Infinity-loop loader (Lottie JSON),GitHub: airbnb/lottie-ios (files originally from lottiefiles.com),https://github.com/airbnb/lottie-ios/blob/master/Tests/Samples/LottieFiles/infinity_loader.json,https://raw.githubusercontent.com/airbnb/lottie-ios/master/Tests/Samples/LottieFiles/infinity_loader.json,Original LottieFiles creator (unnamed in repo),Lottie Simple License (FL 9.13.21),https://lottiefiles.com/page/license,False,Attribution not required; strongly encouraged. Redistribution must carry the same license (LOTTIEFILES_SIMPLE_LICENSE.md in folder).,json,600,600,1.67,,True,infinity; loader; loop; lottie,loading spinner,loop-bg,medium,False,False,downloaded,Retrieved by lottie-ios from lottiefiles.com under Lottie Simple License; individual creator not recorded.,True,True,,13108,c1d87f28017a30df0748e481161081a5b06d7694bb6dfcdf65297ab6a2aab642,,09_PREVIEWS/thumbs/A7efed67d.jpg,F,,,,
A4f75dcaf,07_MOTION_GRAPHICS/lottie/lottiefiles/mg_lottie_loading_dots_1_001.json,07_MOTION_GRAPHICS,lottie,,,Three loading dots variant 1 (Lottie JSON),GitHub: airbnb/lottie-ios (files originally from lottiefiles.com),https://github.com/airbnb/lottie-ios/blob/master/Tests/Samples/LottieFiles/loading_dots_1.json,https://raw.githubusercontent.com/airbnb/lottie-ios/master/Tests/Samples/LottieFiles/loading_dots_1.json,Original LottieFiles creator (unnamed in repo),Lottie Simple License (FL 9.13.21),https://lottiefiles.com/page/license,False,Attribution not required; strongly encouraged. Redistribution must carry the same license (LOTTIEFILES_SIMPLE_LICENSE.md in folder).,json,1920,1080,1.35,,True,loading; dots; lottie,typing indicator,type-on,medium,False,False,downloaded,Retrieved by lottie-ios from lottiefiles.com under Lottie Simple License; individual creator not recorded.,True,True,,6296,4829c3f86ac4daecaf749d88086e8c103cfd0ed06fc959600f6c22605b02bd68,,09_PREVIEWS/thumbs/A4f75dcaf.jpg,F,,,,
A606815cb,07_MOTION_GRAPHICS/lottie/lottiefiles/mg_lottie_loading_dots_2_001.json,07_MOTION_GRAPHICS,lottie,,,Three loading dots variant 2 (Lottie JSON),GitHub: airbnb/lottie-ios (files originally from lottiefiles.com),https://github.com/airbnb/lottie-ios/blob/master/Tests/Samples/LottieFiles/loading_dots_2.json,https://raw.githubusercontent.com/airbnb/lottie-ios/master/Tests/Samples/LottieFiles/loading_dots_2.json,Original LottieFiles creator (unnamed in repo),Lottie Simple License (FL 9.13.21),https://lottiefiles.com/page/license,False,Attribution not required; strongly encouraged. Redistribution must carry the same license (LOTTIEFILES_SIMPLE_LICENSE.md in folder).,json,800,600,1.12,,True,loading; dots; lottie,typing indicator,type-on,medium,False,False,downloaded,Retrieved by lottie-ios from lottiefiles.com under Lottie Simple License; individual creator not recorded.,True,True,,4032,3a19f9910e77d06f471c3300041323786f0777906fccf35f130a29b1c39f1606,,09_PREVIEWS/thumbs/A606815cb.jpg,F,,,,
Afd4226d5,07_MOTION_GRAPHICS/lottie/lottiefiles/mg_lottie_loading_dots_3_001.json,07_MOTION_GRAPHICS,lottie,,,Loading dots variant 3 (Lottie JSON),GitHub: airbnb/lottie-ios (files originally from lottiefiles.com),https://github.com/airbnb/lottie-ios/blob/master/Tests/Samples/LottieFiles/loading_dots_3.json,https://raw.githubusercontent.com/airbnb/lottie-ios/master/Tests/Samples/LottieFiles/loading_dots_3.json,Original LottieFiles creator (unnamed in repo),Lottie Simple License (FL 9.13.21),https://lottiefiles.com/page/license,False,Attribution not required; strongly encouraged. Redistribution must carry the same license (LOTTIEFILES_SIMPLE_LICENSE.md in folder).,json,300,300,1.08,,True,loading; dots; lottie,typing indicator,type-on,medium,False,False,downloaded,Retrieved by lottie-ios from lottiefiles.com under Lottie Simple License; individual creator not recorded.,True,True,,3735,00aed74cb0a551d7e240c256e6608d29180651535fa438bf2121d3896828a2be,,09_PREVIEWS/thumbs/Afd4226d5.jpg,F,,,,
A30bf523e,07_MOTION_GRAPHICS/lottie/lottiefiles/mg_lottie_loading_gradient_strokes_001.json,07_MOTION_GRAPHICS,lottie,,,Gradient stroke loader (Lottie JSON),GitHub: airbnb/lottie-ios (files originally from lottiefiles.com),https://github.com/airbnb/lottie-ios/blob/master/Tests/Samples/LottieFiles/loading_gradient_strokes.json,https://raw.githubusercontent.com/airbnb/lottie-ios/master/Tests/Samples/LottieFiles/loading_gradient_strokes.json,Original LottieFiles creator (unnamed in repo),Lottie Simple License (FL 9.13.21),https://lottiefiles.com/page/license,False,Attribution not required; strongly encouraged. Redistribution must carry the same license (LOTTIEFILES_SIMPLE_LICENSE.md in folder).,json,200,200,1.37,,True,loader; gradient; stroke; lottie,loading ring,loop-bg,low,False,False,downloaded,Retrieved by lottie-ios from lottiefiles.com under Lottie Simple License; individual creator not recorded.,True,True,,7502,9d4db8fecfc8eff46a6509c81a07c48d954335c7f1ca8ab1a6be11eecbd1f085,,09_PREVIEWS/thumbs/A30bf523e.jpg,F,,,,
A99594352,07_MOTION_GRAPHICS/lottie/lottiefiles/mg_lottie_step_loader_001.json,07_MOTION_GRAPHICS,lottie,,,Step-by-step loader bar (Lottie JSON),GitHub: airbnb/lottie-ios (files originally from lottiefiles.com),https://github.com/airbnb/lottie-ios/blob/master/Tests/Samples/LottieFiles/step_loader.json,https://raw.githubusercontent.com/airbnb/lottie-ios/master/Tests/Samples/LottieFiles/step_loader.json,Original LottieFiles creator (unnamed in repo),Lottie Simple License (FL 9.13.21),https://lottiefiles.com/page/license,False,Attribution not required; strongly encouraged. Redistribution must carry the same license (LOTTIEFILES_SIMPLE_LICENSE.md in folder).,json,500,260,7.0,,True,loader; steps; progress; lottie,progress step,retro-window,low,False,False,downloaded,Retrieved by lottie-ios from lottiefiles.com under Lottie Simple License; individual creator not recorded.,True,True,,13299,b4fadbe5eb6b338cf795180b34b2ff79b7db0ef726b3d91db845c528c20a42da,,09_PREVIEWS/thumbs/A99594352.jpg,F,,,,
Acd3223fa,07_MOTION_GRAPHICS/lottie/typeface/mg_lottie_typeface_blinking_cursor_000.json,07_MOTION_GRAPHICS,lottie,,,"Lottie blinking text cursor (80x100, 25fps) from the TypeFace test set; loops",GitHub: airbnb/lottie-ios,https://github.com/airbnb/lottie-ios/blob/master/Tests/Samples/TypeFace/BlinkingCursor.json,https://raw.githubusercontent.com/airbnb/lottie-ios/master/Tests/Samples/TypeFace/BlinkingCursor.json,Airbnb / lottie-ios contributors,Apache-2.0,https://github.com/airbnb/lottie-ios/blob/master/LICENSE,True,Apache-2.0 (lottie-ios); keep license notice,json,80,100,0.84,,True,cursor; blinking; type-on; typewriter; lottie,blinking cursor after type-on text; loop beside typed question,type-on; loop-bg,high,False,False,downloaded,Provenance of the individual file within repo not stated; repo is Apache-2.0,True,True,attribution_required,1198,b98429b41824db1b53e0a2764d6265f70b6bc358eb06fba19290ff03d18561d2,,09_PREVIEWS/thumbs/Acd3223fa.jpg,F,,,,
A4663d05b,07_MOTION_GRAPHICS/lottie/typeface/mg_lottie_typeface_letter_a_001.json,07_MOTION_GRAPHICS,lottie,,,"Animated glyph 'A' (80x100, 25fps) from lottie-ios TypeFace test set; animated-in letter, part of a full A-Z set",GitHub: airbnb/lottie-ios,https://github.com/airbnb/lottie-ios/blob/master/Tests/Samples/TypeFace/A.json,https://raw.githubusercontent.com/airbnb/lottie-ios/master/Tests/Samples/TypeFace/A.json,Airbnb / lottie-ios contributors,Apache-2.0,https://github.com/airbnb/lottie-ios/blob/master/LICENSE,True,Apache-2.0 (lottie-ios); keep license notice,json,80,100,1.04,,True,letter; a; kinetic type; glyph; lottie; alphabet,scatter-letters / tumbling letters; assemble words letter by letter,scatter-letters; type-on,medium,False,False,downloaded,Part of a 30-file alphabet set; provenance within repo not stated,True,True,attribution_required,23035,5ec03eb01732ae6ebc89555da06384ef5840ad3a7c2919124126fc005fa22505,,09_PREVIEWS/thumbs/A4663d05b.jpg,F,,,,
Ade275bfc,07_MOTION_GRAPHICS/lottie/typeface/mg_lottie_typeface_letter_b_001.json,07_MOTION_GRAPHICS,lottie,,,"Animated glyph 'B' (80x100, 25fps) from lottie-ios TypeFace test set; animated-in letter, part of a full A-Z set",GitHub: airbnb/lottie-ios,https://github.com/airbnb/lottie-ios/blob/master/Tests/Samples/TypeFace/B.json,https://raw.githubusercontent.com/airbnb/lottie-ios/master/Tests/Samples/TypeFace/B.json,Airbnb / lottie-ios contributors,Apache-2.0,https://github.com/airbnb/lottie-ios/blob/master/LICENSE,True,Apache-2.0 (lottie-ios); keep license notice,json,80,100,1.48,,True,letter; b; kinetic type; glyph; lottie; alphabet,scatter-letters / tumbling letters; assemble words letter by letter,scatter-letters; type-on,medium,False,False,downloaded,Part of a 30-file alphabet set; provenance within repo not stated,True,True,attribution_required,338819,73c3002cb74adff2a9744571f03ab8338a07f41500b5271d46a8f6168798588d,,09_PREVIEWS/thumbs/Ade275bfc.jpg,F,,,,
A51f16201,07_MOTION_GRAPHICS/lottie/typeface/mg_lottie_typeface_letter_c_001.json,07_MOTION_GRAPHICS,lottie,,,"Animated glyph 'C' (80x100, 25fps) from lottie-ios TypeFace test set; animated-in letter, part of a full A-Z set",GitHub: airbnb/lottie-ios,https://github.com/airbnb/lottie-ios/blob/master/Tests/Samples/TypeFace/C.json,https://raw.githubusercontent.com/airbnb/lottie-ios/master/Tests/Samples/TypeFace/C.json,Airbnb / lottie-ios contributors,Apache-2.0,https://github.com/airbnb/lottie-ios/blob/master/LICENSE,True,Apache-2.0 (lottie-ios); keep license notice,json,80,100,1.28,,True,letter; c; kinetic type; glyph; lottie; alphabet,scatter-letters / tumbling letters; assemble words letter by letter,scatter-letters; type-on,medium,False,False,downloaded,Part of a 30-file alphabet set; provenance within repo not stated,True,True,attribution_required,44354,d9bf93c7f62fca5ebc9256b2c072bdc9fea6ced782db5b82d30fed6465a70090,,09_PREVIEWS/thumbs/A51f16201.jpg,F,,,,
A44790a5f,07_MOTION_GRAPHICS/lottie/typeface/mg_lottie_typeface_letter_d_001.json,07_MOTION_GRAPHICS,lottie,,,"Animated glyph 'D' (80x100, 25fps) from lottie-ios TypeFace test set; animated-in letter, part of a full A-Z set",GitHub: airbnb/lottie-ios,https://github.com/airbnb/lottie-ios/blob/master/Tests/Samples/TypeFace/D.json,https://raw.githubusercontent.com/airbnb/lottie-ios/master/Tests/Samples/TypeFace/D.json,Airbnb / lottie-ios contributors,Apache-2.0,https://github.com/airbnb/lottie-ios/blob/master/LICENSE,True,Apache-2.0 (lottie-ios); keep license notice,json,80,100,1.16,,True,letter; d; kinetic type; glyph; lottie; alphabet,scatter-letters / tumbling letters; assemble words letter by letter,scatter-letters; type-on,medium,False,False,downloaded,Part of a 30-file alphabet set; provenance within repo not stated,True,True,attribution_required,52533,9f6cacab4e6c160cb867b148766d2e3a5d774ee50b65a1cc858534e473171bb0,,09_PREVIEWS/thumbs/A44790a5f.jpg,F,,,,
A29679916,07_MOTION_GRAPHICS/lottie/typeface/mg_lottie_typeface_letter_e_001.json,07_MOTION_GRAPHICS,lottie,,,"Animated glyph 'E' (80x100, 25fps) from lottie-ios TypeFace test set; animated-in letter, part of a full A-Z set",GitHub: airbnb/lottie-ios,https://github.com/airbnb/lottie-ios/blob/master/Tests/Samples/TypeFace/E.json,https://raw.githubusercontent.com/airbnb/lottie-ios/master/Tests/Samples/TypeFace/E.json,Airbnb / lottie-ios contributors,Apache-2.0,https://github.com/airbnb/lottie-ios/blob/master/LICENSE,True,Apache-2.0 (lottie-ios); keep license notice,json,80,100,1.04,,True,letter; e; kinetic type; glyph; lottie; alphabet,scatter-letters / tumbling letters; assemble words letter by letter,scatter-letters; type-on,medium,False,False,downloaded,Part of a 30-file alphabet set; provenance within repo not stated,True,True,attribution_required,31782,3f8481289dc4d5192f15a759011ef6d4622449e42bd0223e259dfb1744c03692,,09_PREVIEWS/thumbs/A29679916.jpg,F,,,,
A6a8ccf06,07_MOTION_GRAPHICS/lottie/typeface/mg_lottie_typeface_letter_f_001.json,07_MOTION_GRAPHICS,lottie,,,"Animated glyph 'F' (80x100, 25fps) from lottie-ios TypeFace test set; animated-in letter, part of a full A-Z set",GitHub: airbnb/lottie-ios,https://github.com/airbnb/lottie-ios/blob/master/Tests/Samples/TypeFace/F.json,https://raw.githubusercontent.com/airbnb/lottie-ios/master/Tests/Samples/TypeFace/F.json,Airbnb / lottie-ios contributors,Apache-2.0,https://github.com/airbnb/lottie-ios/blob/master/LICENSE,True,Apache-2.0 (lottie-ios); keep license notice,json,80,100,1.08,,True,letter; f; kinetic type; glyph; lottie; alphabet,scatter-letters / tumbling letters; assemble words letter by letter,scatter-letters; type-on,medium,False,False,downloaded,Part of a 30-file alphabet set; provenance within repo not stated,True,True,attribution_required,46507,983c94aadbc79db0b77d5f26b12f8ec3936112c47e3e66bb27675543534db9f6,,09_PREVIEWS/thumbs/A6a8ccf06.jpg,F,,,,
A4d1dcceb,07_MOTION_GRAPHICS/lottie/typeface/mg_lottie_typeface_letter_g_001.json,07_MOTION_GRAPHICS,lottie,,,"Animated glyph 'G' (80x100, 25fps) from lottie-ios TypeFace test set; animated-in letter, part of a full A-Z set",GitHub: airbnb/lottie-ios,https://github.com/airbnb/lottie-ios/blob/master/Tests/Samples/TypeFace/G.json,https://raw.githubusercontent.com/airbnb/lottie-ios/master/Tests/Samples/TypeFace/G.json,Airbnb / lottie-ios contributors,Apache-2.0,https://github.com/airbnb/lottie-ios/blob/master/LICENSE,True,Apache-2.0 (lottie-ios); keep license notice,json,80,100,1.32,,True,letter; g; kinetic type; glyph; lottie; alphabet,scatter-letters / tumbling letters; assemble words letter by letter,scatter-letters; type-on,medium,False,False,downloaded,Part of a 30-file alphabet set; provenance within repo not stated,True,True,attribution_required,37505,00b9dff681663bce58cf083c405eaad12dab4ec794d010090ec00c80cb94363d,,09_PREVIEWS/thumbs/A4d1dcceb.jpg,F,,,,
Add073276,07_MOTION_GRAPHICS/lottie/typeface/mg_lottie_typeface_letter_h_001.json,07_MOTION_GRAPHICS,lottie,,,"Animated glyph 'H' (80x100, 25fps) from lottie-ios TypeFace test set; animated-in letter, part of a full A-Z set",GitHub: airbnb/lottie-ios,https://github.com/airbnb/lottie-ios/blob/master/Tests/Samples/TypeFace/H.json,https://raw.githubusercontent.com/airbnb/lottie-ios/master/Tests/Samples/TypeFace/H.json,Airbnb / lottie-ios contributors,Apache-2.0,https://github.com/airbnb/lottie-ios/blob/master/LICENSE,True,Apache-2.0 (lottie-ios); keep license notice,json,80,100,1.28,,True,letter; h; kinetic type; glyph; lottie; alphabet,scatter-letters / tumbling letters; assemble words letter by letter,scatter-letters; type-on,medium,False,False,downloaded,Part of a 30-file alphabet set; provenance within repo not stated,True,True,attribution_required,40510,021053437a583a87ab636dbc05a019d90f1a0a07d733ec71ce31bb2c55aa6f87,,09_PREVIEWS/thumbs/Add073276.jpg,F,,,,
Ab8d50cb0,07_MOTION_GRAPHICS/lottie/typeface/mg_lottie_typeface_letter_i_001.json,07_MOTION_GRAPHICS,lottie,,,"Animated glyph 'I' (80x100, 25fps) from lottie-ios TypeFace test set; animated-in letter, part of a full A-Z set",GitHub: airbnb/lottie-ios,https://github.com/airbnb/lottie-ios/blob/master/Tests/Samples/TypeFace/I.json,https://raw.githubusercontent.com/airbnb/lottie-ios/master/Tests/Samples/TypeFace/I.json,Airbnb / lottie-ios contributors,Apache-2.0,https://github.com/airbnb/lottie-ios/blob/master/LICENSE,True,Apache-2.0 (lottie-ios); keep license notice,json,80,100,1.6,,True,letter; i; kinetic type; glyph; lottie; alphabet,scatter-letters / tumbling letters; assemble words letter by letter,scatter-letters; type-on,medium,False,False,downloaded,Part of a 30-file alphabet set; provenance within repo not stated,True,True,attribution_required,47709,c7063078f80d24fc5d8b27743b9bda037aa8052d89803bbb3b429d247c928263,,09_PREVIEWS/thumbs/Ab8d50cb0.jpg,F,,,,
Aee319364,07_MOTION_GRAPHICS/lottie/typeface/mg_lottie_typeface_letter_j_001.json,07_MOTION_GRAPHICS,lottie,,,"Animated glyph 'J' (80x100, 25fps) from lottie-ios TypeFace test set; animated-in letter, part of a full A-Z set",GitHub: airbnb/lottie-ios,https://github.com/airbnb/lottie-ios/blob/master/Tests/Samples/TypeFace/J.json,https://raw.githubusercontent.com/airbnb/lottie-ios/master/Tests/Samples/TypeFace/J.json,Airbnb / lottie-ios contributors,Apache-2.0,https://github.com/airbnb/lottie-ios/blob/master/LICENSE,True,Apache-2.0 (lottie-ios); keep license notice,json,80,100,1.16,,True,letter; j; kinetic type; glyph; lottie; alphabet,scatter-letters / tumbling letters; assemble words letter by letter,scatter-letters; type-on,medium,False,False,downloaded,Part of a 30-file alphabet set; provenance within repo not stated,True,True,attribution_required,66177,80ad00f3aa133ce31d7e839def7e40284a1b8492e875ea452cd1cd5666797503,,09_PREVIEWS/thumbs/Aee319364.jpg,F,,,,
A8cbe1e32,07_MOTION_GRAPHICS/lottie/typeface/mg_lottie_typeface_letter_k_001.json,07_MOTION_GRAPHICS,lottie,,,"Animated glyph 'K' (80x100, 25fps) from lottie-ios TypeFace test set; animated-in letter, part of a full A-Z set",GitHub: airbnb/lottie-ios,https://github.com/airbnb/lottie-ios/blob/master/Tests/Samples/TypeFace/K.json,https://raw.githubusercontent.com/airbnb/lottie-ios/master/Tests/Samples/TypeFace/K.json,Airbnb / lottie-ios contributors,Apache-2.0,https://github.com/airbnb/lottie-ios/blob/master/LICENSE,True,Apache-2.0 (lottie-ios); keep license notice,json,80,100,1.4,,True,letter; k; kinetic type; glyph; lottie; alphabet,scatter-letters / tumbling letters; assemble words letter by letter,scatter-letters; type-on,medium,False,False,downloaded,Part of a 30-file alphabet set; provenance within repo not stated,True,True,attribution_required,270686,57d85f8aa90028e3cb14ddfa374f25041616c8c27958554e0b01fa39851622d1,,09_PREVIEWS/thumbs/A8cbe1e32.jpg,F,,,,
Aecb61cd7,07_MOTION_GRAPHICS/lottie/typeface/mg_lottie_typeface_letter_l_001.json,07_MOTION_GRAPHICS,lottie,,,"Animated glyph 'L' (80x100, 25fps) from lottie-ios TypeFace test set; animated-in letter, part of a full A-Z set",GitHub: airbnb/lottie-ios,https://github.com/airbnb/lottie-ios/blob/master/Tests/Samples/TypeFace/L.json,https://raw.githubusercontent.com/airbnb/lottie-ios/master/Tests/Samples/TypeFace/L.json,Airbnb / lottie-ios contributors,Apache-2.0,https://github.com/airbnb/lottie-ios/blob/master/LICENSE,True,Apache-2.0 (lottie-ios); keep license notice,json,80,100,1.48,,True,letter; l; kinetic type; glyph; lottie; alphabet,scatter-letters / tumbling letters; assemble words letter by letter,scatter-letters; type-on,medium,False,False,downloaded,Part of a 30-file alphabet set; provenance within repo not stated,True,True,attribution_required,57075,f697a2096a21eb36f882e0888f6af1efd1e4b13f5ab3afc6fd2982af941ec79c,,09_PREVIEWS/thumbs/Aecb61cd7.jpg,F,,,,
Aa32e8d82,07_MOTION_GRAPHICS/lottie/typeface/mg_lottie_typeface_letter_m_001.json,07_MOTION_GRAPHICS,lottie,,,"Animated glyph 'M' (80x100, 25fps) from lottie-ios TypeFace test set; animated-in letter, part of a full A-Z set",GitHub: airbnb/lottie-ios,https://github.com/airbnb/lottie-ios/blob/master/Tests/Samples/TypeFace/M.json,https://raw.githubusercontent.com/airbnb/lottie-ios/master/Tests/Samples/TypeFace/M.json,Airbnb / lottie-ios contributors,Apache-2.0,https://github.com/airbnb/lottie-ios/blob/master/LICENSE,True,Apache-2.0 (lottie-ios); keep license notice,json,80,100,1.72,,True,letter; m; kinetic type; glyph; lottie; alphabet,scatter-letters / tumbling letters; assemble words letter by letter,scatter-letters; type-on,medium,False,False,downloaded,Part of a 30-file alphabet set; provenance within repo not stated,True,True,attribution_required,123159,27e5b2c4b7dd232981f948901015ceb35c8e805d7e2a1c57384aea4bf0570548,,09_PREVIEWS/thumbs/Aa32e8d82.jpg,F,,,,
A7165738c,07_MOTION_GRAPHICS/lottie/typeface/mg_lottie_typeface_letter_n_001.json,07_MOTION_GRAPHICS,lottie,,,"Animated glyph 'N' (80x100, 25fps) from lottie-ios TypeFace test set; animated-in letter, part of a full A-Z set",GitHub: airbnb/lottie-ios,https://github.com/airbnb/lottie-ios/blob/master/Tests/Samples/TypeFace/N.json,https://raw.githubusercontent.com/airbnb/lottie-ios/master/Tests/Samples/TypeFace/N.json,Airbnb / lottie-ios contributors,Apache-2.0,https://github.com/airbnb/lottie-ios/blob/master/LICENSE,True,Apache-2.0 (lottie-ios); keep license notice,json,80,100,1.28,,True,letter; n; kinetic type; glyph; lottie; alphabet,scatter-letters / tumbling letters; assemble words letter by letter,scatter-letters; type-on,medium,False,False,downloaded,Part of a 30-file alphabet set; provenance within repo not stated,True,True,attribution_required,80982,c4b2738c13de46fa89bb7fe590420ecd0886ea3eade6d07ad7223dce43cb40d9,,09_PREVIEWS/thumbs/A7165738c.jpg,F,,,,
A23637264,07_MOTION_GRAPHICS/lottie/typeface/mg_lottie_typeface_letter_o_001.json,07_MOTION_GRAPHICS,lottie,,,"Animated glyph 'O' (80x100, 25fps) from lottie-ios TypeFace test set; animated-in letter, part of a full A-Z set",GitHub: airbnb/lottie-ios,https://github.com/airbnb/lottie-ios/blob/master/Tests/Samples/TypeFace/O.json,https://raw.githubusercontent.com/airbnb/lottie-ios/master/Tests/Samples/TypeFace/O.json,Airbnb / lottie-ios contributors,Apache-2.0,https://github.com/airbnb/lottie-ios/blob/master/LICENSE,True,Apache-2.0 (lottie-ios); keep license notice,json,80,100,1.52,,True,letter; o; kinetic type; glyph; lottie; alphabet,scatter-letters / tumbling letters; assemble words letter by letter,scatter-letters; type-on,medium,False,False,downloaded,Part of a 30-file alphabet set; provenance within repo not stated,True,True,attribution_required,34996,fe46821d620c9dc93e9bc8d767c5a6100c2160d02c2a022f65dd17232e2360c9,,09_PREVIEWS/thumbs/A23637264.jpg,F,,,,
Ac222f26c,07_MOTION_GRAPHICS/lottie/typeface/mg_lottie_typeface_letter_p_001.json,07_MOTION_GRAPHICS,lottie,,,"Animated glyph 'P' (80x100, 25fps) from lottie-ios TypeFace test set; animated-in letter, part of a full A-Z set",GitHub: airbnb/lottie-ios,https://github.com/airbnb/lottie-ios/blob/master/Tests/Samples/TypeFace/P.json,https://raw.githubusercontent.com/airbnb/lottie-ios/master/Tests/Samples/TypeFace/P.json,Airbnb / lottie-ios contributors,Apache-2.0,https://github.com/airbnb/lottie-ios/blob/master/LICENSE,True,Apache-2.0 (lottie-ios); keep license notice,json,80,100,1.32,,True,letter; p; kinetic type; glyph; lottie; alphabet,scatter-letters / tumbling letters; assemble words letter by letter,scatter-letters; type-on,medium,False,False,downloaded,Part of a 30-file alphabet set; provenance within repo not stated,True,True,attribution_required,45827,1dd734ff69d59e6f70564b2345d8c9fbcb826da4d7d7264e232564120a0ec5fd,,09_PREVIEWS/thumbs/Ac222f26c.jpg,F,,,,
Aaa980fed,07_MOTION_GRAPHICS/lottie/typeface/mg_lottie_typeface_letter_q_001.json,07_MOTION_GRAPHICS,lottie,,,"Animated glyph 'Q' (80x100, 25fps) from lottie-ios TypeFace test set; animated-in letter, part of a full A-Z set",GitHub: airbnb/lottie-ios,https://github.com/airbnb/lottie-ios/blob/master/Tests/Samples/TypeFace/Q.json,https://raw.githubusercontent.com/airbnb/lottie-ios/master/Tests/Samples/TypeFace/Q.json,Airbnb / lottie-ios contributors,Apache-2.0,https://github.com/airbnb/lottie-ios/blob/master/LICENSE,True,Apache-2.0 (lottie-ios); keep license notice,json,80,100,1.28,,True,letter; q; kinetic type; glyph; lottie; alphabet,scatter-letters / tumbling letters; assemble words letter by letter,scatter-letters; type-on,medium,False,False,downloaded,Part of a 30-file alphabet set; provenance within repo not stated,True,True,attribution_required,13780,6c3e101d48cd65cbb9af6101ea1c8d61535a0685e0f8e146f5ea84cec8097419,,09_PREVIEWS/thumbs/Aaa980fed.jpg,F,,,,
A1c34716b,07_MOTION_GRAPHICS/lottie/typeface/mg_lottie_typeface_letter_r_001.json,07_MOTION_GRAPHICS,lottie,,,"Animated glyph 'R' (80x100, 25fps) from lottie-ios TypeFace test set; animated-in letter, part of a full A-Z set",GitHub: airbnb/lottie-ios,https://github.com/airbnb/lottie-ios/blob/master/Tests/Samples/TypeFace/R.json,https://raw.githubusercontent.com/airbnb/lottie-ios/master/Tests/Samples/TypeFace/R.json,Airbnb / lottie-ios contributors,Apache-2.0,https://github.com/airbnb/lottie-ios/blob/master/LICENSE,True,Apache-2.0 (lottie-ios); keep license notice,json,80,100,1.36,,True,letter; r; kinetic type; glyph; lottie; alphabet,scatter-letters / tumbling letters; assemble words letter by letter,scatter-letters; type-on,medium,False,False,downloaded,Part of a 30-file alphabet set; provenance within repo not stated,True,True,attribution_required,262967,2312c88a63a3dcd942020522273f35b1fb08c9b2d11f42d88f622dd3ce7c1b9f,,09_PREVIEWS/thumbs/A1c34716b.jpg,F,,,,
A289dcd2e,07_MOTION_GRAPHICS/lottie/typeface/mg_lottie_typeface_letter_s_001.json,07_MOTION_GRAPHICS,lottie,,,"Animated glyph 'S' (80x100, 25fps) from lottie-ios TypeFace test set; animated-in letter, part of a full A-Z set",GitHub: airbnb/lottie-ios,https://github.com/airbnb/lottie-ios/blob/master/Tests/Samples/TypeFace/S.json,https://raw.githubusercontent.com/airbnb/lottie-ios/master/Tests/Samples/TypeFace/S.json,Airbnb / lottie-ios contributors,Apache-2.0,https://github.com/airbnb/lottie-ios/blob/master/LICENSE,True,Apache-2.0 (lottie-ios); keep license notice,json,80,100,1.48,,True,letter; s; kinetic type; glyph; lottie; alphabet,scatter-letters / tumbling letters; assemble words letter by letter,scatter-letters; type-on,medium,False,False,downloaded,Part of a 30-file alphabet set; provenance within repo not stated,True,True,attribution_required,105476,8d058a40c2c1cae23390be2336d94012ca04a6e576db4f271b6bfd24b2a511b8,,09_PREVIEWS/thumbs/A289dcd2e.jpg,F,,,,
Af50ac49f,07_MOTION_GRAPHICS/lottie/typeface/mg_lottie_typeface_letter_t_001.json,07_MOTION_GRAPHICS,lottie,,,"Animated glyph 'T' (80x100, 25fps) from lottie-ios TypeFace test set; animated-in letter, part of a full A-Z set",GitHub: airbnb/lottie-ios,https://github.com/airbnb/lottie-ios/blob/master/Tests/Samples/TypeFace/T.json,https://raw.githubusercontent.com/airbnb/lottie-ios/master/Tests/Samples/TypeFace/T.json,Airbnb / lottie-ios contributors,Apache-2.0,https://github.com/airbnb/lottie-ios/blob/master/LICENSE,True,Apache-2.0 (lottie-ios); keep license notice,json,80,100,1.2,,True,letter; t; kinetic type; glyph; lottie; alphabet,scatter-letters / tumbling letters; assemble words letter by letter,scatter-letters; type-on,medium,False,False,downloaded,Part of a 30-file alphabet set; provenance within repo not stated,True,True,attribution_required,51800,5c3670d2265ac2171726a173ed3bdec5b23bf08779f7aeb486bff6bbe289cc98,,09_PREVIEWS/thumbs/Af50ac49f.jpg,F,,,,
Ab1157cec,07_MOTION_GRAPHICS/lottie/typeface/mg_lottie_typeface_letter_u_001.json,07_MOTION_GRAPHICS,lottie,,,"Animated glyph 'U' (80x100, 25fps) from lottie-ios TypeFace test set; animated-in letter, part of a full A-Z set",GitHub: airbnb/lottie-ios,https://github.com/airbnb/lottie-ios/blob/master/Tests/Samples/TypeFace/U.json,https://raw.githubusercontent.com/airbnb/lottie-ios/master/Tests/Samples/TypeFace/U.json,Airbnb / lottie-ios contributors,Apache-2.0,https://github.com/airbnb/lottie-ios/blob/master/LICENSE,True,Apache-2.0 (lottie-ios); keep license notice,json,80,100,1.0,,True,letter; u; kinetic type; glyph; lottie; alphabet,scatter-letters / tumbling letters; assemble words letter by letter,scatter-letters; type-on,medium,False,False,downloaded,Part of a 30-file alphabet set; provenance within repo not stated,True,True,attribution_required,80224,737a82721e9a7279eb330893c909b86a8073696431634f1289b70aafa5bc6dcd,,09_PREVIEWS/thumbs/Ab1157cec.jpg,F,,,,
A93598e1e,07_MOTION_GRAPHICS/lottie/typeface/mg_lottie_typeface_letter_v_001.json,07_MOTION_GRAPHICS,lottie,,,"Animated glyph 'V' (80x100, 25fps) from lottie-ios TypeFace test set; animated-in letter, part of a full A-Z set",GitHub: airbnb/lottie-ios,https://github.com/airbnb/lottie-ios/blob/master/Tests/Samples/TypeFace/V.json,https://raw.githubusercontent.com/airbnb/lottie-ios/master/Tests/Samples/TypeFace/V.json,Airbnb / lottie-ios contributors,Apache-2.0,https://github.com/airbnb/lottie-ios/blob/master/LICENSE,True,Apache-2.0 (lottie-ios); keep license notice,json,80,100,1.36,,True,letter; v; kinetic type; glyph; lottie; alphabet,scatter-letters / tumbling letters; assemble words letter by letter,scatter-letters; type-on,medium,False,False,downloaded,Part of a 30-file alphabet set; provenance within repo not stated,True,True,attribution_required,115783,d204ece6ea38887ca822525ce29874f6e1be816634e51b48369a92f650ae0af9,,09_PREVIEWS/thumbs/A93598e1e.jpg,F,,,,
A19cdd17b,07_MOTION_GRAPHICS/lottie/typeface/mg_lottie_typeface_letter_w_001.json,07_MOTION_GRAPHICS,lottie,,,"Animated glyph 'W' (80x100, 25fps) from lottie-ios TypeFace test set; animated-in letter, part of a full A-Z set",GitHub: airbnb/lottie-ios,https://github.com/airbnb/lottie-ios/blob/master/Tests/Samples/TypeFace/W.json,https://raw.githubusercontent.com/airbnb/lottie-ios/master/Tests/Samples/TypeFace/W.json,Airbnb / lottie-ios contributors,Apache-2.0,https://github.com/airbnb/lottie-ios/blob/master/LICENSE,True,Apache-2.0 (lottie-ios); keep license notice,json,80,100,1.4,,True,letter; w; kinetic type; glyph; lottie; alphabet,scatter-letters / tumbling letters; assemble words letter by letter,scatter-letters; type-on,medium,False,False,downloaded,Part of a 30-file alphabet set; provenance within repo not stated,True,True,attribution_required,58974,c2aa6d445023f85be7e696e8dbe374f138e23bc4b23f1745bc9591f517944bbc,,09_PREVIEWS/thumbs/A19cdd17b.jpg,F,,,,
Aed28e2cc,07_MOTION_GRAPHICS/lottie/typeface/mg_lottie_typeface_letter_x_001.json,07_MOTION_GRAPHICS,lottie,,,"Animated glyph 'X' (80x100, 25fps) from lottie-ios TypeFace test set; animated-in letter, part of a full A-Z set",GitHub: airbnb/lottie-ios,https://github.com/airbnb/lottie-ios/blob/master/Tests/Samples/TypeFace/X.json,https://raw.githubusercontent.com/airbnb/lottie-ios/master/Tests/Samples/TypeFace/X.json,Airbnb / lottie-ios contributors,Apache-2.0,https://github.com/airbnb/lottie-ios/blob/master/LICENSE,True,Apache-2.0 (lottie-ios); keep license notice,json,80,100,1.16,,True,letter; x; kinetic type; glyph; lottie; alphabet,scatter-letters / tumbling letters; assemble words letter by letter,scatter-letters; type-on,medium,False,False,downloaded,Part of a 30-file alphabet set; provenance within repo not stated,True,True,attribution_required,9291,47fdab3a3171ed42ab72baae6073a57a6f2a8aa89da5811677058d540d2bacca,,09_PREVIEWS/thumbs/Aed28e2cc.jpg,F,,,,
A253e2b7e,07_MOTION_GRAPHICS/lottie/typeface/mg_lottie_typeface_letter_y_001.json,07_MOTION_GRAPHICS,lottie,,,"Animated glyph 'Y' (80x100, 25fps) from lottie-ios TypeFace test set; animated-in letter, part of a full A-Z set",GitHub: airbnb/lottie-ios,https://github.com/airbnb/lottie-ios/blob/master/Tests/Samples/TypeFace/Y.json,https://raw.githubusercontent.com/airbnb/lottie-ios/master/Tests/Samples/TypeFace/Y.json,Airbnb / lottie-ios contributors,Apache-2.0,https://github.com/airbnb/lottie-ios/blob/master/LICENSE,True,Apache-2.0 (lottie-ios); keep license notice,json,80,100,1.16,,True,letter; y; kinetic type; glyph; lottie; alphabet,scatter-letters / tumbling letters; assemble words letter by letter,scatter-letters; type-on,medium,False,False,downloaded,Part of a 30-file alphabet set; provenance within repo not stated,True,True,attribution_required,56487,b16b63ef4382a72eb5c3eff8a6bb47308fc327016f0068f4e1b286a79f0a558f,,09_PREVIEWS/thumbs/A253e2b7e.jpg,F,,,,
Aa107cc47,07_MOTION_GRAPHICS/lottie/typeface/mg_lottie_typeface_letter_z_001.json,07_MOTION_GRAPHICS,lottie,,,"Animated glyph 'Z' (80x100, 25fps) from lottie-ios TypeFace test set; animated-in letter, part of a full A-Z set",GitHub: airbnb/lottie-ios,https://github.com/airbnb/lottie-ios/blob/master/Tests/Samples/TypeFace/Z.json,https://raw.githubusercontent.com/airbnb/lottie-ios/master/Tests/Samples/TypeFace/Z.json,Airbnb / lottie-ios contributors,Apache-2.0,https://github.com/airbnb/lottie-ios/blob/master/LICENSE,True,Apache-2.0 (lottie-ios); keep license notice,json,80,100,1.16,,True,letter; z; kinetic type; glyph; lottie; alphabet,scatter-letters / tumbling letters; assemble words letter by letter,scatter-letters; type-on,medium,False,False,downloaded,Part of a 30-file alphabet set; provenance within repo not stated,True,True,attribution_required,125916,ec211ae41128d32085d55d91955ed7ef9fcbad8037aed0c84d8c4637615ccf52,,09_PREVIEWS/thumbs/Aa107cc47.jpg,F,,,,
A7844ae5b,07_MOTION_GRAPHICS/lottie/typeface/mg_lottie_typeface_punct_apostrophe_001.json,07_MOTION_GRAPHICS,lottie,,,"Animated glyph 'Apostrophe' (80x100, 25fps) from lottie-ios TypeFace test set; animated-in letter, part of a full A-Z set",GitHub: airbnb/lottie-ios,https://github.com/airbnb/lottie-ios/blob/master/Tests/Samples/TypeFace/Apostrophe.json,https://raw.githubusercontent.com/airbnb/lottie-ios/master/Tests/Samples/TypeFace/Apostrophe.json,Airbnb / lottie-ios contributors,Apache-2.0,https://github.com/airbnb/lottie-ios/blob/master/LICENSE,True,Apache-2.0 (lottie-ios); keep license notice,json,56,70,1.36,,True,letter; apostrophe; kinetic type; glyph; lottie; alphabet,scatter-letters / tumbling letters; assemble words letter by letter,scatter-letters; type-on,low,False,False,downloaded,Part of a 30-file alphabet set; provenance within repo not stated,True,True,attribution_required,66823,364cdb0c41b473ddb7f26990ba7f3b92efabfe04e598e1829cc136f3093a92b7,,09_PREVIEWS/thumbs/A7844ae5b.jpg,F,,,,
A822f76ae,07_MOTION_GRAPHICS/lottie/typeface/mg_lottie_typeface_punct_colon_001.json,07_MOTION_GRAPHICS,lottie,,,"Animated glyph 'Colon' (80x100, 25fps) from lottie-ios TypeFace test set; animated-in letter, part of a full A-Z set",GitHub: airbnb/lottie-ios,https://github.com/airbnb/lottie-ios/blob/master/Tests/Samples/TypeFace/Colon.json,https://raw.githubusercontent.com/airbnb/lottie-ios/master/Tests/Samples/TypeFace/Colon.json,Airbnb / lottie-ios contributors,Apache-2.0,https://github.com/airbnb/lottie-ios/blob/master/LICENSE,True,Apache-2.0 (lottie-ios); keep license notice,json,500,600,1.44,,True,letter; colon; kinetic type; glyph; lottie; alphabet,scatter-letters / tumbling letters; assemble words letter by letter,scatter-letters; type-on,low,False,False,downloaded,Part of a 30-file alphabet set; provenance within repo not stated,True,True,attribution_required,24620,2230d9970abe149155bdee7ed9c0db7003521d4f9a7e38d1a829a48cad45b947,,09_PREVIEWS/thumbs/A822f76ae.jpg,F,,,,
A95acc940,07_MOTION_GRAPHICS/lottie/typeface/mg_lottie_typeface_punct_comma_001.json,07_MOTION_GRAPHICS,lottie,,,"Animated glyph 'Comma' (80x100, 25fps) from lottie-ios TypeFace test set; animated-in letter, part of a full A-Z set",GitHub: airbnb/lottie-ios,https://github.com/airbnb/lottie-ios/blob/master/Tests/Samples/TypeFace/Comma.json,https://raw.githubusercontent.com/airbnb/lottie-ios/master/Tests/Samples/TypeFace/Comma.json,Airbnb / lottie-ios contributors,Apache-2.0,https://github.com/airbnb/lottie-ios/blob/master/LICENSE,True,Apache-2.0 (lottie-ios); keep license notice,json,500,600,1.92,,True,letter; comma; kinetic type; glyph; lottie; alphabet,scatter-letters / tumbling letters; assemble words letter by letter,scatter-letters; type-on,low,False,False,downloaded,Part of a 30-file alphabet set; provenance within repo not stated,True,True,attribution_required,15355,0b5eb5651a8f5624e02a3a0dcc505600605d786b63751234e83a96ad3655a171,,09_PREVIEWS/thumbs/A95acc940.jpg,F,,,,
A5f0e1049,07_MOTION_GRAPHICS/overlays/mg_flare_streak_pinpoint_010.png,07_MOTION_GRAPHICS,overlay,,,Small pinpoint horizontal flare streak [orig flare_01.png],GitHub: Calinou/kenney-particle-pack (Kenney Particle Pack 1.1),https://github.com/Calinou/kenney-particle-pack,https://raw.githubusercontent.com/Calinou/kenney-particle-pack/master/addons/kenney_particle_pack/flare_01.png,Kenney Vleugels (Kenney.nl),CC0-1.0,https://creativecommons.org/publicdomain/zero/1.0/,False,,png,512,512,,,True,flare; streak; anamorphic,anamorphic streak across type,star-flare,medium,False,False,downloaded,White-on-transparent; use Screen/Add blend or tint. Credit Kenney.nl optional.,True,True,,39143,7ec33b6648f555b958eee8b3c799d44e76ff0e7516a06525d37911e208373d5b,,09_PREVIEWS/thumbs/A5f0e1049.jpg,F,,,,
Ad7f58dc0,07_MOTION_GRAPHICS/overlays/mg_light_halo_bloom_012.png,07_MOTION_GRAPHICS,overlay,,,Large soft ring bloom [orig light_03.png],GitHub: Calinou/kenney-particle-pack (Kenney Particle Pack 1.1),https://github.com/Calinou/kenney-particle-pack,https://raw.githubusercontent.com/Calinou/kenney-particle-pack/master/addons/kenney_particle_pack/light_03.png,Kenney Vleugels (Kenney.nl),CC0-1.0,https://creativecommons.org/publicdomain/zero/1.0/,False,,png,512,512,,,True,halo; bloom; glow,warm thermal bloom backdrop (tint orange),thermal-glow,medium,False,False,downloaded,White-on-transparent; use Screen/Add blend or tint. Credit Kenney.nl optional.,True,True,,94243,4e5ebf85c0b9b76336037330f6f6003aec0bfba4c266aba4e24f5876c0bd1d96,,09_PREVIEWS/thumbs/Ad7f58dc0.jpg,F,,,,
A68bb1fb1,07_MOTION_GRAPHICS/overlays/mg_light_halo_rings_011.png,07_MOTION_GRAPHICS,overlay,,,Soft concentric halo ring light [orig light_01.png],GitHub: Calinou/kenney-particle-pack (Kenney Particle Pack 1.1),https://github.com/Calinou/kenney-particle-pack,https://raw.githubusercontent.com/Calinou/kenney-particle-pack/master/addons/kenney_particle_pack/light_01.png,Kenney Vleugels (Kenney.nl),CC0-1.0,https://creativecommons.org/publicdomain/zero/1.0/,False,,png,512,512,,,True,halo; ring; light; glow,ripple/pulse ring; bloom around silhouettes,thermal-glow,low,False,False,downloaded,White-on-transparent; use Screen/Add blend or tint. Credit Kenney.nl optional.,True,True,,86592,e15db5a8ccea012f4df82689f1a829bdaac04fd8a3066a723f157e0b01ffbf0a,,09_PREVIEWS/thumbs/A68bb1fb1.jpg,F,,,,
A3a475841,07_MOTION_GRAPHICS/overlays/mg_magic_cross_flare_008.png,07_MOTION_GRAPHICS,overlay,,,Thin cross-shaped flare with soft center [orig magic_04.png],GitHub: Calinou/kenney-particle-pack (Kenney Particle Pack 1.1),https://github.com/Calinou/kenney-particle-pack,https://raw.githubusercontent.com/Calinou/kenney-particle-pack/master/addons/kenney_particle_pack/magic_04.png,Kenney Vleugels (Kenney.nl),CC0-1.0,https://creativecommons.org/publicdomain/zero/1.0/,False,,png,512,512,,,True,flare; cross; streak,anamorphic cross glint,star-flare,medium,False,False,downloaded,White-on-transparent; use Screen/Add blend or tint. Credit Kenney.nl optional.,True,True,,46627,5eb4cb258f1d3ba88588221dbe8d34b39ce94e8c45268ced0cf1a1653c1a71be,,09_PREVIEWS/thumbs/A3a475841.jpg,F,,,,
Af936b511,07_MOTION_GRAPHICS/overlays/mg_magic_diamond_glow_009.png,07_MOTION_GRAPHICS,overlay,,,Diamond-shaped soft glow [orig magic_05.png],GitHub: Calinou/kenney-particle-pack (Kenney Particle Pack 1.1),https://github.com/Calinou/kenney-particle-pack,https://raw.githubusercontent.com/Calinou/kenney-particle-pack/master/addons/kenney_particle_pack/magic_05.png,Kenney Vleugels (Kenney.nl),CC0-1.0,https://creativecommons.org/publicdomain/zero/1.0/,False,,png,512,512,,,True,glow; diamond; sparkle,sparkle on coin; soft bloom,star-flare; thermal-glow,medium,False,False,downloaded,White-on-transparent; use Screen/Add blend or tint. Credit Kenney.nl optional.,True,True,,69579,4df1710412939410a65b60133d4f54abe47d446eaecb9bbdf4528f0060faa63d,,09_PREVIEWS/thumbs/Af936b511.jpg,F,,,,
Aa567683a,07_MOTION_GRAPHICS/overlays/mg_magic_star_ring_007.png,07_MOTION_GRAPHICS,overlay,,,"4-point star ring emblem, hollow circle with points [orig magic_03.png]",GitHub: Calinou/kenney-particle-pack (Kenney Particle Pack 1.1),https://github.com/Calinou/kenney-particle-pack,https://raw.githubusercontent.com/Calinou/kenney-particle-pack/master/addons/kenney_particle_pack/magic_03.png,Kenney Vleugels (Kenney.nl),CC0-1.0,https://creativecommons.org/publicdomain/zero/1.0/,False,,png,512,512,,,True,star; ring; magic; emblem,lens ring flare; loading ring accent,star-flare,medium,False,False,downloaded,White-on-transparent; use Screen/Add blend or tint. Credit Kenney.nl optional.,True,True,,55275,b4702e45c034d9ca22a9c45c051105502ac51e26523740782fd8fd77ebea4b83,,09_PREVIEWS/thumbs/Aa567683a.jpg,F,,,,
Ab9bb259d,07_MOTION_GRAPHICS/overlays/mg_slash_arc_022.png,07_MOTION_GRAPHICS,overlay,,,Crescent slash arc [orig slash_04.png],GitHub: Calinou/kenney-particle-pack (Kenney Particle Pack 1.1),https://github.com/Calinou/kenney-particle-pack,https://raw.githubusercontent.com/Calinou/kenney-particle-pack/master/addons/kenney_particle_pack/slash_04.png,Kenney Vleugels (Kenney.nl),CC0-1.0,https://creativecommons.org/publicdomain/zero/1.0/,False,,png,512,512,,,True,slash; arc; swipe,swipe accent,object-ring,low,False,False,downloaded,White-on-transparent; use Screen/Add blend or tint. Credit Kenney.nl optional.,True,True,,16589,67befde24dc6643eb56573b3a7dbd485ccaaf76c72a545d7074e33ff521ac77c,,09_PREVIEWS/thumbs/Ab9bb259d.jpg,F,,,,
A12d0daa9,07_MOTION_GRAPHICS/overlays/mg_smoke_puff_dense_015.png,07_MOTION_GRAPHICS,overlay,,,Dense textured smoke puff [orig smoke_07.png],GitHub: Calinou/kenney-particle-pack (Kenney Particle Pack 1.1),https://github.com/Calinou/kenney-particle-pack,https://raw.githubusercontent.com/Calinou/kenney-particle-pack/master/addons/kenney_particle_pack/smoke_07.png,Kenney Vleugels (Kenney.nl),CC0-1.0,https://creativecommons.org/publicdomain/zero/1.0/,False,,png,512,512,,,True,smoke; puff; dense,impact puff,object-ring,high,False,False,downloaded,White-on-transparent; use Screen/Add blend or tint. Credit Kenney.nl optional.,True,True,,74367,b18497db9e6acfa194bace6d417e7e2d480df3b54d6d5c9b3e07fabc6398345a,,09_PREVIEWS/thumbs/A12d0daa9.jpg,F,,,,
A963138a2,07_MOTION_GRAPHICS/overlays/mg_smoke_puff_large_014.png,07_MOTION_GRAPHICS,overlay,,,Large billowy smoke puff [orig smoke_04.png],GitHub: Calinou/kenney-particle-pack (Kenney Particle Pack 1.1),https://github.com/Calinou/kenney-particle-pack,https://raw.githubusercontent.com/Calinou/kenney-particle-pack/master/addons/kenney_particle_pack/smoke_04.png,Kenney Vleugels (Kenney.nl),CC0-1.0,https://creativecommons.org/publicdomain/zero/1.0/,False,,png,512,512,,,True,smoke; puff; cloud,collision puff; cloud wipe,object-ring,high,False,False,downloaded,White-on-transparent; use Screen/Add blend or tint. Credit Kenney.nl optional.,True,True,,92360,be2579db131de274567e0e1b5a2e81f9790205f0e68a3c1a038d130a7b24e092,,09_PREVIEWS/thumbs/A963138a2.jpg,F,,,,
Ab1b192ab,07_MOTION_GRAPHICS/overlays/mg_smoke_puff_small_013.png,07_MOTION_GRAPHICS,overlay,,,Small grainy smoke puff [orig smoke_01.png],GitHub: Calinou/kenney-particle-pack (Kenney Particle Pack 1.1),https://github.com/Calinou/kenney-particle-pack,https://raw.githubusercontent.com/Calinou/kenney-particle-pack/master/addons/kenney_particle_pack/smoke_01.png,Kenney Vleugels (Kenney.nl),CC0-1.0,https://creativecommons.org/publicdomain/zero/1.0/,False,,png,512,512,,,True,smoke; puff; burst,burst when pixel objects collide,object-ring,high,False,False,downloaded,White-on-transparent; use Screen/Add blend or tint. Credit Kenney.nl optional.,True,True,,91637,89df665bb2e9a021edad2a9077d2651c44e6c6cd28f3fd38f800c41a5febd2a2,,09_PREVIEWS/thumbs/Ab1b192ab.jpg,F,,,,
A8f5efbac,07_MOTION_GRAPHICS/overlays/mg_smoke_ring_016.png,07_MOTION_GRAPHICS,overlay,,,Smoke ring/donut puff [orig smoke_09.png],GitHub: Calinou/kenney-particle-pack (Kenney Particle Pack 1.1),https://github.com/Calinou/kenney-particle-pack,https://raw.githubusercontent.com/Calinou/kenney-particle-pack/master/addons/kenney_particle_pack/smoke_09.png,Kenney Vleugels (Kenney.nl),CC0-1.0,https://creativecommons.org/publicdomain/zero/1.0/,False,,png,512,512,,,True,smoke; ring; puff,shockwave ring on pop,object-ring,medium,False,False,downloaded,White-on-transparent; use Screen/Add blend or tint. Credit Kenney.nl optional.,True,True,,85495,41d2a384349aa9d9078b0d2857476d007aa04e65c99755d1a68e47cfd787080a,,09_PREVIEWS/thumbs/A8f5efbac.jpg,F,,,,
A1df0a196,07_MOTION_GRAPHICS/overlays/mg_smoke_ring_rough_017.png,07_MOTION_GRAPHICS,overlay,,,Rough smoke ring [orig smoke_10.png],GitHub: Calinou/kenney-particle-pack (Kenney Particle Pack 1.1),https://github.com/Calinou/kenney-particle-pack,https://raw.githubusercontent.com/Calinou/kenney-particle-pack/master/addons/kenney_particle_pack/smoke_10.png,Kenney Vleugels (Kenney.nl),CC0-1.0,https://creativecommons.org/publicdomain/zero/1.0/,False,,png,512,512,,,True,smoke; ring,shockwave ring,object-ring,medium,False,False,downloaded,White-on-transparent; use Screen/Add blend or tint. Credit Kenney.nl optional.,True,True,,88139,49d1874ddf82cc334197e00166befd7e32f86fdc3404fb36418f4d7935e6543d,,09_PREVIEWS/thumbs/A1df0a196.jpg,F,,,,
A235f9867,07_MOTION_GRAPHICS/overlays/mg_spark_bolt_vertical_020.png,07_MOTION_GRAPHICS,overlay,,,Vertical jagged lightning bolt [orig spark_05.png],GitHub: Calinou/kenney-particle-pack (Kenney Particle Pack 1.1),https://github.com/Calinou/kenney-particle-pack,https://raw.githubusercontent.com/Calinou/kenney-particle-pack/master/addons/kenney_particle_pack/spark_05.png,Kenney Vleugels (Kenney.nl),CC0-1.0,https://creativecommons.org/publicdomain/zero/1.0/,False,,png,512,512,,,True,bolt; lightning; jagged,scratchy vertical line accent,glitch-transition,low,False,False,downloaded,White-on-transparent; use Screen/Add blend or tint. Credit Kenney.nl optional.,True,True,,61925,31a0138d1c26c8110eff74fbfcd308439a82ca1e53ccd8fc002528e24fd32c36,,09_PREVIEWS/thumbs/A235f9867.jpg,F,,,,
A4389ff2f,07_MOTION_GRAPHICS/overlays/mg_spark_burst_019.png,07_MOTION_GRAPHICS,overlay,,,Bright electric spark burst [orig spark_02.png],GitHub: Calinou/kenney-particle-pack (Kenney Particle Pack 1.1),https://github.com/Calinou/kenney-particle-pack,https://raw.githubusercontent.com/Calinou/kenney-particle-pack/master/addons/kenney_particle_pack/spark_02.png,Kenney Vleugels (Kenney.nl),CC0-1.0,https://creativecommons.org/publicdomain/zero/1.0/,False,,png,512,512,,,True,spark; burst; electric,impact spark,glitch-transition,low,False,False,downloaded,White-on-transparent; use Screen/Add blend or tint. Credit Kenney.nl optional.,True,True,,96325,7e6272d9ac71494b553b114a0bc40ff4e7dd95749140eb92ce1ada3caef8d19d,,09_PREVIEWS/thumbs/A4389ff2f.jpg,F,,,,
A33c849ff,07_MOTION_GRAPHICS/overlays/mg_spark_lightning_018.png,07_MOTION_GRAPHICS,overlay,,,Electric spark / lightning crackle [orig spark_01.png],GitHub: Calinou/kenney-particle-pack (Kenney Particle Pack 1.1),https://github.com/Calinou/kenney-particle-pack,https://raw.githubusercontent.com/Calinou/kenney-particle-pack/master/addons/kenney_particle_pack/spark_01.png,Kenney Vleugels (Kenney.nl),CC0-1.0,https://creativecommons.org/publicdomain/zero/1.0/,False,,png,512,512,,,True,spark; lightning; electric; glitch,glitch zap accent,glitch-transition,low,False,False,downloaded,White-on-transparent; use Screen/Add blend or tint. Credit Kenney.nl optional.,True,True,,89628,ca5e7eac772d5af176f0d45be34f416908859bf28697c31f3ec7f34609919f53,,09_PREVIEWS/thumbs/A33c849ff.jpg,F,,,,
Abaf4dc45,07_MOTION_GRAPHICS/overlays/mg_star_curved4pt_004.png,07_MOTION_GRAPHICS,overlay,,,Elegant concave-sided 4-point star (twinkle shape) [orig star_07.png],GitHub: Calinou/kenney-particle-pack (Kenney Particle Pack 1.1),https://github.com/Calinou/kenney-particle-pack,https://raw.githubusercontent.com/Calinou/kenney-particle-pack/master/addons/kenney_particle_pack/star_07.png,Kenney Vleugels (Kenney.nl),CC0-1.0,https://creativecommons.org/publicdomain/zero/1.0/,False,,png,512,512,,,True,star; twinkle; sparkle; 4-point,twinkle overlay; tinted red burst behind pixel camera,star-flare,high,False,False,downloaded,White-on-transparent; use Screen/Add blend or tint. Credit Kenney.nl optional.,True,True,,30831,115baf371bb2781e8e925027d5bf4acf779062204d40a72ccc8c7164c65bdbd4,07_MOTION_GRAPHICS/overlays/mg_star_flare_bold4pt_003.png; 07_MOTION_GRAPHICS/overlays/mg_star_flare_soft4pt_001.png,09_PREVIEWS/thumbs/Abaf4dc45.jpg,F,,,,
A9f141f73,07_MOTION_GRAPHICS/overlays/mg_star_flare_bold4pt_003.png,07_MOTION_GRAPHICS,overlay,,,Bold bright 4-point star flare with strong horizontal/vertical streaks [orig star_06.png],GitHub: Calinou/kenney-particle-pack (Kenney Particle Pack 1.1),https://github.com/Calinou/kenney-particle-pack,https://raw.githubusercontent.com/Calinou/kenney-particle-pack/master/addons/kenney_particle_pack/star_06.png,Kenney Vleugels (Kenney.nl),CC0-1.0,https://creativecommons.org/publicdomain/zero/1.0/,False,,png,512,512,,,True,star; flare; 4-point; bright,hero cyan flare sweep; impact flash on cut,star-flare,high,False,False,downloaded,White-on-transparent; use Screen/Add blend or tint. Credit Kenney.nl optional.,True,True,,33593,1eeea29f7a006be4a9682412fefc37087d158b100f60abde99933766870dcba0,07_MOTION_GRAPHICS/overlays/mg_star_curved4pt_004.png,09_PREVIEWS/thumbs/A9f141f73.jpg,F,,,,
A86cfe717,07_MOTION_GRAPHICS/overlays/mg_star_flare_glowburst_006.png,07_MOTION_GRAPHICS,overlay,,,Glowing bright star burst with radial rays [orig star_09.png],GitHub: Calinou/kenney-particle-pack (Kenney Particle Pack 1.1),https://github.com/Calinou/kenney-particle-pack,https://raw.githubusercontent.com/Calinou/kenney-particle-pack/master/addons/kenney_particle_pack/star_09.png,Kenney Vleugels (Kenney.nl),CC0-1.0,https://creativecommons.org/publicdomain/zero/1.0/,False,,png,512,512,,,True,star; burst; glow; flare,bloom flash; scene change flare,star-flare; thermal-glow,medium,False,False,downloaded,White-on-transparent; use Screen/Add blend or tint. Credit Kenney.nl optional.,True,True,,47732,e6c58db1ca5ce4f7cec95c95f9ad60f07664ef32cfa21601da77679bd271496b,,09_PREVIEWS/thumbs/A86cfe717.jpg,F,,,,
A538ca9dd,07_MOTION_GRAPHICS/overlays/mg_star_flare_sharp4pt_002.png,07_MOTION_GRAPHICS,overlay,,,Thin sharp 4-point star glint with soft core [orig star_02.png],GitHub: Calinou/kenney-particle-pack (Kenney Particle Pack 1.1),https://github.com/Calinou/kenney-particle-pack,https://raw.githubusercontent.com/Calinou/kenney-particle-pack/master/addons/kenney_particle_pack/star_02.png,Kenney Vleugels (Kenney.nl),CC0-1.0,https://creativecommons.org/publicdomain/zero/1.0/,False,,png,512,512,,,True,star; flare; glint; sparkle,cyan lens-flare sweep; sparkle on pixel object,star-flare,high,False,False,downloaded,White-on-transparent; use Screen/Add blend or tint. Credit Kenney.nl optional.,True,True,,47233,75f4e34f3f0d8ab1af638961f9913747a3dfd89e42f1c0328be181019ec17d1e,,09_PREVIEWS/thumbs/A538ca9dd.jpg,F,,,,
Ac5565987,07_MOTION_GRAPHICS/overlays/mg_star_flare_soft4pt_001.png,07_MOTION_GRAPHICS,overlay,,,Soft white 4-point anamorphic star flare on transparent; tint cyan in comp [orig star_01.png],GitHub: Calinou/kenney-particle-pack (Kenney Particle Pack 1.1),https://github.com/Calinou/kenney-particle-pack,https://raw.githubusercontent.com/Calinou/kenney-particle-pack/master/addons/kenney_particle_pack/star_01.png,Kenney Vleugels (Kenney.nl),CC0-1.0,https://creativecommons.org/publicdomain/zero/1.0/,False,,png,512,512,,,True,star; flare; 4-point; anamorphic; sparkle,tint #19C8FF and sweep across frame; scale-pop punch on word landing,star-flare,high,False,False,downloaded,White-on-transparent; use Screen/Add blend or tint. Credit Kenney.nl optional.,True,True,,39485,4cd179dbc319bfbe13a685abc6f3f4e8e668f4e1aff828bd86baddf0d20c72a7,07_MOTION_GRAPHICS/overlays/mg_star_curved4pt_004.png,09_PREVIEWS/thumbs/Ac5565987.jpg,F,,,,
A3cd0dba4,07_MOTION_GRAPHICS/overlays/mg_star_flare_spiky8pt_005.png,07_MOTION_GRAPHICS,overlay,,,Spiky 8-ray star burst with ring halo [orig star_08.png],GitHub: Calinou/kenney-particle-pack (Kenney Particle Pack 1.1),https://github.com/Calinou/kenney-particle-pack,https://raw.githubusercontent.com/Calinou/kenney-particle-pack/master/addons/kenney_particle_pack/star_08.png,Kenney Vleugels (Kenney.nl),CC0-1.0,https://creativecommons.org/publicdomain/zero/1.0/,False,,png,512,512,,,True,star; burst; rays; flare,impact burst; glitch flash,star-flare,medium,False,False,downloaded,White-on-transparent; use Screen/Add blend or tint. Credit Kenney.nl optional.,True,True,,25445,806b774dd9f70752dae2c221754b586e303f7b51f7ccbae890a70f286702d302,,09_PREVIEWS/thumbs/A3cd0dba4.jpg,F,,,,
A1799f470,07_MOTION_GRAPHICS/overlays/mg_twirl_swoosh_021.png,07_MOTION_GRAPHICS,overlay,,,Curved motion swoosh arc [orig twirl_01.png],GitHub: Calinou/kenney-particle-pack (Kenney Particle Pack 1.1),https://github.com/Calinou/kenney-particle-pack,https://raw.githubusercontent.com/Calinou/kenney-particle-pack/master/addons/kenney_particle_pack/twirl_01.png,Kenney Vleugels (Kenney.nl),CC0-1.0,https://creativecommons.org/publicdomain/zero/1.0/,False,,png,512,512,,,True,swoosh; arc; motion; trail,motion smear on fast moves; orbit trail,object-ring,medium,False,False,downloaded,White-on-transparent; use Screen/Add blend or tint. Credit Kenney.nl optional.,True,True,,47461,a7031a2250cb2b98ef20ba049940fd7e8f4b4c4ee82000547ea12dd7445c9981,,09_PREVIEWS/thumbs/A1799f470.jpg,F,,,,
Aebaebfad,07_MOTION_GRAPHICS/shapes/mg_shape_blot_black_flower_008.png,07_MOTION_GRAPHICS,svg,,,"Black ink flower-like blot PNG preview alongside (1024w, transparent).",GitHub: Eronred/handy-arrows,https://github.com/Eronred/handy-arrows/blob/main/static/doodles/doodle_8.svg,https://raw.githubusercontent.com/Eronred/handy-arrows/main/static/doodles/doodle_8.svg,DaryaKro (artwork); repo by Eronred,CC-BY-4.0,https://creativecommons.org/licenses/by/4.0/,True,"Hand-drawn art by DaryaKro, via github.com/Eronred/handy-arrows, CC BY 4.0",png,1024,1102,,,True,ink; blot; black; doodle; open-doodles-style,ink blot wipe,ink-wipe,high,False,False,downloaded,PNG render of 07_MOTION_GRAPHICS/shapes/mg_shape_blot_black_flower_008.svg. License derived from CC BY 4.0 link in repo's site UI; repo has no LICENSE file. Vector; animate with stroke-dashoffset/trim paths.,True,True,attribution_required; license_caveat,65307,dd47910e4afef1555394d4469602736076d804931f94da204714accf91776c91,07_MOTION_GRAPHICS/shapes/mg_shape_blot_black_flower_008.svg,09_PREVIEWS/thumbs/Aebaebfad.jpg,F,,,,
A7614e805,07_MOTION_GRAPHICS/shapes/mg_shape_blot_black_flower_008.svg,07_MOTION_GRAPHICS,svg,,,"Black ink flower-like blot PNG preview alongside (1024w, transparent).",GitHub: Eronred/handy-arrows,https://github.com/Eronred/handy-arrows/blob/main/static/doodles/doodle_8.svg,https://raw.githubusercontent.com/Eronred/handy-arrows/main/static/doodles/doodle_8.svg,DaryaKro (artwork); repo by Eronred,CC-BY-4.0,https://creativecommons.org/licenses/by/4.0/,True,"Hand-drawn art by DaryaKro, via github.com/Eronred/handy-arrows, CC BY 4.0",svg,640,688,,,True,ink; blot; black; doodle; open-doodles-style,ink blot wipe,ink-wipe,high,False,False,downloaded,License derived from CC BY 4.0 link in repo's site UI; repo has no LICENSE file. Vector; animate with stroke-dashoffset/trim paths.,True,True,attribution_required; license_caveat,9127,0c1cd06c3b4c115bcc3bb56f66fc0ab45a0b3757344c5e6606975f40a44ddcea,07_MOTION_GRAPHICS/shapes/mg_shape_blot_black_flower_008.png,09_PREVIEWS/thumbs/A7614e805.jpg,F,,,,
A0a21f8b5,07_MOTION_GRAPHICS/shapes/mg_shape_blot_black_splat_018.png,07_MOTION_GRAPHICS,svg,,,"Black ink splat shape PNG preview alongside (1024w, transparent).",GitHub: Eronred/handy-arrows,https://github.com/Eronred/handy-arrows/blob/main/static/doodles/doodle_18.svg,https://raw.githubusercontent.com/Eronred/handy-arrows/main/static/doodles/doodle_18.svg,DaryaKro (artwork); repo by Eronred,CC-BY-4.0,https://creativecommons.org/licenses/by/4.0/,True,"Hand-drawn art by DaryaKro, via github.com/Eronred/handy-arrows, CC BY 4.0",png,1024,951,,,True,ink; splat; black; doodle; open-doodles-style,ink splat on collision,ink-wipe; object-ring,high,False,False,downloaded,PNG render of 07_MOTION_GRAPHICS/shapes/mg_shape_blot_black_splat_018.svg. License derived from CC BY 4.0 link in repo's site UI; repo has no LICENSE file. Vector; animate with stroke-dashoffset/trim paths.,True,True,attribution_required; license_caveat,57816,496b63e62790285e345bf9551cb13c5ef5608075a5849a8e837f76dd11e6c9d3,07_MOTION_GRAPHICS/shapes/mg_shape_blot_black_splat_018.svg,09_PREVIEWS/thumbs/A0a21f8b5.jpg,F,,,,
Aef64734d,07_MOTION_GRAPHICS/shapes/mg_shape_blot_black_splat_018.svg,07_MOTION_GRAPHICS,svg,,,"Black ink splat shape PNG preview alongside (1024w, transparent).",GitHub: Eronred/handy-arrows,https://github.com/Eronred/handy-arrows/blob/main/static/doodles/doodle_18.svg,https://raw.githubusercontent.com/Eronred/handy-arrows/main/static/doodles/doodle_18.svg,DaryaKro (artwork); repo by Eronred,CC-BY-4.0,https://creativecommons.org/licenses/by/4.0/,True,"Hand-drawn art by DaryaKro, via github.com/Eronred/handy-arrows, CC BY 4.0",svg,640,594,,,True,ink; splat; black; doodle; open-doodles-style,ink splat on collision,ink-wipe; object-ring,high,False,False,downloaded,License derived from CC BY 4.0 link in repo's site UI; repo has no LICENSE file. Vector; animate with stroke-dashoffset/trim paths.,True,True,attribution_required; license_caveat,4047,ffe58eca08f956bc2156b3ad48484c71c5acc6e38139633bcfe48ae0ebd803d6,07_MOTION_GRAPHICS/shapes/mg_shape_blot_black_splat_018.png,09_PREVIEWS/thumbs/Aef64734d.jpg,F,,,,
A34e463b3,07_MOTION_GRAPHICS/shapes/mg_shape_blot_black_star_034.png,07_MOTION_GRAPHICS,svg,,,"Black ink spiky splat PNG preview alongside (1024w, transparent).",GitHub: Eronred/handy-arrows,https://github.com/Eronred/handy-arrows/blob/main/static/doodles/doodle_34.svg,https://raw.githubusercontent.com/Eronred/handy-arrows/main/static/doodles/doodle_34.svg,DaryaKro (artwork); repo by Eronred,CC-BY-4.0,https://creativecommons.org/licenses/by/4.0/,True,"Hand-drawn art by DaryaKro, via github.com/Eronred/handy-arrows, CC BY 4.0",png,1024,1024,,,True,ink; splat; spiky; doodle; open-doodles-style,ink splat,ink-wipe,high,False,False,downloaded,PNG render of 07_MOTION_GRAPHICS/shapes/mg_shape_blot_black_star_034.svg. License derived from CC BY 4.0 link in repo's site UI; repo has no LICENSE file. Vector; animate with stroke-dashoffset/trim paths.,True,True,attribution_required; license_caveat,65283,a53f60982e0a3cdbf59ac15edf8d8f5f9ceb9b9f09814c5102541cf56b30a270,07_MOTION_GRAPHICS/shapes/mg_shape_blot_black_star_034.svg,09_PREVIEWS/thumbs/A34e463b3.jpg,F,,,,
Ae3dba03d,07_MOTION_GRAPHICS/shapes/mg_shape_blot_black_star_034.svg,07_MOTION_GRAPHICS,svg,,,"Black ink spiky splat PNG preview alongside (1024w, transparent).",GitHub: Eronred/handy-arrows,https://github.com/Eronred/handy-arrows/blob/main/static/doodles/doodle_34.svg,https://raw.githubusercontent.com/Eronred/handy-arrows/main/static/doodles/doodle_34.svg,DaryaKro (artwork); repo by Eronred,CC-BY-4.0,https://creativecommons.org/licenses/by/4.0/,True,"Hand-drawn art by DaryaKro, via github.com/Eronred/handy-arrows, CC BY 4.0",svg,640,640,,,True,ink; splat; spiky; doodle; open-doodles-style,ink splat,ink-wipe,high,False,False,downloaded,License derived from CC BY 4.0 link in repo's site UI; repo has no LICENSE file. Vector; animate with stroke-dashoffset/trim paths.,True,True,attribution_required; license_caveat,2917,d1410bd0b7171f0b9b4204c156de1372e530f9945fc75f465405cc38af5e7e43,07_MOTION_GRAPHICS/shapes/mg_shape_blot_black_star_034.png,09_PREVIEWS/thumbs/Ae3dba03d.jpg,F,,,,
A3f4d20ea,07_MOTION_GRAPHICS/shapes/mg_shape_squiggle_navy_049.png,07_MOTION_GRAPHICS,svg,,,"Navy squiggle worm line PNG preview alongside (1024w, transparent).",GitHub: Eronred/handy-arrows,https://github.com/Eronred/handy-arrows/blob/main/static/doodles/doodle_49.svg,https://raw.githubusercontent.com/Eronred/handy-arrows/main/static/doodles/doodle_49.svg,DaryaKro (artwork); repo by Eronred,CC-BY-4.0,https://creativecommons.org/licenses/by/4.0/,True,"Hand-drawn art by DaryaKro, via github.com/Eronred/handy-arrows, CC BY 4.0",png,1024,2490,,,True,squiggle; worm; line; doodle; open-doodles-style,decorative wiggle,paper-collage,medium,False,False,downloaded,PNG render of 07_MOTION_GRAPHICS/shapes/mg_shape_squiggle_navy_049.svg. License derived from CC BY 4.0 link in repo's site UI; repo has no LICENSE file. Vector; animate with stroke-dashoffset/trim paths.,True,True,attribution_required; license_caveat,115383,c9f52350a2db60e4f4e611bb19c638bd83a4d4e77367e13d66b05d357a303ee0,07_MOTION_GRAPHICS/shapes/mg_shape_squiggle_navy_049.svg,09_PREVIEWS/thumbs/A3f4d20ea.jpg,F,,,,
A32192d7c,07_MOTION_GRAPHICS/shapes/mg_shape_squiggle_navy_049.svg,07_MOTION_GRAPHICS,svg,,,"Navy squiggle worm line PNG preview alongside (1024w, transparent).",GitHub: Eronred/handy-arrows,https://github.com/Eronred/handy-arrows/blob/main/static/doodles/doodle_49.svg,https://raw.githubusercontent.com/Eronred/handy-arrows/main/static/doodles/doodle_49.svg,DaryaKro (artwork); repo by Eronred,CC-BY-4.0,https://creativecommons.org/licenses/by/4.0/,True,"Hand-drawn art by DaryaKro, via github.com/Eronred/handy-arrows, CC BY 4.0",svg,640,1556,,,True,squiggle; worm; line; doodle; open-doodles-style,decorative wiggle,paper-collage,medium,False,False,downloaded,License derived from CC BY 4.0 link in repo's site UI; repo has no LICENSE file. Vector; animate with stroke-dashoffset/trim paths.,True,True,attribution_required; license_caveat,2701,75b1c93619bc5fe1b0b552f670f87233e062b598b8fccc69c50d6cbce0268599,07_MOTION_GRAPHICS/shapes/mg_shape_squiggle_navy_049.png,09_PREVIEWS/thumbs/A32192d7c.jpg,F,,,,
A3222cb82,07_MOTION_GRAPHICS/shapes/mg_shape_squiggle_red_052.png,07_MOTION_GRAPHICS,svg,,,"Red wavy squiggle line PNG preview alongside (1024w, transparent).",GitHub: Eronred/handy-arrows,https://github.com/Eronred/handy-arrows/blob/main/static/doodles/doodle_52.svg,https://raw.githubusercontent.com/Eronred/handy-arrows/main/static/doodles/doodle_52.svg,DaryaKro (artwork); repo by Eronred,CC-BY-4.0,https://creativecommons.org/licenses/by/4.0/,True,"Hand-drawn art by DaryaKro, via github.com/Eronred/handy-arrows, CC BY 4.0",png,1024,2992,,,True,squiggle; wavy; red; doodle; open-doodles-style,red pen squiggle,paper-collage,high,False,False,downloaded,PNG render of 07_MOTION_GRAPHICS/shapes/mg_shape_squiggle_red_052.svg. License derived from CC BY 4.0 link in repo's site UI; repo has no LICENSE file. Vector; animate with stroke-dashoffset/trim paths.,True,True,attribution_required; license_caveat,128374,07199dee4a5e17d4065deb2897c363005fe76124c294adf3659338cb277f5349,07_MOTION_GRAPHICS/shapes/mg_shape_squiggle_red_052.svg,09_PREVIEWS/thumbs/A3222cb82.jpg,F,,,,
A47470bd4,07_MOTION_GRAPHICS/shapes/mg_shape_squiggle_red_052.svg,07_MOTION_GRAPHICS,svg,,,"Red wavy squiggle line PNG preview alongside (1024w, transparent).",GitHub: Eronred/handy-arrows,https://github.com/Eronred/handy-arrows/blob/main/static/doodles/doodle_52.svg,https://raw.githubusercontent.com/Eronred/handy-arrows/main/static/doodles/doodle_52.svg,DaryaKro (artwork); repo by Eronred,CC-BY-4.0,https://creativecommons.org/licenses/by/4.0/,True,"Hand-drawn art by DaryaKro, via github.com/Eronred/handy-arrows, CC BY 4.0",svg,640,1870,,,True,squiggle; wavy; red; doodle; open-doodles-style,red pen squiggle,paper-collage,high,False,False,downloaded,License derived from CC BY 4.0 link in repo's site UI; repo has no LICENSE file. Vector; animate with stroke-dashoffset/trim paths.,True,True,attribution_required; license_caveat,3185,bd3f3c69afd3964e89443b4353790d8029adc1440f4aacbbbf38e203de88ef5b,07_MOTION_GRAPHICS/shapes/mg_shape_squiggle_red_052.png,09_PREVIEWS/thumbs/A47470bd4.jpg,F,,,,
A59508046,07_MOTION_GRAPHICS/shapes/mg_shape_star_black_016.png,07_MOTION_GRAPHICS,svg,,,"Black ink 4-point star PNG preview alongside (1024w, transparent).",GitHub: Eronred/handy-arrows,https://github.com/Eronred/handy-arrows/blob/main/static/doodles/doodle_16.svg,https://raw.githubusercontent.com/Eronred/handy-arrows/main/static/doodles/doodle_16.svg,DaryaKro (artwork); repo by Eronred,CC-BY-4.0,https://creativecommons.org/licenses/by/4.0/,True,"Hand-drawn art by DaryaKro, via github.com/Eronred/handy-arrows, CC BY 4.0",png,1024,1015,,,True,star; black; ink; doodle; open-doodles-style,ink star stamp,star-flare; ink-wipe,high,False,False,downloaded,PNG render of 07_MOTION_GRAPHICS/shapes/mg_shape_star_black_016.svg. License derived from CC BY 4.0 link in repo's site UI; repo has no LICENSE file. Vector; animate with stroke-dashoffset/trim paths.,True,True,attribution_required; license_caveat,52963,07069e3bd17e6442f25dd36eafde4135d6632b19c6f9125c4c3fdb23e048ae0a,07_MOTION_GRAPHICS/shapes/mg_shape_star_black_016.svg,09_PREVIEWS/thumbs/A59508046.jpg,F,,,,
Af520ba05,07_MOTION_GRAPHICS/shapes/mg_shape_star_black_016.svg,07_MOTION_GRAPHICS,svg,,,"Black ink 4-point star PNG preview alongside (1024w, transparent).",GitHub: Eronred/handy-arrows,https://github.com/Eronred/handy-arrows/blob/main/static/doodles/doodle_16.svg,https://raw.githubusercontent.com/Eronred/handy-arrows/main/static/doodles/doodle_16.svg,DaryaKro (artwork); repo by Eronred,CC-BY-4.0,https://creativecommons.org/licenses/by/4.0/,True,"Hand-drawn art by DaryaKro, via github.com/Eronred/handy-arrows, CC BY 4.0",svg,640,634,,,True,star; black; ink; doodle; open-doodles-style,ink star stamp,star-flare; ink-wipe,high,False,False,downloaded,License derived from CC BY 4.0 link in repo's site UI; repo has no LICENSE file. Vector; animate with stroke-dashoffset/trim paths.,True,True,attribution_required; license_caveat,2302,ccae5afb4f0678b694d555e00d61ce3e5db957524dac9b3f3a9d7b30d2421d4d,07_MOTION_GRAPHICS/shapes/mg_shape_star_black_016.png,09_PREVIEWS/thumbs/Af520ba05.jpg,F,,,,
Ae29e3bd6,07_MOTION_GRAPHICS/shapes/mg_shape_star_navy_054.png,07_MOTION_GRAPHICS,svg,,,"Navy 4-point star PNG preview alongside (1024w, transparent).",GitHub: Eronred/handy-arrows,https://github.com/Eronred/handy-arrows/blob/main/static/doodles/doodle_54.svg,https://raw.githubusercontent.com/Eronred/handy-arrows/main/static/doodles/doodle_54.svg,DaryaKro (artwork); repo by Eronred,CC-BY-4.0,https://creativecommons.org/licenses/by/4.0/,True,"Hand-drawn art by DaryaKro, via github.com/Eronred/handy-arrows, CC BY 4.0",png,1024,913,,,True,star; navy; sparkle; doodle; open-doodles-style,sparkle,star-flare,medium,False,False,downloaded,PNG render of 07_MOTION_GRAPHICS/shapes/mg_shape_star_navy_054.svg. License derived from CC BY 4.0 link in repo's site UI; repo has no LICENSE file. Vector; animate with stroke-dashoffset/trim paths.,True,True,attribution_required; license_caveat,51733,2f29dbc617dae1febccdc6ba16e5c4e1aa62d22b44f27c0c3c332b3ed5758be4,07_MOTION_GRAPHICS/shapes/mg_shape_star_navy_054.svg,09_PREVIEWS/thumbs/Ae29e3bd6.jpg,F,,,,
A8deec555,07_MOTION_GRAPHICS/shapes/mg_shape_star_navy_054.svg,07_MOTION_GRAPHICS,svg,,,"Navy 4-point star PNG preview alongside (1024w, transparent).",GitHub: Eronred/handy-arrows,https://github.com/Eronred/handy-arrows/blob/main/static/doodles/doodle_54.svg,https://raw.githubusercontent.com/Eronred/handy-arrows/main/static/doodles/doodle_54.svg,DaryaKro (artwork); repo by Eronred,CC-BY-4.0,https://creativecommons.org/licenses/by/4.0/,True,"Hand-drawn art by DaryaKro, via github.com/Eronred/handy-arrows, CC BY 4.0",svg,640,571,,,True,star; navy; sparkle; doodle; open-doodles-style,sparkle,star-flare,medium,False,False,downloaded,License derived from CC BY 4.0 link in repo's site UI; repo has no LICENSE file. Vector; animate with stroke-dashoffset/trim paths.,True,True,attribution_required; license_caveat,2346,69d8e21dd9215284ea235ca6d23453ddf0f6190813440fd60fe99180078b34e5,07_MOTION_GRAPHICS/shapes/mg_shape_star_navy_054.png,09_PREVIEWS/thumbs/A8deec555.jpg,F,,,,
Aa9b2daf9,07_MOTION_GRAPHICS/shapes/mg_shape_star_yellow_003.png,07_MOTION_GRAPHICS,svg,,,"Yellow hand-cut 4-point star with dots PNG preview alongside (1024w, transparent).",GitHub: Eronred/handy-arrows,https://github.com/Eronred/handy-arrows/blob/main/static/doodles/doodle_3.svg,https://raw.githubusercontent.com/Eronred/handy-arrows/main/static/doodles/doodle_3.svg,DaryaKro (artwork); repo by Eronred,CC-BY-4.0,https://creativecommons.org/licenses/by/4.0/,True,"Hand-drawn art by DaryaKro, via github.com/Eronred/handy-arrows, CC BY 4.0",png,1024,1148,,,True,star; yellow; sparkle; doodle; open-doodles-style,sparkle sticker,star-flare,high,False,False,downloaded,PNG render of 07_MOTION_GRAPHICS/shapes/mg_shape_star_yellow_003.svg. License derived from CC BY 4.0 link in repo's site UI; repo has no LICENSE file. Vector; animate with stroke-dashoffset/trim paths.,True,True,attribution_required; license_caveat,55003,efb2d9bbf0d04686033e0af721de03ff3fc4644f567a2f41698d10af3c847ed8,07_MOTION_GRAPHICS/shapes/mg_shape_star_yellow_003.svg,09_PREVIEWS/thumbs/Aa9b2daf9.jpg,F,,,,
A19f3b970,07_MOTION_GRAPHICS/shapes/mg_shape_star_yellow_003.svg,07_MOTION_GRAPHICS,svg,,,"Yellow hand-cut 4-point star with dots PNG preview alongside (1024w, transparent).",GitHub: Eronred/handy-arrows,https://github.com/Eronred/handy-arrows/blob/main/static/doodles/doodle_3.svg,https://raw.githubusercontent.com/Eronred/handy-arrows/main/static/doodles/doodle_3.svg,DaryaKro (artwork); repo by Eronred,CC-BY-4.0,https://creativecommons.org/licenses/by/4.0/,True,"Hand-drawn art by DaryaKro, via github.com/Eronred/handy-arrows, CC BY 4.0",svg,640,717,,,True,star; yellow; sparkle; doodle; open-doodles-style,sparkle sticker,star-flare,high,False,False,downloaded,License derived from CC BY 4.0 link in repo's site UI; repo has no LICENSE file. Vector; animate with stroke-dashoffset/trim paths.,True,True,attribution_required; license_caveat,14963,5e72637aab7a907e4426107f0d1062d28882d1addff87327f09809c178ed83a1,07_MOTION_GRAPHICS/shapes/mg_shape_star_yellow_003.png,09_PREVIEWS/thumbs/A19f3b970.jpg,F,,,,
A7f75c62d,07_MOTION_GRAPHICS/shapes/mg_shape_star_yellow_dotted_007.png,07_MOTION_GRAPHICS,svg,,,"Yellow dotted 5-point star blob PNG preview alongside (1024w, transparent).",GitHub: Eronred/handy-arrows,https://github.com/Eronred/handy-arrows/blob/main/static/doodles/doodle_7.svg,https://raw.githubusercontent.com/Eronred/handy-arrows/main/static/doodles/doodle_7.svg,DaryaKro (artwork); repo by Eronred,CC-BY-4.0,https://creativecommons.org/licenses/by/4.0/,True,"Hand-drawn art by DaryaKro, via github.com/Eronred/handy-arrows, CC BY 4.0",png,1024,975,,,True,star; yellow; doodle; open-doodles-style,sticker burst,star-flare,medium,False,False,downloaded,PNG render of 07_MOTION_GRAPHICS/shapes/mg_shape_star_yellow_dotted_007.svg. License derived from CC BY 4.0 link in repo's site UI; repo has no LICENSE file. Vector; animate with stroke-dashoffset/trim paths.,True,True,attribution_required; license_caveat,59007,f211ea79b5fb2fc4e286e5c1c543a9a4f608cdf6c604a17c2236028978490512,07_MOTION_GRAPHICS/shapes/mg_shape_star_yellow_dotted_007.svg,09_PREVIEWS/thumbs/A7f75c62d.jpg,F,,,,
A4c044b19,07_MOTION_GRAPHICS/shapes/mg_shape_star_yellow_dotted_007.svg,07_MOTION_GRAPHICS,svg,,,"Yellow dotted 5-point star blob PNG preview alongside (1024w, transparent).",GitHub: Eronred/handy-arrows,https://github.com/Eronred/handy-arrows/blob/main/static/doodles/doodle_7.svg,https://raw.githubusercontent.com/Eronred/handy-arrows/main/static/doodles/doodle_7.svg,DaryaKro (artwork); repo by Eronred,CC-BY-4.0,https://creativecommons.org/licenses/by/4.0/,True,"Hand-drawn art by DaryaKro, via github.com/Eronred/handy-arrows, CC BY 4.0",svg,640,609,,,True,star; yellow; doodle; open-doodles-style,sticker burst,star-flare,medium,False,False,downloaded,License derived from CC BY 4.0 link in repo's site UI; repo has no LICENSE file. Vector; animate with stroke-dashoffset/trim paths.,True,True,attribution_required; license_caveat,15120,a1eb860f344ca5484e19b2e645c2ecdb102200aac11c950e94dd84a43ffc42a3,07_MOTION_GRAPHICS/shapes/mg_shape_star_yellow_dotted_007.png,09_PREVIEWS/thumbs/A4c044b19.jpg,F,,,,
A0e2abda1,07_MOTION_GRAPHICS/shapes/mg_shape_swoosh_green_020.png,07_MOTION_GRAPHICS,svg,,,"Green glossy crescent PNG preview alongside (1024w, transparent).",GitHub: Eronred/handy-arrows,https://github.com/Eronred/handy-arrows/blob/main/static/doodles/doodle_20.svg,https://raw.githubusercontent.com/Eronred/handy-arrows/main/static/doodles/doodle_20.svg,DaryaKro (artwork); repo by Eronred,CC-BY-4.0,https://creativecommons.org/licenses/by/4.0/,True,"Hand-drawn art by DaryaKro, via github.com/Eronred/handy-arrows, CC BY 4.0",png,1024,768,,,True,swoosh; crescent; green; doodle; open-doodles-style,motion accent,paper-collage,low,False,False,downloaded,PNG render of 07_MOTION_GRAPHICS/shapes/mg_shape_swoosh_green_020.svg. License derived from CC BY 4.0 link in repo's site UI; repo has no LICENSE file. Vector; animate with stroke-dashoffset/trim paths.,True,True,attribution_required; license_caveat,50919,7235e6dea9532e629421824e73eb9f02deca6362cdaac4580cff9ab04936eb6e,07_MOTION_GRAPHICS/shapes/mg_shape_swoosh_green_020.svg,09_PREVIEWS/thumbs/A0e2abda1.jpg,F,,,,
Adff0633a,07_MOTION_GRAPHICS/shapes/mg_shape_swoosh_green_020.svg,07_MOTION_GRAPHICS,svg,,,"Green glossy crescent PNG preview alongside (1024w, transparent).",GitHub: Eronred/handy-arrows,https://github.com/Eronred/handy-arrows/blob/main/static/doodles/doodle_20.svg,https://raw.githubusercontent.com/Eronred/handy-arrows/main/static/doodles/doodle_20.svg,DaryaKro (artwork); repo by Eronred,CC-BY-4.0,https://creativecommons.org/licenses/by/4.0/,True,"Hand-drawn art by DaryaKro, via github.com/Eronred/handy-arrows, CC BY 4.0",svg,640,480,,,True,swoosh; crescent; green; doodle; open-doodles-style,motion accent,paper-collage,low,False,False,downloaded,License derived from CC BY 4.0 link in repo's site UI; repo has no LICENSE file. Vector; animate with stroke-dashoffset/trim paths.,True,True,attribution_required; license_caveat,6435,1466ee063e3e22007ec39b466fb619cd50a1f9f9a697208f8e6880551e977f62,07_MOTION_GRAPHICS/shapes/mg_shape_swoosh_green_020.png,09_PREVIEWS/thumbs/Adff0633a.jpg,F,,,,
Ad24c4364,07_MOTION_GRAPHICS/shapes/mg_shape_swoosh_mint_013.png,07_MOTION_GRAPHICS,svg,,,"Mint crescent swoosh PNG preview alongside (1024w, transparent).",GitHub: Eronred/handy-arrows,https://github.com/Eronred/handy-arrows/blob/main/static/doodles/doodle_13.svg,https://raw.githubusercontent.com/Eronred/handy-arrows/main/static/doodles/doodle_13.svg,DaryaKro (artwork); repo by Eronred,CC-BY-4.0,https://creativecommons.org/licenses/by/4.0/,True,"Hand-drawn art by DaryaKro, via github.com/Eronred/handy-arrows, CC BY 4.0",png,1024,731,,,True,swoosh; crescent; mint; doodle; open-doodles-style,motion accent,paper-collage,low,False,False,downloaded,PNG render of 07_MOTION_GRAPHICS/shapes/mg_shape_swoosh_mint_013.svg. License derived from CC BY 4.0 link in repo's site UI; repo has no LICENSE file. Vector; animate with stroke-dashoffset/trim paths.,True,True,attribution_required; license_caveat,39653,f5157caf84a45bb2baae7ba418d7db38adfcbcc1548aafd35aaa5a577c4dea63,07_MOTION_GRAPHICS/shapes/mg_shape_swoosh_mint_013.svg,09_PREVIEWS/thumbs/Ad24c4364.jpg,F,,,,
A4fb9a00c,07_MOTION_GRAPHICS/shapes/mg_shape_swoosh_mint_013.svg,07_MOTION_GRAPHICS,svg,,,"Mint crescent swoosh PNG preview alongside (1024w, transparent).",GitHub: Eronred/handy-arrows,https://github.com/Eronred/handy-arrows/blob/main/static/doodles/doodle_13.svg,https://raw.githubusercontent.com/Eronred/handy-arrows/main/static/doodles/doodle_13.svg,DaryaKro (artwork); repo by Eronred,CC-BY-4.0,https://creativecommons.org/licenses/by/4.0/,True,"Hand-drawn art by DaryaKro, via github.com/Eronred/handy-arrows, CC BY 4.0",svg,640,457,,,True,swoosh; crescent; mint; doodle; open-doodles-style,motion accent,paper-collage,low,False,False,downloaded,License derived from CC BY 4.0 link in repo's site UI; repo has no LICENSE file. Vector; animate with stroke-dashoffset/trim paths.,True,True,attribution_required; license_caveat,1549,22e0ec0d604be8f1c2fe790271cd14c961a0d52c60c3e343bfb0e28cf0264e50,07_MOTION_GRAPHICS/shapes/mg_shape_swoosh_mint_013.png,09_PREVIEWS/thumbs/A4fb9a00c.jpg,F,,,,
A60f394cb,07_MOTION_GRAPHICS/ui/css_7css/7.css,07_MOTION_GRAPHICS,ui_element,,,Windows-7-Aero-style CSS (glass title bars). 7.scoped.css also saved,npm/GitHub: 7.css,https://github.com/khang-nd/7.css,https://registry.npmjs.org/ (npm pack of package),Khang Nguyen Duy,MIT,https://github.com/khang-nd/7.css/blob/main/LICENSE,True,MIT license notice (LICENSE file kept in folder),css,,,,,,7.css; retro ui; css; window; os,build retro windows/dialogs to screen-record or screenshot; HTML-in-video retro popup,retro-window; type-on,medium,False,False,downloaded,"Source: npm tarball; HTML+CSS asset, not an image.",True,True,attribution_required,80848,7449894044051ef07ed0fc2c2d92178f265f76b0ec4e91de4517f0740bea8379,,09_PREVIEWS/thumbs/A60f394cb.jpg,F,,,,
A7e076963,07_MOTION_GRAPHICS/ui/css_98css/98.css,07_MOTION_GRAPHICS,ui_element,,,"Windows-98-style CSS (grey chrome, blue title bars). Folder also has bundled MS Sans Serif woff fonts (FontStruct by 'lou', CC-BY-SA-3.0, license file included)",npm/GitHub: 98.css,https://github.com/jdan/98.css,https://registry.npmjs.org/ (npm pack of package),jdan,MIT,https://github.com/jdan/98.css/blob/main/LICENSE,True,MIT license notice (LICENSE file kept in folder),css,,,,,,98.css; retro ui; css; window; os,build retro windows/dialogs to screen-record or screenshot; HTML-in-video retro popup,retro-window; type-on,high,False,False,downloaded,"Source: npm tarball; HTML+CSS asset, not an image.",True,True,attribution_required,26848,2201559a3d41c645ca7ca3142d9488e68e6f3d79fb912f5acac6021ac75e66c0,,09_PREVIEWS/thumbs/A7e076963.jpg,F,,,,
A262445f0,07_MOTION_GRAPHICS/ui/css_systemcss/system.css,07_MOTION_GRAPHICS,ui_element,,,"Classic Mac OS (System 6-style) CSS, black-and-white windows. Only CSS + LICENSE saved; fonts (Chicago/ChiKareGo) and Apple logo intentionally NOT included (license unclear / trademark)",npm/GitHub: system.css,https://github.com/sakofchit/system.css,https://registry.npmjs.org/ (npm pack of package),Sakun Acharige,MIT,https://github.com/sakofchit/system.css/blob/main/LICENSE,True,MIT license notice (LICENSE file kept in folder),css,,,,,,system.css; retro ui; css; window; os,build retro windows/dialogs to screen-record or screenshot; HTML-in-video retro popup,retro-window; type-on,high,False,False,downloaded,"Source: npm tarball; HTML+CSS asset, not an image.",True,True,attribution_required,20378,e6dace85c91ae2543ade6fcbe16d550649b22fa4ce615a7c8da9fe79bda4d793,,09_PREVIEWS/thumbs/A262445f0.jpg,F,,,,
Afb16fc5d,07_MOTION_GRAPHICS/ui/css_xpcss/XP.css,07_MOTION_GRAPHICS,ui_element,,,Windows-XP-style CSS (blue Luna title bars). Folder includes bundled MS Sans Serif woff (CC-BY-SA-3.0 by 'lou'),npm/GitHub: XP.css,https://github.com/botoxparty/XP.css,https://registry.npmjs.org/ (npm pack of package),Adam Hammad / Jordan Scales,MIT,https://github.com/botoxparty/XP.css/blob/main/LICENSE,True,MIT license notice (LICENSE file kept in folder),css,,,,,,XP.css; retro ui; css; window; os,build retro windows/dialogs to screen-record or screenshot; HTML-in-video retro popup,retro-window; type-on,high,False,False,downloaded,"Source: npm tarball; HTML+CSS asset, not an image.",True,True,attribution_required,256202,b2a9ff8c8c1a608d7d0aecc707874f2a60af73d891c4a011a29b04a1e1b5c173,,09_PREVIEWS/thumbs/Afb16fc5d.jpg,F,,,,
A15d28738,07_MOTION_GRAPHICS/ui/mg_ui_w7_dialog_001.png,07_MOTION_GRAPHICS,ui_element,,,"Win7 Aero-glass dialog 'are you ready?' with ok/cancel. Transparent background, 2x scale.",Rendered from MIT CSS,https://github.com/khang-nd/7.css,(rendered locally),Rendered from MIT CSS (creator: Khang Nguyen Duy (7.css)); render by Agent F,MIT,https://github.com/khang-nd/7.css/blob/main/LICENSE,True,MIT notice of the CSS library,png,1064,321,,,True,dialog; win7; aero; retro,Glassy dialog card,retro-window,medium,False,False,downloaded,Static screenshot rendered with headless Chromium.,True,True,attribution_required,79959,d7889bdd900361d766286869e6403263249d87dc3b296aac72680abd5fefbcd9,,09_PREVIEWS/thumbs/A15d28738.jpg,F,,,,
A7f7aefb5,07_MOTION_GRAPHICS/ui/mg_ui_w98_blank_window_001.png,07_MOTION_GRAPHICS,ui_element,,,"Blank Win98 window, grey body, transparent outside. Transparent background, 2x scale.",Rendered from MIT CSS (jdan/98.css),https://github.com/jdan/98.css,(rendered locally from css_98css/98.css),Rendered from MIT CSS (creator: jdan / Jordan Scales); render by Agent F,MIT,https://github.com/jdan/98.css/blob/main/LICENSE,True,"98.css (c) 2020 Jordan Scales, MIT",png,1260,714,,,True,retro; window; empty; frame; win98; retro,Put footage/type inside; scale-punch pop-in,retro-window,high,False,False,downloaded,"Static screenshot rendered with headless Chromium; uses bundled MS Sans Serif font (CC-BY-SA-3.0, by 'lou'): credit 'MS Sans Serif FontStruction by lou' if used.",True,True,attribution_required,26443,49d615521bc4c6ae8812843f1d7431261ff14afce58a2952cab0f1c52a5dd089,,09_PREVIEWS/thumbs/A7f7aefb5.jpg,F,,,,
A87df7b8b,07_MOTION_GRAPHICS/ui/mg_ui_w98_dialog_ok_001.png,07_MOTION_GRAPHICS,ui_element,,,"Win98 dialog 'are you ready?' with OK/cancel buttons. Transparent background, 2x scale.",Rendered from MIT CSS (jdan/98.css),https://github.com/jdan/98.css,(rendered locally from css_98css/98.css),Rendered from MIT CSS (creator: jdan / Jordan Scales); render by Agent F,MIT,https://github.com/jdan/98.css/blob/main/LICENSE,True,"98.css (c) 2020 Jordan Scales, MIT",png,940,275,,,True,dialog; ok; cancel; popup; win98; retro,Pop-up text card with OK click; retro-window motif,retro-window,high,False,False,downloaded,"Static screenshot rendered with headless Chromium; uses bundled MS Sans Serif font (CC-BY-SA-3.0, by 'lou'): credit 'MS Sans Serif FontStruction by lou' if used.",True,True,attribution_required,20022,1ed349406f3066350370a7936c21574e22a32909a5f39162c7d05f8e0c2e7270,,09_PREVIEWS/thumbs/A87df7b8b.jpg,F,,,,
A8089df62,07_MOTION_GRAPHICS/ui/mg_ui_w98_error_popup_001.png,07_MOTION_GRAPHICS,ui_element,,,"Win98 error popup with red X icon and OK. Transparent background, 2x scale.",Rendered from MIT CSS (jdan/98.css),https://github.com/jdan/98.css,(rendered locally from css_98css/98.css),Rendered from MIT CSS (creator: jdan / Jordan Scales); render by Agent F,MIT,https://github.com/jdan/98.css/blob/main/LICENSE,True,"98.css (c) 2020 Jordan Scales, MIT",png,1020,311,,,True,error; popup; alert; win98; retro,Glitchy 'error' stinger; stack several for cascade,retro-window,high,False,False,downloaded,"Static screenshot rendered with headless Chromium; uses bundled MS Sans Serif font (CC-BY-SA-3.0, by 'lou'): credit 'MS Sans Serif FontStruction by lou' if used.",True,True,attribution_required,25044,64c3485e809c72c7239c749ccb989fc36a3c1fb18c5782475c1103a273efbf0c,,09_PREVIEWS/thumbs/A8089df62.jpg,F,,,,
Af2caf583,07_MOTION_GRAPHICS/ui/mg_ui_w98_file_explorer_001.png,07_MOTION_GRAPHICS,ui_element,,,"Win98 'my documents' explorer window with tree view. Transparent background, 2x scale.",Rendered from MIT CSS (jdan/98.css),https://github.com/jdan/98.css,(rendered locally from css_98css/98.css),Rendered from MIT CSS (creator: jdan / Jordan Scales); render by Agent F,MIT,https://github.com/jdan/98.css/blob/main/LICENSE,True,"98.css (c) 2020 Jordan Scales, MIT",png,1260,716,,,True,file; explorer; tree; folders; win98; retro,Scrapbook file window listing e.g. love_letters.txt,retro-window,high,False,False,downloaded,"Static screenshot rendered with headless Chromium; uses bundled MS Sans Serif font (CC-BY-SA-3.0, by 'lou'): credit 'MS Sans Serif FontStruction by lou' if used.",True,True,attribution_required,40051,fb9c9bb67174dc7734d78c13459a59bf7ec260020d814c3d6db7e297d308eca2,,09_PREVIEWS/thumbs/Af2caf583.jpg,F,,,,
A7e84b9b5,07_MOTION_GRAPHICS/ui/mg_ui_w98_notepad_cursor_001.png,07_MOTION_GRAPHICS,ui_element,,,"Win98 notepad with typed text and underscore cursor. Transparent background, 2x scale.",Rendered from MIT CSS (jdan/98.css),https://github.com/jdan/98.css,(rendered locally from css_98css/98.css),Rendered from MIT CSS (creator: jdan / Jordan Scales); render by Agent F,MIT,https://github.com/jdan/98.css/blob/main/LICENSE,True,"98.css (c) 2020 Jordan Scales, MIT",png,1260,536,,,True,notepad; text; type-on; cursor; win98; retro,Type-on question text with blinking cursor,retro-window,high,False,False,downloaded,"Static screenshot rendered with headless Chromium; uses bundled MS Sans Serif font (CC-BY-SA-3.0, by 'lou'): credit 'MS Sans Serif FontStruction by lou' if used.",True,True,attribution_required,38390,cc846e468ede664f07e6c97ffbcebf92f882c13227fef55ad04981ed3e51e382,,09_PREVIEWS/thumbs/A7e84b9b5.jpg,F,,,,
A41549c36,07_MOTION_GRAPHICS/ui/mg_ui_w98_progress_bar_001.png,07_MOTION_GRAPHICS,ui_element,,,"Win98 loading window with solid and segmented progress bars. Transparent background, 2x scale.",Rendered from MIT CSS (jdan/98.css),https://github.com/jdan/98.css,(rendered locally from css_98css/98.css),Rendered from MIT CSS (creator: jdan / Jordan Scales); render by Agent F,MIT,https://github.com/jdan/98.css/blob/main/LICENSE,True,"98.css (c) 2020 Jordan Scales, MIT",png,1100,351,,,True,progress; loading; bar; win98; retro,Loading transition; animate bar in comp,retro-window,high,False,False,downloaded,"Static screenshot rendered with headless Chromium; uses bundled MS Sans Serif font (CC-BY-SA-3.0, by 'lou'): credit 'MS Sans Serif FontStruction by lou' if used.",True,True,attribution_required,24608,d379c0e2b97ba001e7ac797fe384d393e812d0f9f292c8dfe953e13d19238301,,09_PREVIEWS/thumbs/A41549c36.jpg,F,,,,
Ad785f9f7,07_MOTION_GRAPHICS/ui/mg_ui_w98_tabs_form_001.png,07_MOTION_GRAPHICS,ui_element,,,"Win98 settings window with tabs and checkboxes (film grain / vignette). Transparent background, 2x scale.",Rendered from MIT CSS (jdan/98.css),https://github.com/jdan/98.css,(rendered locally from css_98css/98.css),Rendered from MIT CSS (creator: jdan / Jordan Scales); render by Agent F,MIT,https://github.com/jdan/98.css/blob/main/LICENSE,True,"98.css (c) 2020 Jordan Scales, MIT",png,1100,290,,,True,settings; checkbox; tabs; win98; retro,Meta joke UI for grain/vignette toggles,retro-window,high,False,False,downloaded,"Static screenshot rendered with headless Chromium; uses bundled MS Sans Serif font (CC-BY-SA-3.0, by 'lou'): credit 'MS Sans Serif FontStruction by lou' if used.",True,True,attribution_required,21686,dee877b43c24b8b7b2bd3985613bb6ca578e096b7325c552da914519e4cca39f,,09_PREVIEWS/thumbs/Ad785f9f7.jpg,F,,,,
Adc2258d7,07_MOTION_GRAPHICS/ui/mg_ui_wxp_blank_window_001.png,07_MOTION_GRAPHICS,ui_element,,,"Blank WinXP Luna window, transparent outside. Transparent background, 2x scale.",Rendered from MIT CSS,https://github.com/botoxparty/XP.css,(rendered locally),Rendered from MIT CSS (creator: Adam Hammad / Jordan Scales (XP.css)); render by Agent F,MIT,https://github.com/botoxparty/XP.css/blob/main/LICENSE,True,MIT notice of the CSS library,png,1248,714,,,True,retro; window; xp; retro,Empty XP frame for footage,retro-window,high,False,False,downloaded,Static screenshot rendered with headless Chromium.,True,True,attribution_required,14120,1b3955a618f5c6969aaef86d7610b6c9fbe558ebb6b86b6cd5253c6103673e36,,09_PREVIEWS/thumbs/Adc2258d7.jpg,F,,,,
A74e5387f,07_MOTION_GRAPHICS/ui/mg_ui_wxp_error_popup_001.png,07_MOTION_GRAPHICS,ui_element,,,"WinXP 'are you sure' dialog with yes/no. Transparent background, 2x scale.",Rendered from MIT CSS,https://github.com/botoxparty/XP.css,(rendered locally),Rendered from MIT CSS (creator: Adam Hammad / Jordan Scales (XP.css)); render by Agent F,MIT,https://github.com/botoxparty/XP.css/blob/main/LICENSE,True,MIT notice of the CSS library,png,1008,270,,,True,dialog; xp; popup; retro,Yes/No popup card,retro-window,high,False,False,downloaded,Static screenshot rendered with headless Chromium.,True,True,attribution_required,20865,81e218138d376bf2dffbe3dfc5dc844d00f2613c058391e30f2e95996878e328,,09_PREVIEWS/thumbs/A74e5387f.jpg,F,,,,
A62f86aa1,08_TEXTURES/tx_blue_noise_gray_256_002.png,08_TEXTURES,texture,,,256px tileable grayscale blue-noise,GitHub: Calinou/free-blue-noise-textures,https://github.com/Calinou/free-blue-noise-textures,https://raw.githubusercontent.com/Calinou/free-blue-noise-textures/master/256_256/LDR_LLL1_0.png,Christoph Peters (moments in graphics); repo by Calinou,CC0-1.0,https://creativecommons.org/publicdomain/zero/1.0/,False,,png,256,256,,,True,blue noise; grain; noise; tileable; dither,tiny-tile grain overlay; tile to cover frame,loop-bg,medium,False,True,downloaded,Grayscale/tileable; offset randomly each frame for animated grain feel. Not film-photographic grain. Copy of COPYING.txt in folder.,True,True,low_res,99216,90564273ed872da744aa7cc87d81b0090c7103eab2f223225c357909b41da803,,09_PREVIEWS/thumbs/A62f86aa1.jpg,F,,,,
A52d019fe,08_TEXTURES/tx_blue_noise_gray_512_003.png,08_TEXTURES,texture,,,512px tileable grayscale blue-noise,GitHub: Calinou/free-blue-noise-textures,https://github.com/Calinou/free-blue-noise-textures,https://raw.githubusercontent.com/Calinou/free-blue-noise-textures/master/512_512/LDR_LLL1_0.png,Christoph Peters (moments in graphics); repo by Calinou,CC0-1.0,https://creativecommons.org/publicdomain/zero/1.0/,False,,png,512,512,,,True,blue noise; grain; noise; tileable; dither,grain overlay layer; animate by random offset per frame,loop-bg,medium,False,False,downloaded,Grayscale/tileable; offset randomly each frame for animated grain feel. Not film-photographic grain. Copy of COPYING.txt in folder.,True,True,,392823,df6f9a6ed8eaaeaa5d082b00c01397205920e6d4b6c485808d1db2da7f083843,,09_PREVIEWS/thumbs/A52d019fe.jpg,F,,,,
Aa774878e,08_TEXTURES/tx_blue_noise_rgba_1024_001.png,08_TEXTURES,texture,,,1024px tileable RGBA blue-noise texture (4 uncorrelated channels),GitHub: Calinou/free-blue-noise-textures,https://github.com/Calinou/free-blue-noise-textures,https://raw.githubusercontent.com/Calinou/free-blue-noise-textures/master/1024_1024/LDR_RGBA_0.png,Christoph Peters (moments in graphics); repo by Calinou,CC0-1.0,https://creativecommons.org/publicdomain/zero/1.0/,False,,png,1024,1024,,,True,blue noise; grain; noise; tileable; dither,"fine digital grain overlay (screen/overlay blend, tile), dither, noise displacement",loop-bg,medium,False,False,downloaded,Grayscale/tileable; offset randomly each frame for animated grain feel. Not film-photographic grain. Copy of COPYING.txt in folder.,True,True,,4202841,54ad95664c4e751aa31d449291f1e7af0731fed996b76b663e2fe0a53e118e65,,09_PREVIEWS/thumbs/Aa774878e.jpg,F,,,,
A42e638e4,08_TEXTURES/tx_dust_blotches_003.png,08_TEXTURES,texture,,,Large dirt blotch cluster with fine specks [orig dirt_03.png],GitHub: Calinou/kenney-particle-pack (Kenney Particle Pack 1.1),https://github.com/Calinou/kenney-particle-pack,https://raw.githubusercontent.com/Calinou/kenney-particle-pack/master/addons/kenney_particle_pack/dirt_03.png,Kenney Vleugels (Kenney.nl),CC0-1.0,https://creativecommons.org/publicdomain/zero/1.0/,False,,png,512,512,,,True,dust; dirt; blotches; grime,ink-speckle/grime overlay,paper-collage; ink-wipe,high,False,False,downloaded,White-on-transparent; use Screen/Add blend or tint. Credit Kenney.nl optional.,True,True,,112585,b69e01c33350424079ecd9788879ebac1736251605071e0db435ecfe22eb6a81,,09_PREVIEWS/thumbs/A42e638e4.jpg,F,,,,
Ae1e53139,08_TEXTURES/tx_dust_specks_001.png,08_TEXTURES,texture,,,Scattered dirt/dust specks cluster on transparent [orig dirt_01.png],GitHub: Calinou/kenney-particle-pack (Kenney Particle Pack 1.1),https://github.com/Calinou/kenney-particle-pack,https://raw.githubusercontent.com/Calinou/kenney-particle-pack/master/addons/kenney_particle_pack/dirt_01.png,Kenney Vleugels (Kenney.nl),CC0-1.0,https://creativecommons.org/publicdomain/zero/1.0/,False,,png,512,512,,,True,dust; dirt; specks,"dust overlay layer (scale up, screen mode)",paper-collage,high,False,False,downloaded,White-on-transparent; use Screen/Add blend or tint. Credit Kenney.nl optional.,True,True,,46129,5dc794d1cde78d48b92b538f3fb4eedc47edefb636724df00d9815c15b4dc987,,09_PREVIEWS/thumbs/Ae1e53139.jpg,F,,,,
A3b647786,08_TEXTURES/tx_dust_specks_002.png,08_TEXTURES,texture,,,Dirt/dust specks cluster variant [orig dirt_02.png],GitHub: Calinou/kenney-particle-pack (Kenney Particle Pack 1.1),https://github.com/Calinou/kenney-particle-pack,https://raw.githubusercontent.com/Calinou/kenney-particle-pack/master/addons/kenney_particle_pack/dirt_02.png,Kenney Vleugels (Kenney.nl),CC0-1.0,https://creativecommons.org/publicdomain/zero/1.0/,False,,png,512,512,,,True,dust; dirt; specks,dust overlay,paper-collage,high,False,False,downloaded,White-on-transparent; use Screen/Add blend or tint. Credit Kenney.nl optional.,True,True,,52813,ffd9d893775a42fa9d9d471cdd6d6fed15ed6ebf266f227274cd3ffeea7eaf05,,09_PREVIEWS/thumbs/A3b647786.jpg,F,,,,
Ab2fa6b38,08_TEXTURES/tx_gen_film_grain_loop_001.mp4,08_TEXTURES,texture,,,2s 1920x1080 24fps mid-grey temporal+uniform noise plate (std ~0.07). Use Overlay/Soft-Light/Linear-Light blend for animated film grain. Seamless loop not guaranteed.,generated in-house (ffmpeg),,,generated in-house (ffmpeg),CC0 (self-made),https://creativecommons.org/publicdomain/zero/1.0/,False,,mp4,1920,1080,2.0,,False,film grain; noise; overlay; loop; grey plate,full-frame animated grain via overlay blend; lo-fi capture texture,loop-bg,high,False,False,downloaded,Generated in-house (ffmpeg noise filter) under the brief's procedural exception (genuine search found no CC0 grain loop on GitHub). H.264 crf27.,True,True,,15188184,a967fef37585ec5853e098414d6a1ec8d82056dbc2a5682302bbf87a3606c6db,,09_PREVIEWS/thumbs/Ab2fa6b38.jpg,F,,,False,
A3cddbf71,08_TEXTURES/tx_gen_paper_noise_001.png,08_TEXTURES,texture,,,1920x1080 off-white (#E6E4E3-ish) paper plate with fine noise; slightly cool/pink tint from per-channel noise,generated in-house (ffmpeg),,,generated in-house (ffmpeg),CC0 (self-made),https://creativecommons.org/publicdomain/zero/1.0/,False,,png,1920,1080,,,False,paper; off-white; noise; background; canvas,off-white canvas base; multiply under white-canvas parade,paper-collage; white-canvas-parade,medium,False,False,downloaded,"Generated in-house (ffmpeg noise) under procedural exception; flat noise, not real fibre paper. 3 of max 5 generated plates used.",True,True,,3567023,d4cd130654149a223794031e520a11c7e41b289b96ae8fd06b594d716c6f62d8,,09_PREVIEWS/thumbs/A3cddbf71.jpg,F,,,,
A6ae69f33,08_TEXTURES/tx_gen_vignette_001.png,08_TEXTURES,texture,,,"1920x1080 black radial vignette with alpha (transparent centre, ~90% black corners)",generated in-house (ffmpeg),,,generated in-house (ffmpeg),CC0 (self-made),https://creativecommons.org/publicdomain/zero/1.0/,False,,png,1920,1080,,,True,vignette; dark edges; overlay; alpha,drop over any shot for vignette; darken corners on paper canvases,thermal-glow,high,False,False,downloaded,Generated in-house (ffmpeg geq) under procedural exception.,True,True,,206885,77ce1dc2f8eb4d6927c27eb0bb8accbcbdc30db3ab5698357ee533b016508bf1,,09_PREVIEWS/thumbs/A6ae69f33.jpg,F,,,,
A1cc7b61d,08_TEXTURES/tx_scratch_diagonal_001.png,08_TEXTURES,texture,,,Three diagonal light scratches on transparent [orig scratch_01.png],GitHub: Calinou/kenney-particle-pack (Kenney Particle Pack 1.1),https://github.com/Calinou/kenney-particle-pack,https://raw.githubusercontent.com/Calinou/kenney-particle-pack/master/addons/kenney_particle_pack/scratch_01.png,Kenney Vleugels (Kenney.nl),CC0-1.0,https://creativecommons.org/publicdomain/zero/1.0/,False,,png,512,512,,,True,scratch; film; damage,film-damage overlay accent,glitch-transition,medium,False,False,downloaded,White-on-transparent; use Screen/Add blend or tint. Credit Kenney.nl optional.,True,True,,61785,8ef43e57056e4d5dcf10739806cc43bb9cd14221c997c79b6c1680c5a1838443,,09_PREVIEWS/thumbs/A1cc7b61d.jpg,F,,,,
L1174ef20,,01_VIDEO,video,,,Free abstract VJ loops (2K/3K renders plus Blender files) released CC0,Monmouth University: Mantissa Free VJ Loops,https://animation.monmouth.edu/instruct/resources/mantissa-vj-loops/,,Monmouth University animation program,"CC0-1.0 (per page, unverified)",,False,,,,,,,False,abstract; vj; loops; cc0; blender; generative,loop-bg abstract plates,loop-bg; glitch-transition,high,False,False,not_downloaded,"host blocked by sandbox network policy; found via WebSearch, license/format not verified by download",,,link_only,,,,,A,,,,
L22564b92,,01_VIDEO,gif,,,Pack of ~50 pixel-art GIFs marked CC0 with sources included,itch.io: Pixel art Gifs,https://kazerlelutin.itch.io/pixel-art-gifs,,kazerlelutin,"CC0-1.0 (per search snippet, unverified)",,False,,,,,,,False,pixel; gif; cc0; loops,pixel-to-real inserts,pixel-to-real; object-ring,high,False,False,not_downloaded,host blocked by sandbox network policy; page URL from WebSearch,,,link_only,,,,,A,,,,
L6d6f3356,,01_VIDEO,gif,,,"Pulsing pixel music notes GIF, matches the red music notes in the vinyl card",OpenGameArt: music notes gif,https://opengameart.org/content/music-notes-gif,,OpenGameArt contributor,"CC0-1.0 (per search snippet, unverified)",,False,,,,,,,False,pixel; music; notes; gif; vinyl,curiosity card music notes,pixel-to-real; star-flare,high,False,False,not_downloaded,host blocked by sandbox network policy; page URL from WebSearch,,,link_only,,,,,A,,,,
Leb060727,,01_VIDEO,gif,,,Newtons cradle GIF (satisfying motion) - strong visual fit,GitHub: imageio/imageio-binaries,https://github.com/imageio/imageio-binaries/blob/master/images/newtonscradle.gif,,imageio contributors,license unclear,,False,,,,,,,False,newtons; cradle; pendulum; satisfying; gif,object-ring physics moment,object-ring; loop-bg,high,False,False,not_downloaded,"license unclear: repo license covers FreeImage binaries, no per-asset license for sample media; not downloaded. Same for cockatoo.mp4 and realshort.mp4 in images/",,,link_only,,,,,A,,,,
Lb440df8b,,01_VIDEO,video,,,"Vintage ephemeral/educational films, strong nostalgic texture; pick item pages individually on archive.org",Prelinger Archives (public domain films) via Internet Archive,https://creativecommons.org/learn/features/rick,,Prelinger Archives,"Public domain (mostly, per item)",,False,,,,,,,False,prelinger; vintage; public; domain; film; retro,retro-window cutaways,retro-window; match-cut,medium,False,False,not_downloaded,"host blocked by sandbox network policy (archive.org); no specific item URL obtained via search, URL is a CC article about the archive",,,link_only,,,,,A,,,,
L0b5658f8,,02_PHOTOGRAPHY,photo,,,"Crowded Times Square at night, signs and crowd",Flickr: sofuegoproductions,https://www.flickr.com/photos/134527582@N03/19708582693,,sofuegoproductions,CC0-1.0,https://creativecommons.org/publicdomain/zero/1.0/,False,,,,,,,False,times square; night; neon,cutout object on paper canvas,white-canvas-parade; paper-collage,medium,False,False,not_downloaded,host blocked by sandbox network policy. Also in tessellatum repo (SOURCES.md); skipped download because of brand signage. Flickr blocked.,,,link_only,,,,,B,,,,
L8a222c3e,,02_PHOTOGRAPHY,photo,,,Coffee bean on transparent background (cutout PNG),Wikimedia Commons,https://commons.wikimedia.org/wiki/File:Coffee_bean_transparent.png,,Chiccodoro,CC-BY-SA-2.0,https://creativecommons.org/licenses/by-sa/2.0/,True,,,,,,,True,coffee bean; cutout; transparent,cutout object on paper canvas,white-canvas-parade; paper-collage,medium,False,False,not_downloaded,"host blocked by sandbox network policy. Transparent PNG; attribution + share-alike required. URL taken from a third-party candidate list, not fetched.",,,link_only,,,,,B,,,,
Ldd10b93d,,02_PHOTOGRAPHY,photo,,,Flowerit 5 Gray (cutout flower PNG with alpha),Wikimedia Commons,https://commons.wikimedia.org/wiki/File:Flowerit_5_Gray.png,,Unknown,CC0-1.0,https://creativecommons.org/publicdomain/zero/1.0/,False,,,,,,,True,flower; cutout; transparent,cutout object on paper canvas,white-canvas-parade; paper-collage,medium,False,False,not_downloaded,"host blocked by sandbox network policy. URL taken from third-party candidate list, not fetched.",,,link_only,,,,,B,,,,
L53d458bf,,02_PHOTOGRAPHY,photo,,,Bupropion molecule spacefill (transparent render),Wikimedia Commons,https://commons.wikimedia.org/wiki/File:Bupropion_molecule_spacefill.png,,Jynto,CC0-1.0,https://creativecommons.org/publicdomain/zero/1.0/,False,,,,,,,True,molecule; cutout; transparent; 3d,cutout object on paper canvas,white-canvas-parade; paper-collage,medium,False,False,not_downloaded,"host blocked by sandbox network policy. Render rather than photo; URL from third-party list, not fetched.",,,link_only,,,,,B,,,,
L1c42ce75,,02_PHOTOGRAPHY,photo,,,Category of objects photographed on transparent background (browse for cutouts),Wikimedia Commons,https://commons.wikimedia.org/wiki/Category:Objects_with_transparent_background,,Various,Per-file (check each),https://commons.wikimedia.org/wiki/Commons:Licensing,False,,,,,,,True,cutout; transparent; objects,cutout object on paper canvas,white-canvas-parade; paper-collage,medium,False,False,not_downloaded,host blocked by sandbox network policy. Category page; license varies per file. Not fetched.,,,link_only,,,,,B,,,,
L5b2376fe,,02_PHOTOGRAPHY,photo,,,Silhouette Reflections (Unsplash) original on Commons - already downloaded locally from repo copy,Wikimedia Commons,https://commons.wikimedia.org/wiki/File:Silhouette_Reflections_(Unsplash).jpg,,Niklas Siemens,CC0-1.0,https://creativecommons.org/publicdomain/zero/1.0/,False,,,,,,,False,sunset; silhouette,cutout object on paper canvas,white-canvas-parade; paper-collage,medium,False,False,not_downloaded,host blocked by sandbox network policy. Full-res original may exist on Commons; local copy is downscaled to 2048px.,,,link_only,,,,,B,,,,
L82d737e5,,04_ILLUSTRATIONS,illustration,,,"Open Doodles (Pablo Stanley) sketchy SVG/PNG illustrations: Hand-drawn doodle people/objects; upstream CC0, but only reachable via blocked site; npm wrapper react-open-doodles is MIT with art embedded in JS and no CC0 file, so not extracted.",www.opendoodles.com,https://www.opendoodles.com,https://www.opendoodles.com,,CC0-1.0,,False,,,,,,,,pixel; pack,,object-ring,medium,False,False,not_downloaded,license unclear in reachable mirror; host blocked by sandbox network policy,,,link_only,,,,,C,,,,
L44d79d97,,03_PIXEL_ART,pixel_art,,,Kenney 1-Bit Platformer Pack (400 pixel tiles): Monochrome 16px pixel tiles by Kenney,kenney-assets.itch.io,https://kenney-assets.itch.io/1-bit-platformer-pack,https://kenney-assets.itch.io/1-bit-platformer-pack,,CC0-1.0,,False,,,,,,,,pixel; pack,,object-ring,medium,False,False,not_downloaded,host blocked by sandbox network policy; no GitHub mirror found,,,link_only,,,,,C,,,,
L6a18fac6,,03_PIXEL_ART,pixel_art,,,OpenGameArt CC0 Food Icons (16/24/32px): Pixel food icons,opengameart.org,https://opengameart.org/content/cc0-food-icons,https://opengameart.org/content/cc0-food-icons,,CC0-1.0,,False,,,,,,,,pixel; pack,,object-ring,medium,False,False,not_downloaded,host blocked by sandbox network policy,,,link_only,,,,,C,,,,
L680a6ab4,,03_PIXEL_ART,pixel_art,,,Pixel Art Icons by tstamborski on itch.io: Same author as the downloaded GitHub set,tstamborski.itch.io,https://tstamborski.itch.io/pixel-art-icons,https://tstamborski.itch.io/pixel-art-icons,,CC0-1.0,,False,,,,,,,,pixel; pack,,object-ring,medium,False,False,not_downloaded,already downloaded via GitHub; link-only duplicate for reference,,,link_only,,,,,C,,,,
Lf75c660b,,05_MUSIC,music,4 Chiptunes Adventure (Chiptune Adventures),Juhani Junkala (SubspaceAudio),"4 Chiptunes Adventure (Chiptune Adventures) - 4-track CC0 chiptune pack, OGG and WAV",OpenGameArt,https://opengameart.org/content/4-chiptunes-adventure,,Juhani Junkala (SubspaceAudio),CC0-1.0 (per OpenGameArt listing),https://creativecommons.org/publicdomain/zero/1.0/,False,,,,,,,,chiptune; 8-bit; cc0; adventure,reference/pitch; licence or re-source if chosen,beat-sync-montage,high,False,False,not_downloaded,"FIT: CC0 8-bit adventure chiptunes would match the pixel art and need no attribution. NOT DOWNLOADED: host blocked by sandbox network policy; license per search snippet only, re-verify on page",,,link_only,,,,,D,,,,
L38fdbb8e,,05_MUSIC,music,5 Chiptunes (Action),Juhani Junkala (SubspaceAudio),5 Chiptunes (Action) - 5 action chiptune tracks pack,OpenGameArt,https://opengameart.org/node/55580,,Juhani Junkala (SubspaceAudio),CC0-1.0 (per OpenGameArt listing),https://creativecommons.org/publicdomain/zero/1.0/,False,,,,,,,,chiptune; 8-bit; action; cc0,reference/pitch; licence or re-source if chosen,beat-sync-montage,high,False,False,not_downloaded,"FIT: High-energy CC0 chiptune action tracks for fast montages, matches pixel-art. NOT DOWNLOADED: host blocked by sandbox network policy; listing says 49.6 MB zip",,,link_only,,,,,D,,,,
L9b5ac196,,05_MUSIC,music,Helice Incredible Adventure (album),Komiku,"Helice Incredible Adventure (album) - Fantasy disco RPG battle music pack, mp3 + MIDI",OpenGameArt,https://opengameart.org/node/96795,,Komiku,CC0-1.0 (per uploader copyright notice),https://creativecommons.org/publicdomain/zero/1.0/,False,,,,,,,,komiku; cc0; chiptune; rpg; disco,reference/pitch; licence or re-source if chosen,beat-sync-montage,medium,False,False,not_downloaded,FIT: Komiku's CC0 chip-flavoured RPG tracks; playful and use-anywhere. NOT DOWNLOADED: host blocked by sandbox network policy; ~145 MB mp3 zip would exceed quota anyway,,,link_only,,,,,D,,,,
L0747c42f,,05_MUSIC,music,Resistor Anthems (album),Eric Skiff,"Resistor Anthems (album) - 8-bit chiptune album, CC BY 3.0",ericskiff.com,https://ericskiff.com/music/,,Eric Skiff,CC-BY-3.0,https://creativecommons.org/licenses/by/3.0/,True,"Music: [Track name] by Eric Skiff, https://ericskiff.com/music/ (CC BY 3.0)",,,,,,,chiptune; 8-bit; eric; skiff; anthem,reference/pitch; licence or re-source if chosen,beat-sync-montage,high,False,False,not_downloaded,FIT: Iconic upbeat 8-bit anthems; ideal energetic chiptune for fast pixel-art montages. NOT DOWNLOADED: host blocked by sandbox network policy (ericskiff.com),,,link_only,,,,,D,,,,
Le30cbd14,,05_MUSIC,music,Monkeys Spinning Monkeys,Kevin MacLeod,Monkeys Spinning Monkeys - Playful bouncy instrumental (CC BY),Incompetech,https://incompetech.com/music/royalty-free/,,Kevin MacLeod,CC-BY-4.0,https://creativecommons.org/licenses/by/4.0/,True,"Music: ""Monkeys Spinning Monkeys"" by Kevin MacLeod (incompetech.com), CC BY 4.0",,,,,,,kevin; macleod; playful; bouncy; social,reference/pitch; licence or re-source if chosen,beat-sync-montage,medium,False,False,not_downloaded,"FIT: Playful, bouncy comedic instrumental widely used in short-form social video. NOT DOWNLOADED: host blocked by sandbox network policy (incompetech.com); exact track URL and BPM not verified (SUPERSEDED: downloaded in 016+ from godot-demo-projects, CC-BY 3.0)",,,link_only,,,,,D,,,,
Lde70b39b,,05_MUSIC,music,bodenstaendig 2000 in rock 4bit,Bodenstaendig 2000 (4-bit chiptune cover),bodenstaendig 2000 in rock 4bit - 4-bit chiptune track bundled in Phaser examples,GitHub: phaserjs/examples,https://github.com/phaserjs/examples/tree/master/public/3.55/assets/audio,,Bodenstaendig 2000 (4-bit chiptune cover),unclear,,False,,,,,,,,chiptune; 4-bit; rock,reference/pitch; licence or re-source if chosen,beat-sync-montage,medium,False,False,not_downloaded,FIT: Raw 4-bit chiptune energy; fits pixel art if a license can be established. NOT DOWNLOADED: license unclear (Phaser examples audio has no per-track license); NOT downloaded,,,link_only,,,,,D,,,,
L875372a2,,05_MUSIC,music,Harvest Sky (feat. underscores),Oklou,"Harvest Sky (feat. underscores) - Oklou single from Choke Enough (2025), 3:53",Wikipedia / True Panther,https://en.wikipedia.org/wiki/Harvest_Sky,,Oklou,commercial — requires purchase/sync license,,False,,,,,233,135,,oklou; hyperpop; ambient; electronic,reference/pitch; licence or re-source if chosen,beat-sync-montage,high,False,False,not_downloaded,"FIT: Hyper-pop meets ambient club textures; warm, youthful, experimental; the right mood for a reference-level target (BPM from Hooktheory). NOT DOWNLOADED: commercial license — requires purchase/sync license",,,link_only,,,,,D,,,,
L5ead145c,,05_MUSIC,music,Flamingo,Kero Kero Bonito,"Flamingo - Early single, sparse beat and panflute sample",Wikipedia,https://en.wikipedia.org/wiki/Kero_Kero_Bonito,,Kero Kero Bonito,commercial — requires purchase/sync license,,False,,,,,,,,kkb; playful; bubblegum; minimal,reference/pitch; licence or re-source if chosen,beat-sync-montage,high,False,False,not_downloaded,FIT: Playful minimalist schoolyard-pop with sparse beat and sample hooks; the youthful internet-scrapbook mood. NOT DOWNLOADED: commercial license — requires purchase/sync license; BPM/duration not verified,,,link_only,,,,,D,,,,
L600ba262,,05_MUSIC,music,Sacred Frequencies (EP),Machinedrum,"Sacred Frequencies (EP) - 4-track footwork EP, Planet Mu 2011",Planet Mu,https://planet.mu/?p=1127,,Machinedrum,commercial — requires purchase/sync license,,False,,,,,,160,,machinedrum; footwork; jungle; percussion,reference/pitch; licence or re-source if chosen,beat-sync-montage,high,False,False,not_downloaded,FIT: Footwork/jungle rhythm EP at ~160 BPM = double of the reference ~80; experimental rhythmic percussion for fast cuts (EP-level tempo per Planet Mu). NOT DOWNLOADED: commercial license — requires purchase/sync license,,,link_only,,,,,D,,,,
L7df78d8d,,06_SOUND_EFFECTS,sfx,,,"512 Sound Effects (8-bit style) - Juhani Junkala/SubspaceAudio: 512 retro 8-bit SFX: jumps, coins, blips, explosions; 44.1k mono WAV",opengameart.org,https://opengameart.org/content/512-sound-effects-8-bit-style,https://opengameart.org/content/512-sound-effects-8-bit-style,Juhani Junkala/SubspaceAudio,CC0-1.0,https://opengameart.org/content/512-sound-effects-8-bit-style,False,,,,,,,,8-bit; coin; jump; blip,see description,object-ring,medium,False,False,not_downloaded,host blocked by sandbox network policy. Link from web-search listing; license not independently re-verified.,,,link_only,,,,,E,,,,
L8cf089c3,,06_SOUND_EFFECTS,sfx,,,"Level up, power up, coin get (13 sounds) - WobbleBoxx: 13 retro pickup/power-up jingles",opengameart.org,https://opengameart.org/content/level-up-power-up-coin-get-13-sounds,https://opengameart.org/content/level-up-power-up-coin-get-13-sounds,WobbleBoxx,CC0-1.0,https://opengameart.org/content/level-up-power-up-coin-get-13-sounds,False,,,,,,,,coin; powerup; 8-bit,see description,object-ring,medium,False,False,not_downloaded,host blocked by sandbox network policy. Link from web-search listing; license not independently re-verified.,,,link_only,,,,,E,,,,
L6de5b21a,,06_SOUND_EFFECTS,sfx,,,"8-Bit Sound Effect Pack Vol. 001 - Deva: 46 WAVs: coins, jumps, powerups (author requests credit, not required)",opengameart.org,https://opengameart.org/content/8-bit-sound-effect-pack-vol-001,https://opengameart.org/content/8-bit-sound-effect-pack-vol-001,Deva,CC0-1.0,https://opengameart.org/content/8-bit-sound-effect-pack-vol-001,False,,,,,,,,8-bit; coin; jump,see description,object-ring,medium,False,False,not_downloaded,host blocked by sandbox network policy. Link from web-search listing; license not independently re-verified.,,,link_only,,,,,E,,,,
Lf69ff904,,06_SOUND_EFFECTS,sfx,,,wierd whooshes - OpenGameArt: Odd stylised whooshes; check listing license before use,opengameart.org,https://opengameart.org/content/wierd-whooshes,https://opengameart.org/content/wierd-whooshes,OpenGameArt,unverified (listing not opened),https://opengameart.org/content/wierd-whooshes,False,,,,,,,,whoosh; weird,see description,object-ring,medium,False,False,not_downloaded,host blocked by sandbox network policy. Link from web-search listing; license not independently re-verified.,,,link_only,,,,,E,,,,
Le87281cf,,06_SOUND_EFFECTS,sfx,,,SSE Library: SWOOSHES - USC Sunset Editorial: Large WAV library of swishes/whooshes,archive.org,https://archive.org/details/SSE_Library_SWOOSHES,https://archive.org/details/SSE_Library_SWOOSHES,USC Sunset Editorial,CC0-1.0 (per search listing),https://archive.org/details/SSE_Library_SWOOSHES,False,,,,,,,,swish; whoosh; wav,see description,object-ring,medium,False,False,not_downloaded,host blocked by sandbox network policy. Link from web-search listing; license not independently re-verified.,,,link_only,,,,,E,,,,
L8dd4a8d5,,06_SOUND_EFFECTS,sfx,,,"Glitches and Errors Sound Effects - Tagirijus: 30 glitch/error sounds in WAV/OGG/FLAC; attribution required, no resale",tagirijus.itch.io,https://tagirijus.itch.io/glitches-and-errors-sound-effects,https://tagirijus.itch.io/glitches-and-errors-sound-effects,Tagirijus,CC-BY-4.0,https://tagirijus.itch.io/glitches-and-errors-sound-effects,True,Credit creator per listing,,,,,,,glitch; error; digital,see description,glitch-transition,medium,False,False,not_downloaded,host blocked by sandbox network policy. Link from web-search listing; license not independently re-verified.,,,link_only,,,,,E,,,,
L3565e644,,06_SOUND_EFFECTS,sfx,,,"UI buttons + GLITCHES sound effects pack - pknm: 20 UI sounds plus 10 glitched chunks, 16-bit 44.1k WAV; attribution required",pknm.itch.io,https://pknm.itch.io/ui-buttons-sound-effects-pack,https://pknm.itch.io/ui-buttons-sound-effects-pack,pknm,CC-BY-4.0,https://pknm.itch.io/ui-buttons-sound-effects-pack,True,Credit creator per listing,,,,,,,glitch; ui; button,see description,glitch-transition,medium,False,False,not_downloaded,host blocked by sandbox network policy. Link from web-search listing; license not independently re-verified.,,,link_only,,,,,E,,,,
L58709dbf,,06_SOUND_EFFECTS,sfx,,,free sfx pack vol 3 - HZSMITH: 75 UI/sound-design SFX in WAV/MP3/OGG,hzsmith.itch.io,https://hzsmith.itch.io/free-sfx-pack-vol-3,https://hzsmith.itch.io/free-sfx-pack-vol-3,HZSMITH,CC0-1.0,https://hzsmith.itch.io/free-sfx-pack-vol-3,False,,,,,,,,ui; sound design,see description,object-ring,medium,False,False,not_downloaded,host blocked by sandbox network policy. Link from web-search listing; license not independently re-verified.,,,link_only,,,,,E,,,,
Lf20d40f6,,06_SOUND_EFFECTS,sfx,,,Kenney Interface Sounds - original OGG on OpenGameArt: Original OGG source of the Interface Sounds pack (we hold Calinou WAV conversion),opengameart.org,https://opengameart.org/content/interface-sounds,https://opengameart.org/content/interface-sounds,original OGG on OpenGameArt,CC0-1.0,https://opengameart.org/content/interface-sounds,False,,,,,,,,ui; kenney,see description,object-ring,medium,False,False,not_downloaded,host blocked by sandbox network policy. Link from web-search listing; license not independently re-verified.,,,link_only,,,,,E,,,,
